{"type":"FeatureCollection","crs":{"type":"name","properties":{"name":"EPSG:4326"}},"features":[{"type":"Feature","id":1,"geometry":{"type":"Polygon","coordinates":[[[-122.647657423704,47.4031462251877],[-122.642525321619,47.4031345694307],[-122.637129483693,47.4032674071063],[-122.634901162474,47.4033194659172],[-122.634010517181,47.4033402480608],[-122.63061251899,47.4034207292254],[-122.62678993662,47.4035167294452],[-122.626084667009,47.403534632993],[-122.625953007794,47.4035373722321],[-122.625513190974,47.4035343966775],[-122.625033576188,47.4035311594646],[-122.6247159882,47.4035290164716],[-122.621078067166,47.4035044288735],[-122.614602485594,47.4035139801345],[-122.610498627511,47.4035200038929],[-122.5995904367,47.4035455771663],[-122.588924442191,47.4036240208531],[-122.573122800845,47.403466553348],[-122.569958991142,47.4034303388378],[-122.567692408873,47.4034043151051],[-122.562371268541,47.4034177413121],[-122.557083875534,47.4034198774592],[-122.551622198525,47.4035223167875],[-122.537810627708,47.403765778053],[-122.538680353473,47.4017694828451],[-122.539206096258,47.400103316486],[-122.539586677245,47.3968400171246],[-122.539704636875,47.3955238070224],[-122.539688202344,47.3950923562624],[-122.539658965802,47.3943248008458],[-122.539449674746,47.393242999403],[-122.538901707052,47.3921098819427],[-122.538347251811,47.3908056673404],[-122.536990531319,47.3883155226262],[-122.53619045026,47.3871868142328],[-122.535142536829,47.3861767763346],[-122.533923642226,47.385089865272],[-122.531821522919,47.3828984490786],[-122.529452241545,47.3803116009678],[-122.528059558856,47.3790790551339],[-122.527516302088,47.3780601340023],[-122.527391038986,47.3769768407793],[-122.527509739023,47.3756606233487],[-122.527880144266,47.3743400083957],[-122.528507006673,47.3731292427422],[-122.529886433357,47.3717911744228],[-122.531745712028,47.3698159582416],[-122.533484352348,47.3668716678802],[-122.53540153117,47.3642099490359],[-122.537484218196,47.3614880249275],[-122.538714218756,47.3594292731822],[-122.539381448144,47.3583123666014],[-122.540562701569,47.3562119667241],[-122.54193369471,47.352474029953],[-122.542837429926,47.3497156524337],[-122.543396185535,47.3467348639623],[-122.54331346753,47.3445651284799],[-122.543056371918,47.3422270561152],[-122.542635363578,47.3400062035319],[-122.541870012635,47.3375629309689],[-122.541755445451,47.337261326852],[-122.5410292862,47.3353494558411],[-122.539943186082,47.3333116953492],[-122.538446078577,47.3315096235325],[-122.536714037776,47.330168804999],[-122.534734922922,47.3289466306004],[-122.532529264335,47.3279568688601],[-122.531575526502,47.3275433369489],[-122.525920612566,47.3250910540163],[-122.521764879735,47.3232885905612],[-122.516223114686,47.3211568003275],[-122.510450812506,47.3196000332973],[-122.50998739324,47.3195186343695],[-122.503346462474,47.3183517415847],[-122.498369278933,47.3178090699264],[-122.49407862196,47.3176544549838],[-122.492876634821,47.317675117551],[-122.493976734943,47.3113154556694],[-122.493635723621,47.3111474741732],[-122.491346742151,47.3100174731977],[-122.489820703959,47.3092504674431],[-122.484134723994,47.3064574851152],[-122.476994674418,47.302933487224],[-122.472652660781,47.3007895095038],[-122.46623266546,47.2976214998083],[-122.443331601621,47.2861225357986],[-122.442031592545,47.2871225598989],[-122.439631573649,47.2848225618037],[-122.439765579871,47.2846485588286],[-122.437843543961,47.2810875497455],[-122.437059520254,47.2750745450345],[-122.43739549287,47.2717855408622],[-122.437602512094,47.2685595429244],[-122.437694487936,47.2681675319514],[-122.437723476307,47.2680475305833],[-122.43872746811,47.2638105354151],[-122.440322755452,47.2620804194635],[-122.440432117391,47.2621301736657],[-122.440023657283,47.2615384432472],[-122.43989989335,47.2614087107199],[-122.43946460251,47.2610215763852],[-122.439159268383,47.2605739874075],[-122.43919579182,47.2605624329648],[-122.439291382941,47.2604329235036],[-122.439518587484,47.2607685287938],[-122.439625263777,47.2609001368259],[-122.439686358282,47.2609598603012],[-122.439760215802,47.2610193420565],[-122.439858219846,47.2610871130728],[-122.43994927826,47.261137640435],[-122.440056083014,47.2611835706271],[-122.44018181296,47.2612248234884],[-122.440339312695,47.2612634052206],[-122.440424328039,47.2612793413569],[-122.4404361506,47.2612806456511],[-122.440603465923,47.261299102575],[-122.440700950317,47.261297825708],[-122.440795955925,47.2612926145162],[-122.440982834766,47.2612623880095],[-122.441328629348,47.261178404908],[-122.441221453894,47.2609005225971],[-122.441018022121,47.2602087953051],[-122.440974058365,47.2600056556833],[-122.44098859381,47.2599230011347],[-122.440981964901,47.259827673604],[-122.440914680291,47.2595967322686],[-122.440823362942,47.2593629294456],[-122.440790037477,47.2592333578889],[-122.440490558948,47.2587048250881],[-122.440416120005,47.2585846078328],[-122.440339106426,47.2584800381032],[-122.440436493535,47.2584773369108],[-122.440739308506,47.2584396006401],[-122.441538038795,47.259660278127],[-122.442267310124,47.2594321924697],[-122.442000162317,47.2590406290468],[-122.442657947155,47.2588355693197],[-122.443318130133,47.2586278864936],[-122.443964794253,47.2584230057119],[-122.444622470666,47.2582153573164],[-122.445293846581,47.258011260475],[-122.445612040373,47.257926712818],[-122.445820067608,47.2578868805521],[-122.446338227115,47.2578313335093],[-122.447068703359,47.2577554311658],[-122.450021690849,47.2574463449659],[-122.451455355611,47.2572968957079],[-122.452890599042,47.2571489659945],[-122.45432218958,47.256999351945],[-122.455759398056,47.2568504748323],[-122.457182972631,47.2567012901406],[-122.458620942892,47.2565460571725],[-122.460054005739,47.2563956612],[-122.461487056337,47.2562440403149],[-122.463004698149,47.2560925868969],[-122.463640524962,47.2557560829116],[-122.463909678983,47.2556446711227],[-122.464237645237,47.2555520353665],[-122.464514910684,47.2555038095723],[-122.464688456018,47.2554810656795],[-122.465053380551,47.2554452007787],[-122.46595284091,47.2554522897428],[-122.46713819971,47.2554500729256],[-122.46832427961,47.255444486138],[-122.469090065451,47.2554432904807],[-122.470226494051,47.2554424774926],[-122.471355865689,47.2554414440877],[-122.472485719773,47.2554403645803],[-122.473404377522,47.2554337944725],[-122.473607641683,47.2554075957789],[-122.474181470612,47.2552898440523],[-122.474798012873,47.2552667461432],[-122.476269361242,47.2552687469409],[-122.477744768242,47.2552715102082],[-122.479220065676,47.2552713220657],[-122.480690897483,47.255273440366],[-122.482166851437,47.2552768233259],[-122.483635362449,47.2552694828106],[-122.48511354924,47.2552798108526],[-122.486583037656,47.2552858263411],[-122.488982091487,47.2552936640532],[-122.490456024934,47.2553108535914],[-122.491661597175,47.255314812473],[-122.494283412613,47.2553172288589],[-122.496011187862,47.2553198298119],[-122.497853529669,47.2553323035794],[-122.499169793143,47.2553339190517],[-122.500726127654,47.2553461275676],[-122.503803761136,47.2553663431619],[-122.505121847096,47.2553767447832],[-122.510294071355,47.2554025253134],[-122.511218459096,47.2553982158106],[-122.511729843882,47.2554005237928],[-122.513012514137,47.2554062958944],[-122.513842828308,47.2554230184263],[-122.514115011705,47.2554283229428],[-122.514349391755,47.2554320913215],[-122.515934387612,47.255423028058],[-122.515801786219,47.2540251805603],[-122.515801782643,47.2540182938],[-122.515801765475,47.2539839219671],[-122.515801642902,47.2537381480837],[-122.515827482403,47.2520928514847],[-122.515847367858,47.2500121952253],[-122.515775439624,47.2470296536998],[-122.515743021395,47.2451124278174],[-122.515719477577,47.2440184462959],[-122.515717421353,47.2434969292162],[-122.515762659804,47.2433202329344],[-122.515783037466,47.2432215024711],[-122.515944292199,47.2427913493379],[-122.517055182616,47.2427852780539],[-122.517424001851,47.2427830183104],[-122.526312494213,47.24272820574],[-122.529869228124,47.2426999488236],[-122.532783844815,47.2426936602606],[-122.533060371435,47.2426930596726],[-122.534396494095,47.2426898058625],[-122.535725156374,47.242686257499],[-122.537053777839,47.242682694883],[-122.539756612132,47.2426819590819],[-122.540880258592,47.2426829777147],[-122.541558680962,47.2426815781712],[-122.542360493922,47.2426906415104],[-122.545016870876,47.2426796879205],[-122.546925517167,47.2426796168123],[-122.547665162675,47.2426847779724],[-122.548207334026,47.2426873663137],[-122.548996301505,47.2426911257559],[-122.551500134285,47.2426802816393],[-122.552990575008,47.242687304632],[-122.55328007241,47.2426886665074],[-122.553715202106,47.2426902755558],[-122.555120721307,47.2426929508469],[-122.556212788572,47.2426950177461],[-122.556704280088,47.2426971229006],[-122.556958726158,47.2426982254337],[-122.55780708657,47.2426869379748],[-122.558163923503,47.2427304838577],[-122.559325458445,47.2427478734186],[-122.560177389707,47.2427407037524],[-122.559976235026,47.2457351097927],[-122.561420598488,47.2458013443276],[-122.56543359894,47.2468213413846],[-122.575534592338,47.2295212983203],[-122.587259307951,47.2202357021182],[-122.593853639484,47.2150112582547],[-122.600534644466,47.2097202316533],[-122.622135724839,47.2092202329933],[-122.637666794355,47.2215102510113],[-122.67533796412,47.2513203163216],[-122.71123904569,47.2305192566654],[-122.713760035393,47.2251442450581],[-122.716539034383,47.2192192555567],[-122.731405081286,47.2067692226654],[-122.732539056939,47.2058192121811],[-122.731039039301,47.1995192007144],[-122.711032963524,47.1959582112715],[-122.720421991598,47.188780176955],[-122.72263399592,47.1870901983177],[-122.741946000555,47.1668551558446],[-122.748985032247,47.1594801527528],[-122.750198014862,47.1582091486051],[-122.751190013274,47.1547541430049],[-122.75973802206,47.1460591009655],[-122.759368007816,47.1386231393127],[-122.760258274261,47.1393189108767],[-122.761733694203,47.1407566444442],[-122.762782925473,47.1420237314075],[-122.763792015987,47.1435776795836],[-122.764748952196,47.1451328609331],[-122.765309401472,47.1459946116229],[-122.766253851926,47.1472637219844],[-122.76783208454,47.1486277217225],[-122.769570093043,47.1500601802385],[-122.771086688136,47.1512106875437],[-122.772224715995,47.1520825068957],[-122.773427050943,47.1532391897622],[-122.774033788803,47.1539426309037],[-122.774908262272,47.1547839516863],[-122.775987621733,47.1555137380799],[-122.777618582999,47.1568767352743],[-122.77846987186,47.157417948085],[-122.779771388069,47.1584294614859],[-122.781125193963,47.1594400931384],[-122.782703637651,47.1608038663995],[-122.783968298232,47.1621738182191],[-122.785459130541,47.1639328924455],[-122.787182338989,47.1662237803731],[-122.788625220543,47.1680909285112],[-122.789640111412,47.1697518754844],[-122.790208220812,47.1707779616146],[-122.791152658114,47.1720112206296],[-122.792145891747,47.1731718323503],[-122.794040035948,47.1745291998458],[-122.795357352636,47.1754116450017],[-122.797194343979,47.1766627951355],[-122.799352011782,47.1780506664159],[-122.801523601365,47.1797601837235],[-122.802830849755,47.1806749493897],[-122.803362371671,47.1810468617988],[-122.804990242691,47.182302222477],[-122.806829188722,47.1835890090119],[-122.808820916415,47.1847654155382],[-122.809948990055,47.1853865964282],[-122.811617065551,47.1863547871075],[-122.813512166788,47.1877118293002],[-122.815613336003,47.1889932368934],[-122.817675149977,47.1905615086986],[-122.818712278759,47.1912490794365],[-122.819796048103,47.1920498941974],[-122.820511451963,47.1928225670307],[-122.821351988856,47.1940575106084],[-122.821663727861,47.1951958961529],[-122.821876290437,47.1976953803433],[-122.822077084344,47.199909012906],[-122.82221737697,47.2019450221268],[-122.822507795263,47.2037992068755],[-122.822621856359,47.2052276936793],[-122.822877790212,47.2062955217538],[-122.823258949954,47.2078259750558],[-122.823688309344,47.2092623370648],[-122.824191563456,47.2111837199744],[-122.824634316104,47.2129275341257],[-122.825166686877,47.2143117897245],[-122.825529362407,47.2154133157506],[-122.825926078563,47.2165252368159],[-122.825947434998,47.2165852057147],[-122.826395131156,47.2172201006987],[-122.826810126798,47.217574723846],[-122.827049380362,47.2177791961041],[-122.828024588111,47.2184749568482],[-122.829105956191,47.2192043949787],[-122.830457561727,47.2201070270508],[-122.831648758648,47.2209415603979],[-122.832633394296,47.221851724732],[-122.833854113751,47.223365026971],[-122.835516562146,47.2253703123665],[-122.837181312326,47.2274256130165],[-122.838025366803,47.2287320116661],[-122.838770048394,47.2301477140535],[-122.839418457759,47.2317800152018],[-122.840064310425,47.233340692071],[-122.840536704961,47.2345472559291],[-122.840935529735,47.2352545636776],[-122.841326014244,47.2357832581391],[-122.842391486643,47.2373354355664],[-122.843389038825,47.2385313619994],[-122.844327638516,47.239585349134],[-122.845166342993,47.2407488464647],[-122.845997229706,47.2417334958469],[-122.846843801926,47.2430754385714],[-122.847514833776,47.2440062379459],[-122.848225067787,47.2446355636494],[-122.84915288914,47.2454394445109],[-122.850032071351,47.2463157848665],[-122.850743939507,47.246981050065],[-122.851401932108,47.2476114173566],[-122.852065720834,47.2483847880222],[-122.85262690065,47.2491960885603],[-122.853080961876,47.2499737410536],[-122.853500393627,47.2511456712339],[-122.853719226854,47.2518792506224],[-122.853807956026,47.2521765860112],[-122.854125381219,47.2534220661916],[-122.854284880175,47.2546707833064],[-122.85435226207,47.256207317728],[-122.854159099477,47.2577851326831],[-122.853905232363,47.2591852079561],[-122.85351267804,47.2610173860599],[-122.853300731421,47.2621805548821],[-122.85288399885,47.2646570794541],[-122.852355760757,47.266992713987],[-122.851631687887,47.2696542756276],[-122.850992397572,47.2718490292278],[-122.850440569034,47.2736485671789],[-122.849876104697,47.2751622496833],[-122.849549399638,47.2760988663033],[-122.849257743137,47.2766413645139],[-122.848857809075,47.2771143853802],[-122.846667019692,47.27869682693],[-122.845100701074,47.2801378381024],[-122.843683404394,47.2813826066251],[-122.842623055003,47.2819749143788],[-122.841061194562,47.2827494582279],[-122.839156587351,47.2833592800961],[-122.836918596279,47.2840330641159],[-122.834342342819,47.2846563470324],[-122.832023189507,47.2853887468963],[-122.829740584493,47.2862736320297],[-122.829380077647,47.2864133845131],[-122.82692729022,47.2879482240711],[-122.82458564021,47.2901095674674],[-122.82258657303,47.2924352825261],[-122.820254427896,47.2948248671265],[-122.819053376282,47.2959952293889],[-122.818159071348,47.2968666215931],[-122.816142220111,47.2987926097671],[-122.814376967894,47.3007135365846],[-122.812947501881,47.3026277324727],[-122.812194665942,47.3046427597231],[-122.811540138038,47.3069986396398],[-122.811127534657,47.3091210524841],[-122.810794844261,47.3103734245251],[-122.810280874761,47.312097900028],[-122.809826372559,47.3132496480058],[-122.809455956856,47.3143999110402],[-122.809255736449,47.3156038595903],[-122.808912367763,47.3173820016397],[-122.808175890532,47.319796581435],[-122.806596922021,47.3241135560819],[-122.805897753551,47.3254417597176],[-122.805534533006,47.3267632526728],[-122.805247559817,47.3279116690231],[-122.805353126428,47.3303667154877],[-122.805592127926,47.3320189397695],[-122.805674735985,47.332312169843],[-122.806088487986,47.3337805553477],[-122.80675462092,47.3355956771458],[-122.806875118523,47.3364390591173],[-122.806822924178,47.3371828860431],[-122.806763841115,47.3377554018787],[-122.806781044977,47.3381551705355],[-122.806970943495,47.3386656296445],[-122.807442345773,47.339856229792],[-122.807654903127,47.3408805278532],[-122.807956037723,47.3420172157625],[-122.808262112371,47.3432683412029],[-122.808303920423,47.343542935032],[-122.808496305324,47.3448064417773],[-122.808720712222,47.3461161017983],[-122.808854091987,47.347256316559],[-122.808893442728,47.3481697128974],[-122.808848611387,47.3490849758289],[-122.808554733801,47.3500620785058],[-122.808324535665,47.3503553027197],[-122.807916778309,47.3508747956348],[-122.806866806624,47.3518670938388],[-122.805237879035,47.3530994351988],[-122.803515375674,47.3541048945734],[-122.802534219983,47.3547529704379],[-122.801891733452,47.3554513963824],[-122.801426877861,47.356374790894],[-122.801219810831,47.3580032679256],[-122.801211565133,47.3587736391176],[-122.801198883384,47.3599445069222],[-122.801111702449,47.3636552527606],[-122.801135483332,47.3673790692929],[-122.801245876737,47.3707760706951],[-122.801254233413,47.3745493866607],[-122.801186896443,47.3780739806457],[-122.801237057692,47.381821278609],[-122.801257789163,47.3853872590518],[-122.801215844635,47.3890350281952],[-122.801211751576,47.3926492402548],[-122.8011518642,47.3962114535175],[-122.801132363245,47.3999466087095],[-122.800982227576,47.4033756329088],[-122.795641091658,47.4033855501913],[-122.790691115355,47.403430978098],[-122.77990624719,47.4033478251438],[-122.779236901228,47.4033523228236],[-122.769185345891,47.4034176820709],[-122.764234621229,47.40344109894],[-122.758391596362,47.4034390379184],[-122.753259620687,47.4034402508337],[-122.747926886799,47.4034617708547],[-122.742526626002,47.4035028075043],[-122.73685152394,47.4035132057382],[-122.732068579656,47.4034866846185],[-122.727197810223,47.4034801632454],[-122.721719825415,47.4033541791443],[-122.716716149441,47.4032746139557],[-122.713221038042,47.4033005666051],[-122.711225566954,47.4033153434088],[-122.705905112137,47.4033849719603],[-122.700552680402,47.4034364232822],[-122.700494492367,47.4034369766306],[-122.699099112857,47.4034500756699],[-122.694924803011,47.4034891846546],[-122.689772878093,47.4035313305971],[-122.684066632632,47.4034939634685],[-122.674161232642,47.4034062881284],[-122.669098514886,47.4033493371383],[-122.664013483811,47.4033085426717],[-122.658484764172,47.4032094583941],[-122.653187734867,47.403147420483],[-122.647657423704,47.4031462251877]]]},"properties":{"OBJECTID":1,"District_Number":7,"Maplabel":"District #7","Council_Member":"Robyn Denson","Phone":"798-6654","Email":"robyn.denson@piercecountywa.gov","council_homepage":"http://www.co.pierce.wa.us/index.aspx?NID=1412","Address":"930 Tacoma Ave. S., Room 1046 Tacoma, WA 98402"}},{"type":"Feature","id":2,"geometry":{"type":"Polygon","coordinates":[[[-122.371343692865,47.2883529648791],[-122.367408792467,47.2856284339686],[-122.366019561807,47.2846654683717],[-122.364767973525,47.283798860904],[-122.363269698032,47.2827614075094],[-122.362086173967,47.2819304255575],[-122.359332801916,47.2799960541435],[-122.357949276706,47.2790240728931],[-122.355650677143,47.2774442911919],[-122.352622082989,47.2753536871205],[-122.351011318582,47.274206975061],[-122.350486013051,47.2738413584845],[-122.349207659836,47.2729515120306],[-122.34736271342,47.2716306440255],[-122.345412617267,47.2701761670058],[-122.336837847719,47.2645813305093],[-122.340117332679,47.264611723562],[-122.340255128401,47.261068858042],[-122.340151653335,47.2585564641084],[-122.340097213048,47.2573735453814],[-122.340074375142,47.2573735788063],[-122.340066385843,47.2569970925513],[-122.338749104573,47.2569742960168],[-122.338779745072,47.2539347088764],[-122.33890600066,47.2539341856632],[-122.338870610369,47.2538228580699],[-122.338821904462,47.2535979584955],[-122.338861504772,47.253598153082],[-122.338838397845,47.2535244202143],[-122.3388476098,47.2529230844742],[-122.33893736978,47.2521204114174],[-122.338945844163,47.251773966094],[-122.336210884501,47.2517600952374],[-122.336216132748,47.2499913818369],[-122.336244868898,47.2481110077522],[-122.336248070962,47.2467300456149],[-122.336281591678,47.2462357710808],[-122.336460313071,47.2462413840614],[-122.336610883103,47.2460406552198],[-122.336829690899,47.2457857025759],[-122.336972115135,47.2456375745422],[-122.337122650584,47.2454932121376],[-122.337318068743,47.2453216046478],[-122.336669376368,47.2449616139932],[-122.336551085261,47.2450460093437],[-122.336404359241,47.2449537232635],[-122.336367378485,47.2448827327911],[-122.335952303935,47.2435730121247],[-122.335848358776,47.2432382754009],[-122.335733359683,47.2428487018528],[-122.335133688261,47.2429946409803],[-122.334704178518,47.2431017118104],[-122.334223755224,47.2432421785094],[-122.333584628615,47.243456427991],[-122.330946877851,47.2443582907835],[-122.330924569272,47.2426656466934],[-122.328808006768,47.2427197960811],[-122.328844301305,47.2390506226981],[-122.328261410557,47.2390512158055],[-122.327568390874,47.2390529962298],[-122.327573676774,47.2389160660861],[-122.327567067198,47.2387833566647],[-122.327554221899,47.2387135451626],[-122.327535011361,47.2386424360377],[-122.327509862601,47.238581430419],[-122.327416453835,47.2384243382517],[-122.327297071866,47.2383062421226],[-122.327196027008,47.2382335721988],[-122.326467442427,47.2377718096404],[-122.326466688969,47.2377713575096],[-122.326263355047,47.2376493432446],[-122.326105631036,47.2375746873347],[-122.325941725624,47.2375077248873],[-122.325673779097,47.2374148680543],[-122.325649182007,47.2374044033373],[-122.325591748243,47.237379968184],[-122.325520566199,47.2373496835452],[-122.325403911783,47.2372915192612],[-122.325229457786,47.2371771402409],[-122.325153274769,47.2371155125221],[-122.325134800889,47.2370973141234],[-122.325011504388,47.2369758557044],[-122.324930960023,47.2368676205212],[-122.324877583086,47.236777989437],[-122.324643202521,47.2363408132302],[-122.32453190999,47.2361511745311],[-122.324050857995,47.2355712197405],[-122.323979958489,47.2354599798577],[-122.323936104092,47.2353660858159],[-122.323895662715,47.2352422997611],[-122.323875431083,47.2351397772853],[-122.323868812907,47.2350694024406],[-122.323867738204,47.23458475334],[-122.323887879084,47.2344474527071],[-122.323957822739,47.2340907146193],[-122.323973760129,47.2339920932963],[-122.323987984202,47.2338347299211],[-122.323984060445,47.2336776782027],[-122.323966657811,47.2335351278696],[-122.323887637871,47.2331431109204],[-122.32386148276,47.2329360592399],[-122.323859933694,47.2328489572293],[-122.323872018991,47.2326902283144],[-122.323890699984,47.232582321526],[-122.3239547581,47.2323475492125],[-122.323970500681,47.2322349174345],[-122.323959089038,47.2321051342908],[-122.323946042763,47.2320505735666],[-122.32392363745,47.2319871385623],[-122.323890567064,47.2319190986662],[-122.323837503503,47.231838512615],[-122.323744260591,47.2317271582731],[-122.323136816582,47.2310268241642],[-122.322987476279,47.2308687168571],[-122.322848775434,47.2307571188142],[-122.322699981913,47.2306566200823],[-122.322323582212,47.230419266584],[-122.322130452049,47.2302899300256],[-122.322051602537,47.2302311943931],[-122.321872258211,47.2300749842059],[-122.321781727421,47.2299816578703],[-122.321369486642,47.229492041735],[-122.321224164333,47.2293286309922],[-122.321100075696,47.2292144148744],[-122.320786293822,47.2289484546157],[-122.320714004838,47.2288776851476],[-122.320598044575,47.2287347639074],[-122.320554405744,47.2286635717713],[-122.320495464986,47.228534041744],[-122.320455636281,47.2283946952604],[-122.320442294142,47.2282896786562],[-122.320444114661,47.2281782531941],[-122.320475124683,47.2273612118136],[-122.320518563207,47.2267244533345],[-122.320549620731,47.2259041195414],[-122.320598281258,47.224481850297],[-122.320600148117,47.2242451245241],[-122.32062648812,47.2209046612113],[-122.320627667624,47.2207707853579],[-122.320612074793,47.2205529255626],[-122.32059252998,47.2204037984175],[-122.320571032169,47.2198323418554],[-122.32054315108,47.2190902420563],[-122.320532435384,47.218307147091],[-122.320532441509,47.2183061161176],[-122.320535312678,47.2178111344766],[-122.320517233474,47.2171730092948],[-122.320512083802,47.2162880274021],[-122.32054187596,47.2136057673863],[-122.320534020585,47.2124306501618],[-122.320546214406,47.209857482015],[-122.320492266467,47.2077410630806],[-122.320487004512,47.2075346674259],[-122.320477961073,47.207179774102],[-122.320468353806,47.2068022922114],[-122.320474585502,47.2068021393319],[-122.320559633172,47.2068179964811],[-122.320677874663,47.2068680777229],[-122.320690145419,47.2068822555785],[-122.320719383675,47.2069006909519],[-122.320792415206,47.2069182181732],[-122.320829275956,47.2069371635262],[-122.320853413672,47.2069369214096],[-122.320917050675,47.2069527309646],[-122.320949742168,47.2069768984838],[-122.321012354807,47.206995741059],[-122.321024754754,47.207005390732],[-122.321069343443,47.2070243800483],[-122.321097666301,47.207019381636],[-122.321121882064,47.2070214416073],[-122.321140469509,47.2070272098856],[-122.321182475822,47.2070555089548],[-122.321284387399,47.2070725811051],[-122.321324120281,47.2071026436377],[-122.321378955206,47.2071258866253],[-122.321403027968,47.2071237254385],[-122.321464298136,47.20715043172],[-122.321549492124,47.2071705920227],[-122.321561434228,47.2071667297354],[-122.321613209226,47.2071721400976],[-122.321646738285,47.2071901234864],[-122.321674696108,47.2071921515895],[-122.321695324223,47.2071987926612],[-122.321743511569,47.2071957027666],[-122.321751317641,47.2072111023448],[-122.321770603687,47.207218504165],[-122.321756217629,47.2067679841236],[-122.321751351879,47.2066387005493],[-122.321769348209,47.2064204758203],[-122.321756203836,47.206032709664],[-122.321732386398,47.2056957376885],[-122.321697071108,47.2055514106609],[-122.32324622756,47.2055132464491],[-122.32320891938,47.2044846793752],[-122.324794794748,47.2045084424993],[-122.324793473217,47.2044837544942],[-122.325713895271,47.204641873334],[-122.325656030652,47.2025806608926],[-122.326887883515,47.202580132816],[-122.328824722446,47.2025792759925],[-122.32873965444,47.2061875102267],[-122.330644460373,47.2061779349713],[-122.333386760444,47.2061519361591],[-122.334812238318,47.206148321473],[-122.336556088322,47.2061321221621],[-122.33689047397,47.2061323546403],[-122.337884090177,47.2061483092501],[-122.337874267637,47.2036322658038],[-122.336540375206,47.2036373730352],[-122.33653361273,47.2025786199923],[-122.335755095107,47.2025835412813],[-122.33578153714,47.1999753232104],[-122.335781651434,47.1998349625812],[-122.332092893615,47.1991804723615],[-122.32669980373,47.1982268449488],[-122.32669491764,47.1962964563548],[-122.326396112253,47.1962947295591],[-122.326304105252,47.1962784659323],[-122.32631098249,47.1956625666836],[-122.325843284807,47.1955024396514],[-122.32614953916,47.1953184970916],[-122.327198779895,47.1946711670147],[-122.327261690365,47.194745262368],[-122.32746675779,47.1950670033068],[-122.327573377499,47.19518530232],[-122.327678670812,47.1952645411457],[-122.327787727834,47.1953361789504],[-122.327825600577,47.1953554634229],[-122.327877617801,47.1953765809884],[-122.328116245965,47.1954427433285],[-122.328246978323,47.1955010113035],[-122.328423348253,47.1955702144482],[-122.328529837192,47.195625437438],[-122.328693067407,47.1956927899035],[-122.328756120643,47.1957130473138],[-122.328792569029,47.1957200129522],[-122.328876127736,47.1957221202372],[-122.329014701515,47.1957151304274],[-122.329146586096,47.1957185304025],[-122.329322777819,47.195693805169],[-122.329439538667,47.1956665913264],[-122.329737357201,47.1955802941482],[-122.329866440402,47.1955309453626],[-122.330014040941,47.1954641626562],[-122.33024859114,47.1953809213836],[-122.330347724872,47.1953382163312],[-122.330685075047,47.1952314084623],[-122.330891682563,47.1951842598918],[-122.331005098328,47.1951769801695],[-122.331083582988,47.1951777949209],[-122.331216073724,47.1951990088862],[-122.331594584603,47.1952965451334],[-122.331729693181,47.1953355427631],[-122.3318348528,47.1953811852131],[-122.331888297304,47.1954146197282],[-122.331954669476,47.1954732177911],[-122.332002946285,47.1955321017934],[-122.332067518648,47.1955968982685],[-122.332146963056,47.1956588812981],[-122.332560517403,47.1952322418141],[-122.336156333803,47.1917236525114],[-122.335933706857,47.1914673378411],[-122.336436758975,47.191403544539],[-122.336400169195,47.187893358694],[-122.336378800204,47.186552850731],[-122.336383890652,47.1862472858345],[-122.336352215317,47.1857404050956],[-122.336341130478,47.1843005102874],[-122.33633906014,47.1824873857615],[-122.336355586477,47.1806404789385],[-122.335964222177,47.1806608425402],[-122.335482593742,47.1806859007597],[-122.334978047011,47.1806810321335],[-122.331916193736,47.1806514389593],[-122.330969536876,47.1806422731906],[-122.329835669065,47.1806267858957],[-122.329198318954,47.1806312991365],[-122.327332033534,47.1806292048405],[-122.327388858963,47.1804963395908],[-122.327420322135,47.1804007337589],[-122.327438871869,47.1803251876713],[-122.32745787242,47.1802049045425],[-122.327465351118,47.1800841172784],[-122.327459705467,47.179773594893],[-122.327427535718,47.179635389144],[-122.327364549259,47.1794508289028],[-122.327208713469,47.1791604503762],[-122.327016534305,47.1788551496785],[-122.326245244132,47.1775847882935],[-122.325982316913,47.1771583450639],[-122.325873630485,47.1769922486807],[-122.325788003756,47.176839528498],[-122.32571381508,47.1766836935306],[-122.325652137678,47.1765256033511],[-122.325601940726,47.1763656052646],[-122.325564273721,47.1762038724976],[-122.325539159883,47.176041092231],[-122.325509048544,47.1755604557424],[-122.325505451138,47.1752447719235],[-122.328230093481,47.1752497822519],[-122.328227687421,47.1761727170111],[-122.330966993465,47.176174579654],[-122.330929824096,47.1722006904089],[-122.330904216972,47.1698833720898],[-122.328996140577,47.1698748428224],[-122.32822163179,47.1698713741845],[-122.328208106407,47.1684762692547],[-122.328208096509,47.1684754812227],[-122.328169885705,47.1656577406667],[-122.328167795554,47.1651526090567],[-122.328111742428,47.1621086246621],[-122.328116252991,47.1583987091395],[-122.328115476543,47.1581428200477],[-122.334353408552,47.1579424646886],[-122.336067959421,47.1578781708759],[-122.338146274035,47.1578213970936],[-122.343448021538,47.1576598392885],[-122.344888526738,47.1575983574661],[-122.346047842279,47.1575819093802],[-122.346851267462,47.1575918136679],[-122.347709305229,47.1576113705545],[-122.349656056192,47.1576916430604],[-122.35176153979,47.1577844521684],[-122.355100417785,47.1579215314753],[-122.355986998488,47.1579511828852],[-122.356710350983,47.1579834486567],[-122.357172117647,47.1579994263475],[-122.35716476625,47.1573532986445],[-122.357187328989,47.1568480665936],[-122.357198882257,47.1562708562905],[-122.357182135346,47.1556507136183],[-122.357163508659,47.1543914573949],[-122.357190928866,47.1532490606017],[-122.357211700422,47.1527106446735],[-122.357217919988,47.1507258938312],[-122.357244741381,47.1492238772503],[-122.357311619636,47.1475209309038],[-122.357316333268,47.1469250142967],[-122.357353740577,47.1459812874875],[-122.357358977898,47.1452887704035],[-122.357359294825,47.1443372734952],[-122.357377959606,47.1436739404045],[-122.357386883473,47.1425770332348],[-122.357391888292,47.140966046165],[-122.35738341587,47.1398670589484],[-122.357383972024,47.13938247175],[-122.357373164419,47.1386676127396],[-122.357391494795,47.1366392429023],[-122.357400964685,47.1360973284296],[-122.357404882342,47.1358731480605],[-122.357423997186,47.1339676843613],[-122.357422104663,47.1308108617768],[-122.357421634022,47.1303419231398],[-122.357441323006,47.1285416501581],[-122.35743474334,47.1280832024899],[-122.357468516935,47.1253520743881],[-122.357459873916,47.1251901021002],[-122.357475922323,47.1241123257538],[-122.357508973426,47.123094117737],[-122.357552130957,47.1221813626151],[-122.357544197107,47.1216359149739],[-122.357566432663,47.120600109037],[-122.35757204685,47.1196066395736],[-122.357579577184,47.1192997369064],[-122.35757684911,47.1190634829533],[-122.357592846342,47.1183185141908],[-122.357591753746,47.1180772964486],[-122.357586795857,47.1175132613805],[-122.357591838851,47.1171715675288],[-122.357595214385,47.1163391215512],[-122.35758570303,47.1159062797291],[-122.357583335416,47.1153125281733],[-122.357587666138,47.1133900102641],[-122.357582903919,47.1118338235073],[-122.357547415004,47.1108529701588],[-122.357746824276,47.1108435377394],[-122.358861880966,47.1108786403366],[-122.359058774821,47.110879009638],[-122.359318056953,47.1108968318386],[-122.359467363891,47.1109174108642],[-122.359603192504,47.1109490400624],[-122.35971927513,47.1109823314073],[-122.359863621029,47.1110314304099],[-122.360176566406,47.1111722675297],[-122.361164782619,47.1116237899542],[-122.362810715405,47.112375791924],[-122.364934389887,47.1133397637273],[-122.365311310446,47.1135243966853],[-122.365490860332,47.1136175135862],[-122.368192874725,47.1150736735064],[-122.368323904404,47.1151432468356],[-122.368691662446,47.1153385145229],[-122.368752421755,47.1153707756456],[-122.368849835733,47.1154190598627],[-122.369017379533,47.115491166737],[-122.369237027542,47.1155770476245],[-122.369657893295,47.1157120275496],[-122.370804760633,47.1160650785012],[-122.37215880147,47.1164946242979],[-122.373966941236,47.1170615417748],[-122.374180152186,47.117128320458],[-122.374494679705,47.1172500175565],[-122.374530025361,47.1172636933234],[-122.374668181771,47.1173233517956],[-122.374876425448,47.1174341473705],[-122.37490818525,47.1174510450419],[-122.374997844643,47.1175080658116],[-122.375031227112,47.1175292958743],[-122.375356177984,47.1177359526712],[-122.375574334579,47.1178785449524],[-122.37558812078,47.1178875559049],[-122.37578764733,47.117992483812],[-122.375851550417,47.1180266171731],[-122.376112574117,47.1181660391784],[-122.376489000254,47.1183119993446],[-122.376785999535,47.1183929986448],[-122.377236000192,47.1184649986973],[-122.380051558885,47.1184261476456],[-122.381885017751,47.1184061313085],[-122.389222440919,47.1185597396674],[-122.393075784224,47.1185961084278],[-122.393159734918,47.118600081087],[-122.393252998435,47.1185969349189],[-122.395161301826,47.1186187977327],[-122.397646606311,47.1186441261778],[-122.397869911293,47.1186507975945],[-122.399900835037,47.1186609956177],[-122.400863984079,47.118678036431],[-122.403425623427,47.1187052203811],[-122.409123771862,47.1187738903475],[-122.409700782444,47.1187741446509],[-122.409865129587,47.1187803141712],[-122.412936471416,47.1188205813424],[-122.415152867663,47.1188440615078],[-122.417126078984,47.1188678872402],[-122.418523329111,47.118878041797],[-122.423389065546,47.118936187649],[-122.426906687686,47.118986123794],[-122.42908054779,47.1190093339432],[-122.429275756417,47.1190177300743],[-122.430486197521,47.1190326970619],[-122.430557832134,47.1190337218292],[-122.431467328302,47.1190315637755],[-122.43146812659,47.1190315619485],[-122.432179070877,47.1190421908282],[-122.432971992775,47.1190553659852],[-122.433307214104,47.1190880705638],[-122.433511480616,47.1191193187782],[-122.433670488879,47.1191567824954],[-122.434399597167,47.1193653298649],[-122.434848362817,47.1195074241054],[-122.434879360091,47.1212383444661],[-122.434881417483,47.121874623472],[-122.434837123938,47.1242764938217],[-122.434814569181,47.1252408435177],[-122.434705863634,47.1303260293534],[-122.434709464472,47.1315094575288],[-122.434663927857,47.1324461877982],[-122.434657969302,47.1330920879411],[-122.434648206268,47.1333615748172],[-122.434642770492,47.1339448524328],[-122.434627444855,47.1353732626902],[-122.434615293489,47.1363891054911],[-122.434606795472,47.1370962614773],[-122.43458953169,47.1384160420337],[-122.434577105727,47.1394243185033],[-122.434570100375,47.1401953786243],[-122.434562015507,47.1404345041726],[-122.434550362361,47.1410804802647],[-122.434533924065,47.1418175977902],[-122.434516813546,47.1423859022623],[-122.434517052045,47.1423925358925],[-122.434522879019,47.1425546072973],[-122.434485154775,47.1439795767066],[-122.434470382674,47.1446900994695],[-122.434450202737,47.1454045258499],[-122.43444662503,47.1461167532863],[-122.434419391598,47.14682841707],[-122.434409872312,47.1475341621894],[-122.434376773379,47.1489671965262],[-122.434340503325,47.1503914246252],[-122.434330002385,47.1511068114575],[-122.434298405618,47.1525224582363],[-122.434285597626,47.1532430117466],[-122.434260672791,47.1544965412834],[-122.434264776968,47.1554135371183],[-122.434226147804,47.1571849563211],[-122.43419907284,47.1578476323579],[-122.434190581222,47.1581582890071],[-122.434189814265,47.1582979812823],[-122.434208167757,47.1585757986736],[-122.434203895863,47.1589590903477],[-122.434212645005,47.1593030278527],[-122.434198269973,47.1599767346537],[-122.434187274725,47.1606650588938],[-122.434190165337,47.1613213088413],[-122.434119523561,47.1669696733688],[-122.435675242603,47.1669846884946],[-122.435653392913,47.1679508497476],[-122.435664482727,47.1680567189748],[-122.435547587703,47.1680581545444],[-122.435539589431,47.1684426873603],[-122.435427190473,47.1684439098622],[-122.435406985755,47.1700604978163],[-122.435941647148,47.170065426026],[-122.437100938997,47.1700698277625],[-122.437764362346,47.1700734427187],[-122.437764776255,47.1700734448335],[-122.44198349566,47.1700966157163],[-122.443349268263,47.1700865895912],[-122.44559593068,47.1701325169594],[-122.447275415398,47.1701262708525],[-122.44986408361,47.1701619397991],[-122.452571769405,47.1701823492651],[-122.455207915508,47.170190685157],[-122.456645212303,47.1701898247888],[-122.457902611365,47.1701861376394],[-122.461522645211,47.170180669734],[-122.463076327421,47.1701785228926],[-122.46405302554,47.1701734848017],[-122.46405250045,47.17007764016],[-122.464191816312,47.1668370942562],[-122.465933083825,47.1668228074275],[-122.465815013385,47.1696085758493],[-122.465801661667,47.1697251979223],[-122.465777747081,47.169841122466],[-122.465743729627,47.1699557108567],[-122.465699600366,47.1700687421838],[-122.465645386476,47.1701798613557],[-122.468387773953,47.1701907816368],[-122.468393376951,47.171276698208],[-122.468305987485,47.1720174516827],[-122.46834060801,47.1725501329858],[-122.46829881852,47.1736807915647],[-122.468374392264,47.1737181758432],[-122.468387711333,47.17373149755],[-122.468424237136,47.1737679285458],[-122.468012475262,47.1742034660864],[-122.467856096105,47.1743430097653],[-122.467689690037,47.1744470424403],[-122.467547415078,47.1745719742483],[-122.466879627067,47.1752448734243],[-122.466667998909,47.1754806596052],[-122.466651614496,47.1755001744588],[-122.466639137906,47.1755141442645],[-122.466487310323,47.1756958712348],[-122.466522507412,47.175709123106],[-122.466241771372,47.1760790440987],[-122.46606500863,47.1763390023597],[-122.465952383159,47.1765185330921],[-122.465900767878,47.1766096234511],[-122.46584601983,47.176699831534],[-122.465797231105,47.1767923432685],[-122.465745976894,47.1768827952374],[-122.465656632974,47.1770589391142],[-122.465495704813,47.1774151609854],[-122.46566897122,47.1774235977939],[-122.465625049533,47.1774907419805],[-122.465385978709,47.1779665294008],[-122.465060207804,47.1786697784247],[-122.465014745051,47.1787397862533],[-122.464986280836,47.178777666068],[-122.464951473554,47.1788183825076],[-122.464932452873,47.1788385806018],[-122.464815379079,47.1789453441225],[-122.464687573266,47.1790308345874],[-122.464629409219,47.1790627591947],[-122.464505612832,47.1791148592347],[-122.46435374677,47.1791638707848],[-122.464173678123,47.1792050225263],[-122.464107694707,47.1792144804978],[-122.463968383134,47.1792239771315],[-122.463753846258,47.1792300061674],[-122.463165548324,47.1792162697608],[-122.463168796175,47.1793680433929],[-122.463812284738,47.1793652923045],[-122.46381279203,47.1794188188896],[-122.464889435081,47.1794429616276],[-122.464521538373,47.1807771964985],[-122.463198973181,47.1807663021888],[-122.463205057517,47.1810486020936],[-122.45799016346,47.1810272132633],[-122.455207479723,47.1810093139669],[-122.453949604569,47.181011920225],[-122.452572625678,47.1810046489747],[-122.452050218144,47.1810046630243],[-122.450701502811,47.1810047080102],[-122.447259311659,47.1810080495554],[-122.446314789751,47.181000855127],[-122.44527039642,47.1810013386211],[-122.44399476209,47.181009949544],[-122.443990989504,47.1822684932032],[-122.443240813502,47.1822708140723],[-122.441938753582,47.1822758967469],[-122.441941562312,47.1828091675286],[-122.440669436725,47.1828036144635],[-122.439392852297,47.1828115862125],[-122.438051456677,47.1827982242138],[-122.436687269701,47.1827919472635],[-122.43518936612,47.1827677062336],[-122.434068404274,47.182761826994],[-122.434063315432,47.1852930131183],[-122.434067297882,47.1860198594577],[-122.434054499454,47.1882227234769],[-122.434018104354,47.1900459187943],[-122.434027640354,47.1918486264058],[-122.433992638253,47.1939935510223],[-122.433997758685,47.1952821307089],[-122.43396163619,47.1965706864092],[-122.43395469084,47.1978594665654],[-122.43392835943,47.1991406439327],[-122.433936456628,47.2004840218823],[-122.433944114514,47.2018990426103],[-122.433936068665,47.2027658168607],[-122.433956337381,47.2045872048559],[-122.433956809252,47.2054949757791],[-122.433969378055,47.2063754461239],[-122.433965809908,47.2073107361379],[-122.433970181163,47.2082150117394],[-122.433975656363,47.2100233690026],[-122.433982971263,47.2117855387479],[-122.433992330009,47.2136111902997],[-122.433978110962,47.2144071426477],[-122.434007225766,47.2151992450107],[-122.434004788232,47.2167810343631],[-122.434013907992,47.2183763417216],[-122.434027512639,47.2208790169925],[-122.434035737471,47.2230924176232],[-122.434049715373,47.2247107866455],[-122.434056235262,47.2263456252129],[-122.434063523553,47.2281728645703],[-122.434044776368,47.2291718891319],[-122.434052090853,47.2301714049052],[-122.431905999839,47.2303939987195],[-122.430298000393,47.2305599989308],[-122.429179000266,47.2306899987659],[-122.429096999951,47.230698998874],[-122.429008999712,47.2307079987913],[-122.428974000007,47.2307119993709],[-122.428983000125,47.2307839991224],[-122.428994000263,47.2310779986558],[-122.429123868445,47.2313219744641],[-122.429146188266,47.2313527976743],[-122.42932588776,47.2315450640615],[-122.429466147226,47.2316851743193],[-122.429718999541,47.231922998701],[-122.430193999681,47.2323749993399],[-122.430275535399,47.2324629527991],[-122.430477331836,47.2326585802172],[-122.43066306307,47.2328337479215],[-122.430796852275,47.2329599264733],[-122.431164031826,47.2333151840658],[-122.431240775546,47.2333942468985],[-122.431417122497,47.2333692402139],[-122.431823265282,47.2333316562073],[-122.431936907799,47.2333189529065],[-122.432105655838,47.2333000887321],[-122.432101122441,47.2333578926509],[-122.432089113988,47.2334548427026],[-122.432087063405,47.233464706866],[-122.432062693532,47.2335819358239],[-122.432049864582,47.2336560334088],[-122.432044991134,47.2338171447436],[-122.432042784641,47.2338901087534],[-122.431976084137,47.2341255990867],[-122.431940347572,47.2341543740266],[-122.431920798249,47.2341860138103],[-122.431877415742,47.2343224760398],[-122.431862889671,47.2343654643783],[-122.431854700418,47.234386697968],[-122.431846951218,47.2344067885455],[-122.431845460003,47.2344229938982],[-122.431808340483,47.2348263719829],[-122.431700190047,47.2352105042637],[-122.431590439656,47.2356021648824],[-122.431569369127,47.2356883551991],[-122.431517785131,47.2358992792495],[-122.431495539747,47.2360138981197],[-122.431482658603,47.2360802666937],[-122.431451059682,47.2363605010843],[-122.431458223502,47.2368083135791],[-122.431528750945,47.2371962704541],[-122.431587746593,47.237430399951],[-122.431692464553,47.2376941543202],[-122.431799069667,47.2379274897013],[-122.432044984219,47.2383841808347],[-122.432162897957,47.2386105534899],[-122.432225585786,47.2386986931075],[-122.432320539188,47.2387748314486],[-122.432584430771,47.2393235338147],[-122.433041556346,47.2402519995727],[-122.433351155829,47.2408876138144],[-122.433655011807,47.2414831461244],[-122.433970042003,47.242146176826],[-122.434204420152,47.2425800464326],[-122.434466202033,47.2431250221086],[-122.434522507319,47.2432671570819],[-122.434292810987,47.2432854469492],[-122.433867631541,47.2433315745816],[-122.433886138174,47.2434071220266],[-122.433639357695,47.2434564937902],[-122.433026111659,47.2435016718317],[-122.43204901375,47.2435705238888],[-122.432766409646,47.2497045494807],[-122.432733419162,47.2519335323986],[-122.433054179132,47.2539726985628],[-122.433676427694,47.2557165391829],[-122.436515442247,47.2601045482537],[-122.43872746811,47.2638105354151],[-122.438327489036,47.2654985286645],[-122.437694487936,47.2681675319514],[-122.437602512094,47.2685595429244],[-122.43739549287,47.2717855408622],[-122.437059520254,47.2750745450345],[-122.437843543961,47.2810875497455],[-122.439765579871,47.2846485588286],[-122.439631573649,47.2848225618037],[-122.442031592545,47.2871225598989],[-122.443331601621,47.2861225357986],[-122.46623266546,47.2976214998083],[-122.476994674418,47.302933487224],[-122.484134723994,47.3064574851152],[-122.489820703959,47.3092504674431],[-122.491346742151,47.3100174731977],[-122.493635723621,47.3111474741732],[-122.493976734943,47.3113154556694],[-122.492876634821,47.317675117551],[-122.490552136363,47.317715041087],[-122.487535778089,47.3179381809995],[-122.485092277767,47.3182085089621],[-122.479496502751,47.3191041071024],[-122.473326758031,47.3204090746546],[-122.467997052615,47.3216994573113],[-122.46250515863,47.3231637363359],[-122.45818214105,47.3244366190996],[-122.454460481296,47.3254897650581],[-122.451838935766,47.3262617228362],[-122.451031023027,47.3264996179622],[-122.447847234399,47.327529264496],[-122.444534414918,47.3288703561945],[-122.443773108532,47.3292007701204],[-122.441225435697,47.3303064190121],[-122.438128419832,47.3318104740723],[-122.435718994308,47.3331585018635],[-122.41777480131,47.3204802781081],[-122.417245809066,47.3201072007535],[-122.416485121492,47.3195712678922],[-122.415373811292,47.3187727499674],[-122.414248381657,47.3179618402814],[-122.411091995561,47.3156197881111],[-122.409000106241,47.3142651943289],[-122.405815914826,47.3121003721633],[-122.403575818244,47.3105442762195],[-122.400467463851,47.30844073068],[-122.398163145758,47.3068486181584],[-122.394977727014,47.3047095523984],[-122.393788677517,47.3038516612181],[-122.391467776031,47.3021769803406],[-122.389843289672,47.30100471723],[-122.388424363132,47.3000423053338],[-122.386912560652,47.299016667812],[-122.381718250198,47.2954911793952],[-122.37681640715,47.2921635840258],[-122.376817592246,47.2921052892697],[-122.376331290043,47.291774778031],[-122.373925832805,47.2901397639415],[-122.371343692865,47.2883529648791]]]},"properties":{"OBJECTID":2,"District_Number":5,"Maplabel":"District #5","Council_Member":"Bryan Yambe","Phone":"798-6653","Email":"bryan.yambe@piercecountywa.gov","council_homepage":"http://www.co.pierce.wa.us/index.aspx?NID=1395","Address":"930 Tacoma Ave. S., Room 1046 Tacoma, WA 98402"}},{"type":"Feature","id":3,"geometry":{"type":"Polygon","coordinates":[[[-122.43872746811,47.2638105354151],[-122.436515442247,47.2601045482537],[-122.433676427694,47.2557165391829],[-122.433054179132,47.2539726985628],[-122.432733419162,47.2519335323986],[-122.432766409646,47.2497045494807],[-122.43204901375,47.2435705238888],[-122.433026111659,47.2435016718317],[-122.433639357695,47.2434564937902],[-122.433886138174,47.2434071220266],[-122.433867631541,47.2433315745816],[-122.434292810987,47.2432854469492],[-122.434522507319,47.2432671570819],[-122.434466202033,47.2431250221086],[-122.434362532313,47.2429022262613],[-122.434204420152,47.2425800464326],[-122.434019315083,47.2422373371291],[-122.433970042003,47.242146176826],[-122.433655011807,47.2414831461244],[-122.433351155829,47.2408876138144],[-122.433041556346,47.2402519995727],[-122.432584430771,47.2393235338147],[-122.432320539188,47.2387748314486],[-122.432225585786,47.2386986931075],[-122.432162897957,47.2386105534899],[-122.432044984219,47.2383841808347],[-122.431799069667,47.2379274897013],[-122.431692464553,47.2376941543202],[-122.431587746593,47.237430399951],[-122.431528750945,47.2371962704541],[-122.431458223502,47.2368083135791],[-122.431451059682,47.2363605010843],[-122.431482658603,47.2360802666937],[-122.431495539747,47.2360138981197],[-122.431517785131,47.2358992792495],[-122.431569369127,47.2356883551991],[-122.431590451245,47.2356021512508],[-122.431743928617,47.2350562225997],[-122.431815410948,47.2348019505383],[-122.431845460003,47.2344229938982],[-122.431877415742,47.2343224760398],[-122.431920798249,47.2341860138103],[-122.431940347572,47.2341543740266],[-122.431976083725,47.2341255988194],[-122.43204278467,47.2338901095756],[-122.432044991134,47.2338171447436],[-122.432049864582,47.2336560334088],[-122.432062693532,47.2335819358239],[-122.432087063405,47.233464706866],[-122.432089113988,47.2334548427026],[-122.432101122441,47.2333578926509],[-122.432105655838,47.2333000887321],[-122.431936907799,47.2333189529065],[-122.431823265282,47.2333316562073],[-122.431417122497,47.2333692402139],[-122.431240775546,47.2333942468985],[-122.431164031826,47.2333151840658],[-122.430796852275,47.2329599264733],[-122.43066306307,47.2328337479215],[-122.430477331836,47.2326585802172],[-122.430275535399,47.2324629527991],[-122.430193999681,47.2323749993399],[-122.429718999541,47.231922998701],[-122.429466147226,47.2316851743193],[-122.42932588776,47.2315450640615],[-122.429146188266,47.2313527976743],[-122.429123868857,47.2313219747314],[-122.428994000263,47.2310779986558],[-122.428983000125,47.2307839991224],[-122.428974000007,47.2307119993709],[-122.429008999712,47.2307079987913],[-122.429096999951,47.230698998874],[-122.429179000266,47.2306899987659],[-122.430298000393,47.2305599989308],[-122.431905999839,47.2303939987195],[-122.434052090853,47.2301714049052],[-122.434044776368,47.2291718891319],[-122.434063523553,47.2281728645703],[-122.434056235262,47.2263456252129],[-122.434049715373,47.2247107866455],[-122.434035737471,47.2230924176232],[-122.434027512639,47.2208790169925],[-122.434013907992,47.2183763417216],[-122.434004788232,47.2167810343631],[-122.434007225766,47.2151992450107],[-122.433978110962,47.2144071426477],[-122.433992330009,47.2136111902997],[-122.433982971263,47.2117855387479],[-122.433975656363,47.2100233690026],[-122.433974650802,47.2091220279269],[-122.433970181163,47.2082150117394],[-122.433965809908,47.2073107361379],[-122.433969378055,47.2063754461239],[-122.433956809252,47.2054949757791],[-122.433956337381,47.2045872048559],[-122.433948006421,47.2036846948879],[-122.433936068665,47.2027658168607],[-122.433944114514,47.2018990426103],[-122.433936456628,47.2004840218823],[-122.43392835943,47.1991406439327],[-122.43395469084,47.1978594665654],[-122.43396163619,47.1965706864092],[-122.433997758685,47.1952821307089],[-122.433992638253,47.1939935510223],[-122.434027640354,47.1918486264058],[-122.434018104354,47.1900459187943],[-122.434054499454,47.1882227234769],[-122.434067297882,47.1860198594577],[-122.434063315432,47.1852930131183],[-122.434067134888,47.1845884427869],[-122.434068404274,47.182761826994],[-122.43518936612,47.1827677062336],[-122.436687269701,47.1827919472635],[-122.438051456677,47.1827982242138],[-122.439392852297,47.1828115862125],[-122.440669436725,47.1828036144635],[-122.441941562312,47.1828091675286],[-122.441938753582,47.1822758967469],[-122.443240813502,47.1822708140723],[-122.443990989504,47.1822684932032],[-122.44399476209,47.181009949544],[-122.44527039642,47.1810013386211],[-122.446314789751,47.181000855127],[-122.447259311659,47.1810080495554],[-122.44731655603,47.1810084853483],[-122.448007117058,47.1810077446018],[-122.450701502811,47.1810047080102],[-122.452050218144,47.1810046630243],[-122.452572625678,47.1810046489747],[-122.453949604569,47.181011920225],[-122.455207479723,47.1810093139669],[-122.45799016346,47.1810272132633],[-122.463205057517,47.1810486020936],[-122.46322818721,47.1828520318817],[-122.463178844244,47.1846669464042],[-122.463793760639,47.1846753771925],[-122.46406166017,47.1846792212842],[-122.464512332903,47.1846856930671],[-122.467278577548,47.1847226300505],[-122.468594935134,47.1847304582043],[-122.473889889508,47.1847909571856],[-122.4739101558,47.1848093423873],[-122.473943335575,47.1848211455188],[-122.474044032212,47.1848267498067],[-122.475619851656,47.18482639511],[-122.475796400847,47.1847822408282],[-122.483684168022,47.1847470718067],[-122.486270066735,47.1847428209361],[-122.487175936286,47.1847417434605],[-122.494331044447,47.1847329141288],[-122.497348275362,47.1847230605954],[-122.497515084068,47.1847225130016],[-122.500512484461,47.1847126473094],[-122.504977812972,47.1846978116873],[-122.505073629558,47.1905375257005],[-122.505446693746,47.1905380801525],[-122.508784505008,47.1905710051177],[-122.508781155447,47.1919833152307],[-122.510431377104,47.1919868201822],[-122.514736798206,47.1919701735598],[-122.51577088885,47.1926446696289],[-122.515925128453,47.1956009327513],[-122.5211604022,47.1955403652891],[-122.521216299721,47.1956283041134],[-122.521288576234,47.1957623344008],[-122.521405774613,47.1960701478577],[-122.521475016336,47.1962828618473],[-122.521235011603,47.1962864241899],[-122.521262531846,47.1982830605882],[-122.521524627718,47.1983605680081],[-122.521724434196,47.198465876889],[-122.521744500638,47.1984698318847],[-122.521816548203,47.1984628411332],[-122.521849429557,47.1984737032486],[-122.521864835596,47.1984853095514],[-122.52190286232,47.1985013472825],[-122.521972068419,47.1985022776663],[-122.522010070022,47.1985101696892],[-122.522087895735,47.1985166811566],[-122.522140976204,47.1985071693653],[-122.522192522184,47.1984921991397],[-122.522242865554,47.1984666346208],[-122.52232249325,47.1984172473773],[-122.522449188394,47.19830875679],[-122.522492674757,47.198288112688],[-122.522567035859,47.1982699180305],[-122.522822321839,47.1982294997065],[-122.52312468769,47.1981816196419],[-122.523552869957,47.1981516431275],[-122.523658403609,47.1981491116971],[-122.523751382502,47.1981605125748],[-122.523961467484,47.1981561520936],[-122.524029957045,47.1981316420204],[-122.524123759648,47.1981114883755],[-122.524249527329,47.1981120306903],[-122.524447679739,47.1981380468722],[-122.524484232427,47.1981470061804],[-122.524556186797,47.1981792344851],[-122.524740876639,47.1983531485045],[-122.52481932546,47.1984167748437],[-122.524878666676,47.1984431636021],[-122.524907099627,47.19845020792],[-122.524943292417,47.1984495745012],[-122.525060166002,47.1984276452921],[-122.525171083823,47.1983811355585],[-122.525205418048,47.1983579079965],[-122.5252865113,47.1983208345121],[-122.525521132405,47.1982467908974],[-122.525609186632,47.198207538353],[-122.525678679003,47.1981562689386],[-122.52574495014,47.1981263111665],[-122.525884996594,47.1981053466897],[-122.525954343141,47.198087593899],[-122.525954371259,47.1980875818877],[-122.525982458531,47.1980755282878],[-122.52604810992,47.1980291254792],[-122.526102863446,47.1980147519776],[-122.526106880603,47.1980136975793],[-122.526112729288,47.1980131834923],[-122.526175061091,47.1980077040273],[-122.526324780416,47.1980244989323],[-122.526351068978,47.19801734681],[-122.526394740335,47.1979899242499],[-122.526441402017,47.1979681531223],[-122.526489941014,47.1979577858141],[-122.526577490961,47.1979457758197],[-122.526728596657,47.1979342423654],[-122.526787498633,47.1979489817202],[-122.52685093663,47.197950613046],[-122.526890890669,47.1979430554771],[-122.526960879407,47.1979156379002],[-122.52704201918,47.1978958405589],[-122.527080657785,47.1978800792083],[-122.527112129987,47.1978610151283],[-122.527144323211,47.1978343962029],[-122.527175741123,47.1977872212059],[-122.527231045637,47.1976532354299],[-122.527278238135,47.1975975564189],[-122.527386701975,47.1975394321705],[-122.527425770275,47.1975350719175],[-122.527470312106,47.1975360738236],[-122.527540969539,47.1975562834701],[-122.527609524041,47.1975687674899],[-122.527888690852,47.1975930294279],[-122.528008299232,47.1976169878657],[-122.528054672137,47.1976196032994],[-122.52815264909,47.1976034871034],[-122.528239184083,47.1976040271272],[-122.528327167963,47.1975939543474],[-122.528366905476,47.1976073281717],[-122.52843647838,47.19761159369],[-122.528533889116,47.1976071432345],[-122.528732332458,47.1975864944549],[-122.528839770302,47.1975811822651],[-122.528970708147,47.1975854681629],[-122.52931534427,47.1976214414453],[-122.52951013132,47.1976180248178],[-122.529623346792,47.1976058639783],[-122.529761085436,47.1976048189757],[-122.529877367826,47.1976206057052],[-122.530402180891,47.1977095006223],[-122.53043214272,47.1977261162133],[-122.530460660643,47.1977598985268],[-122.530689934862,47.1978257292875],[-122.531023976579,47.197881574954],[-122.531205760422,47.1979003247312],[-122.531368712949,47.197898835177],[-122.53146086434,47.1978883036997],[-122.531627507782,47.197852466183],[-122.53173691708,47.1978471166908],[-122.531817030515,47.1978374819728],[-122.531900880623,47.1978202393613],[-122.53194054896,47.1978051439337],[-122.531992502902,47.1977946323175],[-122.532073108812,47.1977980162343],[-122.532181577962,47.1977933684869],[-122.532216582373,47.1977879543391],[-122.532312145248,47.1977622778237],[-122.532384419547,47.1977315519458],[-122.532459884459,47.1976788023746],[-122.532771235022,47.1974250976039],[-122.532837988714,47.197381414074],[-122.532868712434,47.1973692180973],[-122.532931579783,47.19735577167],[-122.533034080435,47.1973539706023],[-122.53309550692,47.197355633842],[-122.533235865495,47.1973696230923],[-122.533391384311,47.1973748433231],[-122.533441468454,47.1973691914733],[-122.533504859874,47.1973461911842],[-122.533529379502,47.1973295513122],[-122.533588590563,47.1972332863628],[-122.533615853783,47.1972147055614],[-122.533642173579,47.1972094981978],[-122.533677329862,47.1972155453789],[-122.533773173008,47.1972005317844],[-122.533871255058,47.1971702286537],[-122.533936556347,47.1971605245315],[-122.534108476788,47.1971632059525],[-122.534182974506,47.1971742656976],[-122.534249860775,47.1971968411218],[-122.534352947328,47.1972722332391],[-122.534441826216,47.1973687470303],[-122.534506471932,47.1974182388989],[-122.534580409694,47.1974580781187],[-122.534684538414,47.1975248126247],[-122.534723187119,47.1975625294412],[-122.534758843846,47.1975870799527],[-122.534859916396,47.1976187898603],[-122.534953931952,47.1976713309066],[-122.53499878794,47.1976869977206],[-122.535126493619,47.1977121777528],[-122.535174774185,47.1977120141589],[-122.5352654019,47.1976877933002],[-122.53541133458,47.1976290022666],[-122.535538128607,47.1975876066226],[-122.535621395251,47.1975730593257],[-122.535720289183,47.1975790532762],[-122.535795242011,47.1975872516576],[-122.535872015195,47.1976222405818],[-122.536044683234,47.197717909596],[-122.536173635418,47.1977759778034],[-122.536272842383,47.1977934302378],[-122.536310038696,47.1977927755922],[-122.536343933536,47.1977846368151],[-122.536559117523,47.1976759440886],[-122.536675492782,47.1976356904973],[-122.536813812852,47.1976351476895],[-122.536940338903,47.1976195913163],[-122.537029117543,47.1976018470638],[-122.537160509753,47.1975671432293],[-122.537257912115,47.1975359449332],[-122.537383712536,47.1975203731448],[-122.537587872187,47.197525334863],[-122.537744004189,47.197515920247],[-122.53781471424,47.1975013459478],[-122.537860112363,47.1974824718652],[-122.537924089649,47.1974325267335],[-122.538015554855,47.1973774063792],[-122.538045783367,47.1973521905137],[-122.538071809188,47.1973222487951],[-122.538124850046,47.1972088669041],[-122.538156362905,47.1971644565747],[-122.538233810463,47.1970856132016],[-122.538326662787,47.1970140406094],[-122.538388748397,47.1969800352293],[-122.538453493499,47.1969630964226],[-122.538510795001,47.1969620868295],[-122.538609103404,47.1969802667175],[-122.538716243767,47.1970202036914],[-122.538789811905,47.1970237069299],[-122.538867638939,47.1970079366552],[-122.539079840735,47.1969534306071],[-122.539359940793,47.1968579871881],[-122.539390532744,47.1968423634798],[-122.539456171054,47.1967959530448],[-122.539570500722,47.1967082575623],[-122.539604030377,47.196690525033],[-122.53967277055,47.1966728576924],[-122.539761808811,47.1966778483464],[-122.539793742617,47.196679638249],[-122.539993921236,47.1967049064834],[-122.540038231758,47.1967061821605],[-122.540104320445,47.1966981602521],[-122.540135276191,47.1966921291384],[-122.540419408621,47.1965726139497],[-122.540533495873,47.1965294623778],[-122.5406522134,47.1965033707509],[-122.540724515529,47.1965000384972],[-122.540808656204,47.1965170671233],[-122.540891582908,47.1965710055176],[-122.541035590804,47.1966281174088],[-122.541087406614,47.1966416021303],[-122.541126794776,47.1966457068615],[-122.541418100681,47.1966388386119],[-122.541711485726,47.1966379681026],[-122.541782590196,47.1966338332606],[-122.541867574023,47.1966094878765],[-122.541984435681,47.1965959880693],[-122.542028698185,47.1966023656787],[-122.542109523748,47.1966337958553],[-122.542155822476,47.196638683332],[-122.542446045637,47.1966107141415],[-122.542589015759,47.1966224790019],[-122.542766310233,47.1966511905185],[-122.543010293155,47.1966400258838],[-122.543068313018,47.1966314590954],[-122.543110040005,47.1966176950005],[-122.543254377249,47.1965500084611],[-122.543273805625,47.1965318382185],[-122.543327682258,47.1964142970149],[-122.543417203774,47.1962733080484],[-122.543463789804,47.1962286030725],[-122.543480540818,47.1962193936442],[-122.54353110643,47.1961999877301],[-122.543562165707,47.196196696494],[-122.543590339015,47.1961968845202],[-122.543614726093,47.1962033103487],[-122.543731559661,47.1962578817453],[-122.543809957059,47.1962825519021],[-122.543910901041,47.1962917392002],[-122.543949075441,47.196290379141],[-122.544199757367,47.1962427536851],[-122.544234941962,47.1962421320156],[-122.544344941604,47.1962534904461],[-122.54471330096,47.1962614075309],[-122.544803699944,47.1962514722512],[-122.545051658276,47.196204221637],[-122.545171425654,47.1961634610794],[-122.545232564763,47.1961575806873],[-122.54528996957,47.196159308531],[-122.545296452598,47.1961601516522],[-122.545392075289,47.1961725879568],[-122.545491151233,47.1962119759157],[-122.545552653064,47.1962441844519],[-122.545638860782,47.1962605142599],[-122.545932894251,47.1962767350572],[-122.546115945261,47.1962674366777],[-122.546225638124,47.196242184535],[-122.546300746691,47.1962333138731],[-122.546447856929,47.1962396254425],[-122.546565381338,47.1962615444129],[-122.546742855503,47.1963255995639],[-122.546869375924,47.1963459880401],[-122.546942864986,47.1963474305094],[-122.547008717348,47.1963332378748],[-122.547044438738,47.1963202639796],[-122.547080851032,47.196299049932],[-122.54728160782,47.1961556233395],[-122.547365698337,47.1961184809895],[-122.547436564038,47.1960774589273],[-122.547672164023,47.1959245003219],[-122.547715587781,47.195902476582],[-122.547801818656,47.1958687243167],[-122.548012545674,47.1958286542918],[-122.54810031855,47.1958205733152],[-122.548178214064,47.1958025190892],[-122.548221714628,47.1957825504993],[-122.548359162348,47.1956937239235],[-122.548620467896,47.1955839989931],[-122.548723052416,47.1955549485968],[-122.548831432645,47.1955290863668],[-122.549228271224,47.195448253337],[-122.549378666788,47.1954342068618],[-122.549511386474,47.1954325414894],[-122.549790653524,47.1954488491811],[-122.550092766989,47.1954839509624],[-122.550182312953,47.1954844211678],[-122.550229220319,47.195474676342],[-122.550316508037,47.1954422739277],[-122.550469623355,47.1953476820864],[-122.55055060951,47.1953188751506],[-122.550715215173,47.1952385878948],[-122.550847599683,47.1951838567731],[-122.550913785248,47.195145767536],[-122.551007649942,47.1950748520757],[-122.551107584866,47.1950312550787],[-122.551246320472,47.1950027402647],[-122.551289520015,47.195001288668],[-122.551394170466,47.1950021757735],[-122.551626163015,47.1950186318491],[-122.551743654177,47.195004892048],[-122.551849402553,47.1949839549735],[-122.551898303243,47.1949842944624],[-122.55194174938,47.1949787522563],[-122.551990104932,47.1949648119223],[-122.552106982222,47.1948844081192],[-122.552162516982,47.1948635391583],[-122.552227727151,47.1948589541381],[-122.5523668001,47.1948593123035],[-122.552545355053,47.19487043383],[-122.552602708021,47.1948634650352],[-122.552831066414,47.1948058489121],[-122.553006441833,47.1947801101318],[-122.553239205608,47.1946903817302],[-122.553345106905,47.1946713606779],[-122.553389311366,47.1946698904558],[-122.553430709104,47.1946739553258],[-122.553526887671,47.1946900754137],[-122.553662340038,47.1947336104058],[-122.553759497442,47.1947490272663],[-122.554034567047,47.1947345446914],[-122.554124478382,47.1947446046017],[-122.55425022951,47.1947711693435],[-122.554472796833,47.1948042429479],[-122.554580268944,47.1948263325744],[-122.554831392757,47.1948959238253],[-122.554909950471,47.19492469875],[-122.554948323346,47.194954871684],[-122.55504377908,47.1951362475903],[-122.555144134136,47.1952352569732],[-122.555255975826,47.1953189779323],[-122.555346743772,47.1953777042324],[-122.555381813251,47.195400393708],[-122.555444286263,47.1954294529394],[-122.555515545019,47.1954514994258],[-122.555547818011,47.1954536686821],[-122.555585756896,47.1954461379957],[-122.555675050674,47.1954136966614],[-122.555716982718,47.195405409318],[-122.555791161913,47.1953986059445],[-122.555857027598,47.1954111487861],[-122.555906065653,47.1954308472406],[-122.556085471201,47.1955188518042],[-122.556122184249,47.1955319125853],[-122.556217281266,47.1955459927091],[-122.556409312388,47.1955432652813],[-122.556596578166,47.1955474788642],[-122.556771693288,47.1955759063276],[-122.556852393401,47.1956080690894],[-122.557015341806,47.1957128207123],[-122.557050149983,47.1957286577207],[-122.557084774621,47.1957396983476],[-122.557358799625,47.1957766520093],[-122.557429185089,47.1958021409027],[-122.557723327104,47.1959703820129],[-122.557879349412,47.1960234470028],[-122.557952610617,47.1960630647526],[-122.557979688175,47.1960714138849],[-122.558010825198,47.1960701743575],[-122.558032468826,47.1960574474353],[-122.558047870977,47.1960393465115],[-122.558093734552,47.1958972845033],[-122.558130945856,47.1958445122127],[-122.558225014899,47.1957644538365],[-122.558251658418,47.1957509522578],[-122.558312349169,47.1957334166366],[-122.558382428731,47.1957246275537],[-122.558423645588,47.1957238942383],[-122.558600958376,47.1957487138654],[-122.558698039865,47.1957484125984],[-122.558809453347,47.1957388060145],[-122.558877914211,47.1957214063617],[-122.558980130676,47.1956755864123],[-122.559000309061,47.1956665410553],[-122.559046157233,47.1956554401558],[-122.559120257606,47.1956465790625],[-122.559248956482,47.195644974088],[-122.55927980447,47.1956361970695],[-122.559313073721,47.1956160500726],[-122.559416332102,47.1955501163268],[-122.559554916317,47.1954914250372],[-122.559619627428,47.1954307852261],[-122.559632485686,47.1954250710172],[-122.559661716812,47.1954266076185],[-122.559685310254,47.1954385295209],[-122.559733022298,47.1954760772179],[-122.559757628581,47.1955049578105],[-122.559819020454,47.1955319769829],[-122.559863301249,47.1955933919295],[-122.55996100746,47.1956545138616],[-122.559974222079,47.1956707073275],[-122.559982247283,47.1956963722353],[-122.559988395385,47.1957518019997],[-122.560001666924,47.1957852180234],[-122.560024168674,47.1957991065797],[-122.560050646876,47.1958064788234],[-122.560118586985,47.1958017038992],[-122.560308646562,47.1957611839579],[-122.560358305065,47.1957445293778],[-122.560421400023,47.1957372347657],[-122.560507346126,47.1957487317069],[-122.560544986864,47.195759717595],[-122.560618705225,47.1957933734448],[-122.560662456787,47.1958063074455],[-122.560967070867,47.1958276223734],[-122.561069442564,47.1958477399174],[-122.561160993326,47.195874220845],[-122.561192261135,47.1958764064431],[-122.56121821401,47.1958711444303],[-122.561245888366,47.195858309448],[-122.561269384018,47.1958414352043],[-122.56133508778,47.1957710126128],[-122.561387670182,47.1957498072663],[-122.561423092384,47.1957448975902],[-122.561516273101,47.1957425247411],[-122.561816002969,47.1957466729039],[-122.561967395973,47.1957597450622],[-122.562177705039,47.1957614819544],[-122.562258600177,47.1957723819686],[-122.562314519988,47.1957878411055],[-122.562369218421,47.195823891887],[-122.562418069386,47.1958648462511],[-122.562475494544,47.1958933060802],[-122.562505967493,47.1959009908008],[-122.562540172682,47.1959010666811],[-122.562617104549,47.1958873532239],[-122.562667846998,47.1958727353082],[-122.562797616219,47.1958203684961],[-122.562884286146,47.1957982532704],[-122.562960369903,47.195788668683],[-122.563149975276,47.1957489475045],[-122.56320817467,47.1957451669848],[-122.563260273944,47.1957250113235],[-122.56337652547,47.1956957860748],[-122.563523461151,47.1957017496679],[-122.563588583626,47.1957078586326],[-122.5636769992,47.1957161526634],[-122.563749299024,47.19571700283],[-122.563814105913,47.1956851287889],[-122.563841813795,47.1956417671019],[-122.563939603613,47.1956169289157],[-122.563980187648,47.1955997489784],[-122.564085639229,47.1955690698066],[-122.564169508321,47.1955264336556],[-122.564195887095,47.1955060787641],[-122.56426640197,47.1954300835486],[-122.56429664378,47.1954055457228],[-122.56431220043,47.1953966814435],[-122.564400989943,47.1953460883667],[-122.564483162132,47.1953117102201],[-122.56464289673,47.1952800618633],[-122.56473106875,47.1952709460304],[-122.564793394197,47.1952698337217],[-122.56497343491,47.1952954182743],[-122.565075944036,47.1952929029204],[-122.565245119966,47.1952713701627],[-122.565382869771,47.1952435415422],[-122.565446073516,47.1952129296436],[-122.565492299196,47.1951593074171],[-122.565545102581,47.1950790204619],[-122.565599790124,47.1950362185612],[-122.565663389695,47.1950158847058],[-122.565726030819,47.1950229942239],[-122.565827969506,47.1950820881828],[-122.565888734279,47.1951618284284],[-122.565977638848,47.1951979532222],[-122.566053322107,47.1952041440046],[-122.566220255762,47.1951504228047],[-122.566291891253,47.1951560000569],[-122.566444043371,47.1952149931294],[-122.566515653031,47.1952198850419],[-122.566568351598,47.1952038591132],[-122.566637322267,47.1951662871692],[-122.566710397345,47.195104642509],[-122.566754666805,47.1950263715987],[-122.566803669673,47.1949665293231],[-122.566898117468,47.1949113601838],[-122.567046422911,47.1948703133394],[-122.567170285763,47.1948214753358],[-122.567284743108,47.1947885752731],[-122.567360233965,47.1947343473108],[-122.567475683847,47.1947565301569],[-122.567638701129,47.1948050962898],[-122.567847291012,47.1949714128112],[-122.567925641173,47.1950782922922],[-122.567920129836,47.1951442146172],[-122.567889378336,47.19523390123],[-122.567891882568,47.1952989946151],[-122.567919416151,47.1953348427092],[-122.567956554119,47.1953588625513],[-122.568019169182,47.1953652856408],[-122.568095973344,47.1953539634782],[-122.568146203179,47.1953465588957],[-122.56825435305,47.1953212304002],[-122.568261173463,47.1953211084717],[-122.568272636194,47.1953169423292],[-122.568280871529,47.1953139490475],[-122.568357921323,47.1952830493303],[-122.56843361323,47.1952531277338],[-122.568517570837,47.1952201996277],[-122.568562875468,47.1951993920523],[-122.568613509175,47.1951718212202],[-122.5686858588,47.1951276737957],[-122.568728113864,47.1951002527267],[-122.568767870593,47.1950804962467],[-122.568807809605,47.195065497476],[-122.568854803878,47.1950522773046],[-122.568915115436,47.1950402470674],[-122.568933520442,47.1950380833682],[-122.568954062408,47.1950357407521],[-122.569005647019,47.1950329142927],[-122.569045530159,47.1950337980843],[-122.56905319066,47.1950339679881],[-122.569072149464,47.1950347347684],[-122.569151141828,47.195037930249],[-122.569225285918,47.1950404129042],[-122.569299502943,47.1950448003563],[-122.56936008853,47.1950503004569],[-122.569369604952,47.1950511644972],[-122.569424238978,47.1950549490688],[-122.569458861319,47.1950556399368],[-122.569474574038,47.1950559534837],[-122.569527555898,47.1950531009753],[-122.569574988475,47.1950513005111],[-122.569620915408,47.1950466691094],[-122.569665226821,47.1950363533535],[-122.569727468229,47.195020003307],[-122.569819838228,47.1949878765365],[-122.569898027042,47.1949502896252],[-122.569951488261,47.1949236206755],[-122.570017222533,47.1948891132685],[-122.570084498224,47.1948583883467],[-122.570122747408,47.1948358005088],[-122.570156955765,47.1948170947934],[-122.570181903468,47.1948118865782],[-122.570225110934,47.1948092091944],[-122.57029484622,47.1948060565394],[-122.570333974581,47.194806308317],[-122.570385817079,47.1948101423864],[-122.570439200265,47.1948177578689],[-122.570495193931,47.1948205647995],[-122.570588809952,47.19482079414],[-122.570648418119,47.1948123509095],[-122.57068885802,47.1948066228549],[-122.570845016534,47.1947725356677],[-122.570891120502,47.1947620535053],[-122.570935138113,47.1947441239459],[-122.571034195984,47.1947042587219],[-122.571136964795,47.1946519460499],[-122.571186162744,47.1946234480531],[-122.571260783123,47.1945689667398],[-122.571351202149,47.1944939602946],[-122.571460624081,47.1944153525007],[-122.571579985044,47.1943463505288],[-122.571718034327,47.1942655985327],[-122.571855516628,47.1941701786038],[-122.572007407039,47.19407613179],[-122.572145769112,47.1940035278637],[-122.572349944756,47.1939003887676],[-122.572485600119,47.1938196786835],[-122.57257419132,47.1937593818708],[-122.572657373479,47.1936828726362],[-122.572786737584,47.1935631351384],[-122.572869728995,47.1934817367866],[-122.573001295165,47.1933570663783],[-122.573114301957,47.1932292174978],[-122.57324747597,47.1930958878927],[-122.573305067038,47.1929953370655],[-122.573384690633,47.1928682065519],[-122.573441673936,47.1927519540711],[-122.573490779402,47.1926306048044],[-122.573525137965,47.19252523695],[-122.57353018689,47.1924570559161],[-122.57353483962,47.1923784060914],[-122.573515244826,47.1922687656643],[-122.573496856236,47.1921905290894],[-122.573501506548,47.1921118784795],[-122.57353788251,47.1920588503275],[-122.573546296338,47.1920520452608],[-122.573597489382,47.192010640421],[-122.573639536304,47.1919804327],[-122.57367973212,47.1919515537797],[-122.573754500438,47.1918978340692],[-122.573845428,47.1918647788837],[-122.573936158718,47.1918264889323],[-122.574025877866,47.1917620259361],[-122.574116666777,47.1916917580273],[-122.574189346576,47.1916176752217],[-122.57419399718,47.1915390283831],[-122.574167731131,47.1914556940759],[-122.574134699605,47.1914272590034],[-122.574120047489,47.1914146462462],[-122.574056397054,47.1913581724611],[-122.573977796123,47.1913124444885],[-122.573938396935,47.1912869630045],[-122.573891113003,47.1912563818936],[-122.573820388886,47.1912157483624],[-122.573772502651,47.1911694677242],[-122.573770483361,47.1911171244448],[-122.573807262312,47.1910745664897],[-122.573842671675,47.1910318534287],[-122.573869912545,47.1909989947413],[-122.573674499141,47.1909128465064],[-122.57369043316,47.1908836531581],[-122.573712475688,47.1908668020226],[-122.573723469122,47.1908336929359],[-122.573762492149,47.1907918536574],[-122.573753794053,47.1907426407234],[-122.573745994258,47.1907334006163],[-122.573720150573,47.1907267878027],[-122.573746896778,47.1907098523411],[-122.573743804136,47.1907016797741],[-122.573679527486,47.1906040961841],[-122.573676526221,47.1905794659652],[-122.57368472047,47.1905436643861],[-122.573674891202,47.1904807594739],[-122.573684683665,47.1904394439068],[-122.573678714477,47.1903984108752],[-122.573687855493,47.1903735629973],[-122.573695540428,47.1903641824455],[-122.573790033323,47.1903105695568],[-122.57381559479,47.1902889924992],[-122.573849676433,47.1902390134759],[-122.573860938175,47.1902305835777],[-122.573865865921,47.1901893551988],[-122.573884498276,47.1901561094138],[-122.573885818595,47.1901350494704],[-122.573902966682,47.1901092077966],[-122.573924859962,47.1900895617619],[-122.573958704567,47.19003135894],[-122.573983562521,47.1900082585573],[-122.573999952282,47.1900013277294],[-122.574026294869,47.1899687387836],[-122.574067510509,47.1899389003829],[-122.574088469161,47.189911728729],[-122.57412370388,47.1898864129637],[-122.574129149847,47.1898555143152],[-122.57415211975,47.1898304187169],[-122.574168867321,47.1897889783863],[-122.574178896522,47.1897558865232],[-122.574162550376,47.1897232675705],[-122.574184118606,47.1896899690852],[-122.574231225605,47.1896606278235],[-122.574267704988,47.1896144182446],[-122.574323331207,47.1895722810235],[-122.57436313801,47.1895226374378],[-122.574447826627,47.1894568857229],[-122.57452628727,47.1893715529791],[-122.574551570736,47.1893542592901],[-122.574613999312,47.1892830098962],[-122.574705029379,47.1892148129768],[-122.574787817487,47.1891196382385],[-122.574791608881,47.1890948864716],[-122.574815276121,47.189045093901],[-122.574813287339,47.1890039895027],[-122.574832839917,47.1889789547676],[-122.574834674075,47.1889295532374],[-122.574846226611,47.1889046619876],[-122.574847123993,47.1888799618493],[-122.574837482961,47.1888636787435],[-122.574840252048,47.1887978052359],[-122.574861911947,47.1887398206366],[-122.574860562131,47.1887069327882],[-122.57484939334,47.1886906770853],[-122.574863178133,47.1886246059914],[-122.574876302061,47.1885914585341],[-122.574866232485,47.1885504990706],[-122.57482561035,47.1885018587656],[-122.574820637852,47.188477264181],[-122.574774630022,47.1884287212795],[-122.574779203939,47.1884190130135],[-122.57480166008,47.188403552427],[-122.574800741643,47.1883130610017],[-122.574824446379,47.1881892158653],[-122.574825928089,47.1881233651581],[-122.574831445493,47.1881068101636],[-122.574827960985,47.188082188613],[-122.574849953092,47.1879254612854],[-122.574901049078,47.1877764407501],[-122.574987348316,47.1876107161044],[-122.575121131762,47.1874472097126],[-122.575193623029,47.1874009233934],[-122.575318337922,47.1873771406383],[-122.575633026975,47.187399975746],[-122.57582927778,47.1873770988367],[-122.575860743339,47.1873313565796],[-122.575834150826,47.1872948861345],[-122.575579723979,47.1872698277126],[-122.575513555535,47.1872390504674],[-122.575513141361,47.1872388579577],[-122.575506273731,47.1871813853069],[-122.57568400257,47.187013636118],[-122.575977091542,47.1868355875118],[-122.576174657733,47.1866181133377],[-122.576260307918,47.1864938687409],[-122.576277638884,47.1864687276765],[-122.576278036134,47.1864681591205],[-122.576278068231,47.1864680839436],[-122.576320096998,47.186368670857],[-122.576332930331,47.1863519844494],[-122.576353943983,47.1862940110733],[-122.576399570736,47.1862191390011],[-122.57648528806,47.1860448122844],[-122.576497177863,47.1860250951307],[-122.576545479571,47.1859449954234],[-122.57656946379,47.1858789479838],[-122.57659660556,47.1858042014048],[-122.576620744044,47.185770855124],[-122.576655795423,47.18570439916],[-122.576792008148,47.1855334737981],[-122.57691309109,47.1854071939512],[-122.576954512696,47.1853661874404],[-122.576989722843,47.1853403779911],[-122.577001165159,47.1853241547519],[-122.577095001037,47.1852538480173],[-122.577229948162,47.1851625893993],[-122.577254588135,47.1851506005139],[-122.577280690734,47.1851254476578],[-122.577306793928,47.1851127736923],[-122.577342906036,47.1851103155409],[-122.577363841828,47.1850992702629],[-122.577397747471,47.1850657492091],[-122.577436960715,47.1850456816477],[-122.577467494281,47.1850362744162],[-122.577474633451,47.1850232281839],[-122.577490828339,47.1850113360671],[-122.577569336194,47.1849639313063],[-122.577934540875,47.1848045761223],[-122.578071877676,47.1847523295485],[-122.578112210592,47.1847237939079],[-122.578136528861,47.184722205357],[-122.578166497907,47.1847096811487],[-122.578199080588,47.1846918991593],[-122.578230587862,47.1846577352634],[-122.578266788619,47.1846575790743],[-122.578290386332,47.1846436062546],[-122.578385735568,47.1846125192224],[-122.578439656777,47.1845764435027],[-122.578449132928,47.1845614079082],[-122.578470608157,47.1845445662226],[-122.578479514735,47.1845408129963],[-122.578515952903,47.1845467683618],[-122.578555796493,47.1845430354437],[-122.578669901491,47.184470552676],[-122.57868396393,47.1844419957868],[-122.578720759963,47.1844166504104],[-122.578727532489,47.1844003743183],[-122.578770112758,47.1843956316561],[-122.578823327195,47.1843808253113],[-122.578894231819,47.1843418111659],[-122.578942209867,47.1843341201365],[-122.578977567802,47.1843121740171],[-122.579025515713,47.1843037149952],[-122.579065473911,47.1842821244434],[-122.579112959255,47.1842450401207],[-122.579119403731,47.1842348589224],[-122.5791551793,47.1842236842451],[-122.579226112107,47.1841854101775],[-122.57936902119,47.1841358593696],[-122.579392451938,47.1841175827582],[-122.579412255856,47.1841095477832],[-122.580633564721,47.1848201830713],[-122.581357946011,47.1854385161119],[-122.581439926899,47.1854950275286],[-122.581515932775,47.185555296369],[-122.581585594995,47.1856190284066],[-122.581648575324,47.1856859148796],[-122.581719506084,47.1857764350869],[-122.582390561216,47.186276195545],[-122.584121578302,47.1872121728207],[-122.584170326654,47.1872149417321],[-122.591334599905,47.187620188737],[-122.622735680112,47.188820202193],[-122.623835704247,47.1939201922228],[-122.622135724839,47.2092202329933],[-122.600534644466,47.2097202316533],[-122.593853639484,47.2150112582547],[-122.587259307951,47.2202357021182],[-122.582109612571,47.2243132772528],[-122.575534592338,47.2295212983203],[-122.56543359894,47.2468213413846],[-122.561420598488,47.2458013443276],[-122.559976235026,47.2457351097927],[-122.560177389707,47.2427407037524],[-122.559325458445,47.2427478734186],[-122.558163923503,47.2427304838577],[-122.55780708657,47.2426869379748],[-122.556958726158,47.2426982254337],[-122.556704280088,47.2426971229006],[-122.556212788572,47.2426950177461],[-122.555120721307,47.2426929508469],[-122.552990575008,47.242687304632],[-122.551500134285,47.2426802816393],[-122.550305940159,47.242682837482],[-122.548996301505,47.2426911257559],[-122.548207334005,47.2426873657656],[-122.547665162675,47.2426847779724],[-122.546925517167,47.2426796168123],[-122.545016870876,47.2426796879205],[-122.542360493922,47.2426906415104],[-122.541558680962,47.2426815781712],[-122.539756612132,47.2426819590819],[-122.537053777839,47.242682694883],[-122.535725156374,47.242686257499],[-122.534396494095,47.2426898058625],[-122.533060371435,47.2426930596726],[-122.532783844815,47.2426936602606],[-122.53246195088,47.2426938826456],[-122.529992666717,47.2426989648262],[-122.529869228103,47.2426999482754],[-122.526312494213,47.24272820574],[-122.517424001851,47.2427830183104],[-122.515944292199,47.2427913493379],[-122.515783037466,47.2432215024711],[-122.515762659401,47.2433202329414],[-122.515717421353,47.2434969292162],[-122.515719477577,47.2440184462959],[-122.515775439624,47.2470296536998],[-122.515847367858,47.2500121952253],[-122.515827482403,47.2520928514847],[-122.515801642902,47.2537381480837],[-122.515801765475,47.2539839219671],[-122.515801359201,47.2540138066752],[-122.515801782643,47.2540182938],[-122.515801786219,47.2540251805603],[-122.515934387612,47.255423028058],[-122.514349391755,47.2554320913215],[-122.514115011705,47.2554283229428],[-122.513842828308,47.2554230184263],[-122.513012514137,47.2554062958944],[-122.511729843841,47.2554005226965],[-122.511218459096,47.2553982158106],[-122.510294071355,47.2554025253134],[-122.505121847096,47.2553767447832],[-122.503803761136,47.2553663431619],[-122.500726127654,47.2553461275676],[-122.499169793143,47.2553339190517],[-122.497853529669,47.2553323035794],[-122.496011187862,47.2553198298119],[-122.494283412613,47.2553172288589],[-122.491661597175,47.255314812473],[-122.490456024934,47.2553108535914],[-122.488982091487,47.2552936640532],[-122.486583037656,47.2552858263411],[-122.48511354924,47.2552798108526],[-122.483635362449,47.2552694828106],[-122.482166851437,47.2552768233259],[-122.480690897483,47.255273440366],[-122.479220065676,47.2552713220657],[-122.477744768242,47.2552715102082],[-122.476269361242,47.2552687469409],[-122.474798012873,47.2552667461432],[-122.474181470612,47.2552898440523],[-122.473607641683,47.2554075957789],[-122.473404377522,47.2554337944725],[-122.472485719773,47.2554403645803],[-122.471355865689,47.2554414440877],[-122.470226494051,47.2554424774926],[-122.469090065451,47.2554432904807],[-122.46832427961,47.255444486138],[-122.46713819971,47.2554500729256],[-122.46595284091,47.2554522897428],[-122.465053380551,47.2554452007787],[-122.464688456018,47.2554810656795],[-122.464514910684,47.2555038095723],[-122.464237645237,47.2555520353665],[-122.463909678983,47.2556446711227],[-122.463640524962,47.2557560829116],[-122.463004698149,47.2560925868969],[-122.461487056337,47.2562440403149],[-122.460054005739,47.2563956612],[-122.458620942892,47.2565460571725],[-122.457182972631,47.2567012901406],[-122.455759398056,47.2568504748323],[-122.45432218958,47.256999351945],[-122.452890599042,47.2571489659945],[-122.451455355611,47.2572968957079],[-122.450021690849,47.2574463449659],[-122.447068703359,47.2577554311658],[-122.446338227115,47.2578313335093],[-122.445820067608,47.2578868805521],[-122.445612040373,47.257926712818],[-122.445293846581,47.258011260475],[-122.444622470666,47.2582153573164],[-122.443964794253,47.2584230057119],[-122.443318130133,47.2586278864936],[-122.442657947155,47.2588355693197],[-122.442000162317,47.2590406290468],[-122.442267310124,47.2594321924697],[-122.441538038795,47.259660278127],[-122.440739308506,47.2584396006401],[-122.440436493535,47.2584773369108],[-122.440339106426,47.2584800381032],[-122.440416120005,47.2585846078328],[-122.440490558948,47.2587048250881],[-122.440790037477,47.2592333578889],[-122.440823362942,47.2593629294456],[-122.440914680291,47.2595967322686],[-122.440981964901,47.259827673604],[-122.44098859381,47.2599230011347],[-122.440974058365,47.2600056556833],[-122.441018022121,47.2602087953051],[-122.441221453894,47.2609005225971],[-122.441328629348,47.261178404908],[-122.440982834766,47.2612623880095],[-122.440795955925,47.2612926145162],[-122.440603465923,47.261299102575],[-122.440436151002,47.2612806456443],[-122.440339312695,47.2612634052206],[-122.44018181296,47.2612248234884],[-122.440056083014,47.2611835706271],[-122.43994927826,47.261137640435],[-122.439858219846,47.2610871130728],[-122.439760215802,47.2610193420565],[-122.439686358282,47.2609598603012],[-122.439625263777,47.2609001368259],[-122.439518587484,47.2607685287938],[-122.439291382941,47.2604329235036],[-122.43919579182,47.2605624329648],[-122.439159268383,47.2605739874075],[-122.43946460251,47.2610215763852],[-122.43989989335,47.2614087107199],[-122.440023657283,47.2615384432472],[-122.440432117391,47.2621301736657],[-122.440322755452,47.2620804194635],[-122.43872746811,47.2638105354151]]]},"properties":{"OBJECTID":3,"District_Number":4,"Maplabel":"District #4","Council_Member":"Rosie Ayala","Phone":"798-7590","Email":"rocio.ayala@piercecountywa.gov","council_homepage":"http://www.co.pierce.wa.us/index.aspx?NID=1389","Address":"930 Tacoma Ave. S., Room 1046 Tacoma, WA 98402"}},{"type":"Feature","id":4,"geometry":{"type":"Polygon","coordinates":[[[-122.397646606311,47.1186441261778],[-122.393252998435,47.1185969349189],[-122.393159734918,47.118600081087],[-122.393075784224,47.1185961084278],[-122.389222440919,47.1185597396674],[-122.381885017751,47.1184061313085],[-122.380051558885,47.1184261476456],[-122.377236000192,47.1184649986973],[-122.376785999535,47.1183929986448],[-122.376489000254,47.1183119993446],[-122.376112574117,47.1181660391784],[-122.375851550417,47.1180266171731],[-122.37578764733,47.117992483812],[-122.375574334579,47.1178785449524],[-122.375356177984,47.1177359526712],[-122.375031227112,47.1175292958743],[-122.375006087771,47.1175130839367],[-122.374997844643,47.1175080658116],[-122.37490818525,47.1174510450419],[-122.374876425448,47.1174341473705],[-122.37484649626,47.1174159268626],[-122.374668181771,47.1173233517956],[-122.374530025361,47.1172636933234],[-122.374494679705,47.1172500175565],[-122.374425231298,47.1172206634987],[-122.374180152186,47.117128320458],[-122.373966941236,47.1170615417748],[-122.370804760633,47.1160650785012],[-122.369657893295,47.1157120275496],[-122.369237027542,47.1155770476245],[-122.369017379533,47.115491166737],[-122.368849835733,47.1154190598627],[-122.368691662446,47.1153385145229],[-122.368323911158,47.1151432504289],[-122.36727756423,47.1145802209133],[-122.365490860332,47.1136175135862],[-122.365311310446,47.1135243966853],[-122.364934389887,47.1133397637273],[-122.361164782619,47.1116237899542],[-122.360176566406,47.1111722675297],[-122.359863621029,47.1110314304099],[-122.35971927513,47.1109823314073],[-122.359603192504,47.1109490400624],[-122.359467363891,47.1109174108642],[-122.359318056953,47.1108968318386],[-122.359058774821,47.110879009638],[-122.358861880966,47.1108786403366],[-122.357746824276,47.1108435377394],[-122.357547415004,47.1108529701588],[-122.354866071685,47.1109020899679],[-122.354160870547,47.1109060340854],[-122.352032652044,47.1109586874928],[-122.350796325947,47.1109716195217],[-122.34987148125,47.1109923849256],[-122.349023608803,47.1110051096075],[-122.346670141651,47.1110308547959],[-122.342862354651,47.1110653913933],[-122.341344072389,47.1110810182827],[-122.338144518472,47.1111106662699],[-122.336392550088,47.111119005272],[-122.33602001842,47.1111172752772],[-122.335550653996,47.1111255846791],[-122.332862601609,47.1111291580147],[-122.330832180851,47.1111391696923],[-122.328778343387,47.1111386002913],[-122.325444893281,47.1111526838674],[-122.324863631033,47.111150979465],[-122.324416088191,47.1111429647699],[-122.321818538002,47.1111295492469],[-122.32058734957,47.1111217470055],[-122.318546543095,47.111108785497],[-122.317337000817,47.1111082669075],[-122.316130836679,47.1110983302649],[-122.31518658926,47.1110978685446],[-122.314909868716,47.1110913284501],[-122.31488450055,47.1070222047573],[-122.314868854323,47.105929964987],[-122.314870016061,47.1056056976954],[-122.31488297226,47.1051821298044],[-122.314883843754,47.1043105956646],[-122.314867197642,47.103906087629],[-122.314910769222,47.103538808781],[-122.314904453094,47.1020953494941],[-122.314926184237,47.1020227151647],[-122.314970294909,47.1019848604203],[-122.314870713986,47.1019630588888],[-122.314860773104,47.0981464870329],[-122.314864260762,47.0973704870979],[-122.314885166791,47.0970493913389],[-122.31488177723,47.0965090276508],[-122.314860974485,47.0965090531693],[-122.31358542914,47.096511320065],[-122.308949775087,47.0964984031985],[-122.308583120511,47.0964973735219],[-122.307305989491,47.0964967661629],[-122.307284187197,47.0964967557712],[-122.30728157674,47.0964967431446],[-122.304203990701,47.0964821691311],[-122.302902545324,47.0964364542214],[-122.302047805974,47.0964170772308],[-122.3004224451,47.0964186230667],[-122.299364130743,47.0964424129891],[-122.299070355354,47.0964555737769],[-122.298380749076,47.0965261560699],[-122.298031103984,47.096572821064],[-122.297575838644,47.0966604562927],[-122.297132319883,47.0967704230089],[-122.296792649864,47.0968693928649],[-122.296555099937,47.0969452163398],[-122.296251798828,47.0970642156639],[-122.295941016807,47.0972058186219],[-122.295598528978,47.0973854036572],[-122.295379218916,47.0975134059909],[-122.294979515358,47.0977875361612],[-122.294656906772,47.0980544736176],[-122.294656450725,47.0980548528642],[-122.294605542146,47.0981036446192],[-122.29445971635,47.0982434122079],[-122.294258440542,47.0984198397296],[-122.294175606568,47.0984867002319],[-122.294078705059,47.0985425354317],[-122.29397266848,47.0985722920609],[-122.293882624785,47.0985868002499],[-122.293523913479,47.0985860094519],[-122.293603978223,47.0935039743047],[-122.293636655442,47.0906071971588],[-122.293661450403,47.0891378335171],[-122.293666758753,47.0888233753024],[-122.293677812362,47.0879205281293],[-122.293711115901,47.0863776137527],[-122.293722603718,47.0856132565323],[-122.293748028252,47.0845729223106],[-122.293763945472,47.0832916935422],[-122.293783348727,47.0829495903986],[-122.293796762329,47.0818428254454],[-122.293895988628,47.0803133630142],[-122.293895124403,47.0801523625432],[-122.293931749595,47.0794943802318],[-122.294031865373,47.0779472414524],[-122.29404389554,47.0776321844493],[-122.294138425946,47.0762779589],[-122.294189244145,47.0754146405479],[-122.294218742281,47.0748273610296],[-122.294263448456,47.0743519874438],[-122.294307596046,47.0735585152011],[-122.294364727737,47.0727053546183],[-122.294474676384,47.0712288166704],[-122.294620219376,47.068792820368],[-122.294681076136,47.0676119216944],[-122.294702769912,47.0670798041282],[-122.294728370583,47.0630713364381],[-122.294742405184,47.0608342662127],[-122.294737877398,47.0603391965368],[-122.2947738293,47.0572708173607],[-122.294769089589,47.0563632417936],[-122.29478130749,47.0548369561753],[-122.294784478281,47.0530811758119],[-122.29503773905,47.0484727509543],[-122.295053793124,47.0479619733234],[-122.295182730173,47.0458348089123],[-122.295400201154,47.0421860315784],[-122.295535367159,47.0403719945046],[-122.295691738593,47.0376543328974],[-122.295816909818,47.0349265939738],[-122.295889418269,47.0331195067174],[-122.295922126943,47.0326189982178],[-122.295973623271,47.0312627044055],[-122.296127533002,47.0266566947919],[-122.296130725695,47.0252653600511],[-122.296168613499,47.02464239538],[-122.296196471713,47.0233486678911],[-122.296237723877,47.0225666626796],[-122.296263794875,47.0205474654519],[-122.29632323816,47.0166682439023],[-122.288511032659,47.0165562574988],[-122.285749140332,47.0165165656399],[-122.275104861169,47.0163619272488],[-122.272465018604,47.0163708308193],[-122.26986640494,47.0163652196886],[-122.265601650593,47.0163678488761],[-122.259168086227,47.0163634145219],[-122.257596395878,47.0163659348489],[-122.253967786742,47.0163716282908],[-122.24783663548,47.0163546937243],[-122.247523624709,47.0163538152929],[-122.247027376512,47.0149941995961],[-122.246524596151,47.0135806513657],[-122.246258001491,47.0128714877546],[-122.246111854763,47.0124506347308],[-122.2454861465,47.0107471080262],[-122.244980530725,47.0093215012367],[-122.244868846618,47.0090296287204],[-122.244551479124,47.0081537409605],[-122.244204507083,47.0072213103168],[-122.243189652234,47.0044081212753],[-122.242925728668,47.0037006636288],[-122.24218186332,47.0015758094897],[-122.241760689394,47.000414830132],[-122.241654409264,47.000171222881],[-122.24157466966,47.0000083952288],[-122.241497326268,46.9998800596332],[-122.241417959736,46.9997672780015],[-122.241220680534,46.9995198621144],[-122.240707140001,46.9989750465491],[-122.240606913834,46.9988418455944],[-122.240561704234,46.9987700151643],[-122.240455580744,46.9985397058822],[-122.240300147731,46.9984547019876],[-122.239304533068,46.9979454883402],[-122.238120390277,46.9973509901538],[-122.237903977239,46.9972442764574],[-122.237544309225,46.9970968558852],[-122.237343716327,46.9970270092748],[-122.237128723913,46.9969631118289],[-122.236949789246,46.9969172646684],[-122.236621906495,46.9968493353938],[-122.236198532914,46.9967985855671],[-122.235960024117,46.9967836106558],[-122.235755343745,46.9967809884657],[-122.235375693939,46.9967909831446],[-122.235192484816,46.9968066038342],[-122.234947063524,46.9968359958057],[-122.234619195259,46.9968980577165],[-122.234377006396,46.9969631350945],[-122.234129115635,46.997045438729],[-122.233962186102,46.9971136344898],[-122.233713128378,46.9972245327706],[-122.233457341565,46.9973855005534],[-122.23323655348,46.9975316530385],[-122.232992075699,46.9977203143456],[-122.232549101634,46.9980355111894],[-122.232407983886,46.9981261890213],[-122.231979531339,46.9983594637166],[-122.231796345032,46.9984422171637],[-122.231597932575,46.9985051775531],[-122.231349528071,46.9985717678754],[-122.231104554879,46.9986154334835],[-122.23074237973,46.9986494490305],[-122.230477057379,46.9986448484437],[-122.23015869254,46.9986124931191],[-122.229866635508,46.9985554705202],[-122.22957587834,46.9984726748254],[-122.229325077722,46.9983870303622],[-122.228920441772,46.9982694108588],[-122.228607807027,46.9981555391979],[-122.227871667914,46.9978566122809],[-122.226958781056,46.9975146105345],[-122.226152523447,46.9971647256318],[-122.225849002693,46.9970221322041],[-122.225538631318,46.9968482385923],[-122.225218654106,46.9966358999461],[-122.224991875229,46.9964636062732],[-122.224800927771,46.9963036383085],[-122.2245514515,46.9960745280779],[-122.22434780602,46.9958433055926],[-122.224175546921,46.9956144935066],[-122.224056586996,46.9954191390059],[-122.223911179362,46.9951160668586],[-122.223831069771,46.9948958589269],[-122.22377092411,46.9946468023975],[-122.223744471834,46.994407224299],[-122.223745517358,46.9942429299844],[-122.223766560087,46.9939869267387],[-122.223809753626,46.993770606602],[-122.223959296059,46.9932898491409],[-122.224161949246,46.9928368463604],[-122.224313702164,46.9925546167155],[-122.224459997244,46.9922986042144],[-122.226639512816,46.9886863595622],[-122.227454030396,46.9873301169833],[-122.228039300316,46.9873384630542],[-122.2280087598,46.9879029302691],[-122.228766892139,46.9878996415569],[-122.228863714152,46.9867638601242],[-122.22901933412,46.9867655348554],[-122.229487252706,46.9866454401149],[-122.229558427358,46.9856983698584],[-122.228720435425,46.9859187434201],[-122.228497781639,46.9859581214873],[-122.227897425654,46.986052089497],[-122.227896067922,46.9860096829459],[-122.227870091826,46.9858505100639],[-122.227826099955,46.985639361165],[-122.227656196811,46.9856413603843],[-122.226874451113,46.9856488532441],[-122.226619640468,46.9856550846145],[-122.226494872949,46.985851538385],[-122.226424216114,46.9859229433323],[-122.226362550011,46.98596470413],[-122.226310350994,46.9859904433717],[-122.226271081712,46.9860069113071],[-122.226195285437,46.9860216494769],[-122.22610612565,46.9860320627981],[-122.224850325614,46.9860554178369],[-122.224320331703,46.986070150462],[-122.222918209787,46.9860797662279],[-122.222722540875,46.9860781663606],[-122.222556569753,46.986071569354],[-122.222373798375,46.9860584216477],[-122.221920681474,46.9859880439795],[-122.221370341849,46.9858850821606],[-122.221056304046,46.9858614148867],[-122.220811213128,46.9858696277069],[-122.220714896407,46.9858642632035],[-122.220554524594,46.9858258217252],[-122.220333349108,46.9857519748598],[-122.217724229322,46.9857929502277],[-122.217557161888,46.985799691754],[-122.217189341208,46.985826372948],[-122.216853334401,46.9858780025092],[-122.21667031231,46.9859199469056],[-122.21647684598,46.9859737035198],[-122.216155304669,46.9860908546001],[-122.21587703732,46.9862052489754],[-122.214971994132,46.9866310625247],[-122.214352074216,46.9869137459869],[-122.214020440655,46.987055421792],[-122.21357630357,46.9872146778794],[-122.213318284101,46.9872842252311],[-122.211625932092,46.9876984020035],[-122.211191287166,46.9878161486995],[-122.210473135089,46.9880303344628],[-122.210047778496,46.9881479391804],[-122.209304953945,46.9883667068388],[-122.207339723499,46.9889216102119],[-122.206996135608,46.989028448029],[-122.206790739165,46.9890972010685],[-122.206328336611,46.9892694236437],[-122.205959062211,46.9893967962827],[-122.205587547229,46.9895040431695],[-122.205369031167,46.9895496761439],[-122.204952735147,46.9896109605893],[-122.204761124038,46.9896265203453],[-122.204542957182,46.9896350396908],[-122.203898653752,46.9896382043922],[-122.203650981865,46.9896439777165],[-122.203505640438,46.9896524881757],[-122.203301784374,46.989672477423],[-122.203053426036,46.9897047525573],[-122.202779409067,46.9897596756757],[-122.202496432793,46.9898253435638],[-122.202314822949,46.9898619516106],[-122.201920354751,46.9899292647571],[-122.201748858005,46.9899434528604],[-122.201557044254,46.989952647282],[-122.201194728488,46.9899579957607],[-122.200565549996,46.989950304619],[-122.200341079924,46.9899546862972],[-122.200189567688,46.9899632838662],[-122.19991454481,46.9899864014937],[-122.199772687661,46.9900075817618],[-122.199452501676,46.9900716519555],[-122.199114727585,46.9901677942557],[-122.198944765395,46.9902307173211],[-122.197682418682,46.9907295096867],[-122.196853460594,46.9910681879085],[-122.196569248873,46.9911932079461],[-122.196314183506,46.9913082550977],[-122.196149493806,46.9913912539537],[-122.195600920011,46.9916812852543],[-122.195406349904,46.9918007326048],[-122.194848757477,46.9921216643303],[-122.194785513015,46.9921575344527],[-122.194508182469,46.9923385599846],[-122.194155720513,46.9926493693382],[-122.193993392267,46.9928371780953],[-122.193863292832,46.9930953245985],[-122.193699981752,46.9935136842585],[-122.193547853226,46.9940215052076],[-122.193500333493,46.9942494497789],[-122.193414096371,46.9945684833698],[-122.193212411004,46.9953145994823],[-122.192585938275,46.9953132693697],[-122.192234549044,46.9953217227394],[-122.192227012324,46.9953217694856],[-122.190134289657,46.9953353662048],[-122.190135136768,46.9954622540871],[-122.190143606115,46.9967300455347],[-122.190144640111,46.9968848451517],[-122.190145672395,46.99703947475],[-122.190145673601,46.9970396412037],[-122.190145927143,46.997077539743],[-122.186690886522,46.9962098095392],[-122.186469215364,46.9962042028599],[-122.18606102947,46.9961995099313],[-122.184854134841,46.9961588042724],[-122.184404091339,46.9961467516455],[-122.18332220342,46.9954860497349],[-122.18038705373,46.995554181659],[-122.180267344856,46.9955569598469],[-122.180147633532,46.9955597368491],[-122.179584114494,46.9955728072309],[-122.179195704507,46.99557741252],[-122.179193415751,46.9955774395545],[-122.179071734364,46.9955788811056],[-122.179068868686,46.9955789173644],[-122.178963643667,46.9955801621414],[-122.178961422255,46.9955801892874],[-122.178286595016,46.9955881866579],[-122.178022122903,46.9955913187995],[-122.1775087463,46.9955973974863],[-122.177027328799,46.9956030953043],[-122.176328587261,46.9956113644095],[-122.176328514716,46.9956113646417],[-122.176309634482,46.9956115879301],[-122.176306079531,46.9956116297561],[-122.176180694045,46.9956131138939],[-122.176043555788,46.9956147353284],[-122.176036861828,46.9956148148354],[-122.175923654531,46.9956161531553],[-122.175855632551,46.9956169575677],[-122.171748801014,46.9956786949605],[-122.169004472556,46.9957242017691],[-122.169075255374,46.9918401055801],[-122.169076716714,46.9918202524723],[-122.169080052411,46.9917012848908],[-122.169080298404,46.99157620565],[-122.169080425189,46.9915564609981],[-122.169082671623,46.9914793934175],[-122.169077027501,46.991481507629],[-122.169071992447,46.9916465971128],[-122.168988513828,46.9916637679287],[-122.168763325047,46.99169439882],[-122.168568538479,46.9916972188543],[-122.168360803849,46.991674062396],[-122.16807742877,46.9916233955984],[-122.168029937269,46.9916093004831],[-122.167982955355,46.9917270588686],[-122.167973946914,46.9917260916809],[-122.16796159923,46.9917156294164],[-122.167942360573,46.9916806116718],[-122.167924298628,46.9916759090997],[-122.167797199434,46.9916732231506],[-122.167766282161,46.9916584769937],[-122.167731236472,46.9916541029651],[-122.16771933616,46.9916581144006],[-122.16753866152,46.991648057817],[-122.167502228696,46.9916364084274],[-122.167441156511,46.9916302708626],[-122.167417679149,46.9916241107487],[-122.167405390042,46.9916155399132],[-122.167381582635,46.9916233442351],[-122.167344969087,46.9916058830079],[-122.16729686639,46.9916057015271],[-122.167260324389,46.991590515799],[-122.167248512978,46.9915974052646],[-122.16722456748,46.9916007404317],[-122.167218142564,46.9915938405076],[-122.167200117252,46.9915877388858],[-122.167103967305,46.9915891565186],[-122.167086860811,46.9915790377941],[-122.167031234047,46.9915701338627],[-122.167026728618,46.9915786731184],[-122.167019526772,46.9915803950897],[-122.167007298727,46.9915737984876],[-122.166922618977,46.9915572785871],[-122.166910320665,46.9915484067051],[-122.166874277555,46.9915493670444],[-122.166821523468,46.991532275655],[-122.166789589871,46.99153260061],[-122.166753211851,46.9915227045798],[-122.16670529974,46.9915286910261],[-122.166585113898,46.9915305654987],[-122.166548796488,46.9915226436861],[-122.166490256566,46.9915206107492],[-122.166452151435,46.9915080250574],[-122.166428090816,46.9915076324544],[-122.16640376863,46.9914987695374],[-122.166331791627,46.9915042253285],[-122.166271651074,46.9915035866783],[-122.166227217298,46.9914872251877],[-122.16618674867,46.9914798572004],[-122.16612667797,46.991481492928],[-122.166102836137,46.9914881730518],[-122.166054709005,46.9914871960789],[-122.166033414374,46.9914738730532],[-122.165975178869,46.9914622369355],[-122.165947323095,46.9914362831977],[-122.165910819446,46.9914119367757],[-122.165819106432,46.9913739898278],[-122.165798166134,46.9913565481439],[-122.165725489472,46.9913393330917],[-122.165691257981,46.9913171751995],[-122.16558017478,46.9913061369722],[-122.1655196694,46.9912936829763],[-122.165491572141,46.9912832834895],[-122.165488265984,46.9912800399746],[-122.165498801834,46.9912552051178],[-122.165464921284,46.9912145570062],[-122.165461850847,46.9911981462988],[-122.165470890545,46.9911651057998],[-122.165492552862,46.9911358595445],[-122.165494686867,46.9911153967147],[-122.165470489977,46.9910910637487],[-122.165444420959,46.991050302754],[-122.16541834826,46.9909665120575],[-122.165385916099,46.9909441904037],[-122.165369249084,46.9909197486153],[-122.165384967614,46.9909030666928],[-122.165390415469,46.9908783042637],[-122.165418673133,46.990861441153],[-122.165425069472,46.9908284385751],[-122.165412556341,46.9907957092316],[-122.165382309406,46.9907714636678],[-122.165367352996,46.9907439803975],[-122.165357335712,46.9907389143644],[-122.165356828134,46.9907224668958],[-122.165368246172,46.9907119075169],[-122.165390426614,46.9906643886528],[-122.165387262073,46.9906150691462],[-122.165413969598,46.9905960338731],[-122.165436046341,46.9905321708438],[-122.165463921542,46.9904951554987],[-122.165477132681,46.9904492202998],[-122.165487815839,46.9904408383859],[-122.165496189338,46.9904160336704],[-122.165480093042,46.9904009638665],[-122.165478041348,46.9903916135704],[-122.165484143575,46.9903750703124],[-122.165473085383,46.9903505474874],[-122.165472832527,46.9903176409826],[-122.165465118365,46.9903053562939],[-122.165462882576,46.9902355096377],[-122.165435987709,46.9902029881102],[-122.165405436212,46.9900753819002],[-122.165379591824,46.9900145698674],[-122.165365006147,46.9900030152397],[-122.165335042478,46.9899905312282],[-122.16532273028,46.9899577981443],[-122.165331881984,46.9898841939753],[-122.16535397359,46.9898727950145],[-122.165378467641,46.9898171248656],[-122.165372431945,46.989800756997],[-122.165348474867,46.98977642054],[-122.165351412193,46.9897599230161],[-122.165375158566,46.9897280409879],[-122.165417874427,46.9897095974167],[-122.165458029684,46.9896431971142],[-122.165470060047,46.98957720294],[-122.165434391781,46.9895201247419],[-122.165388835495,46.9894751204448],[-122.165346459104,46.989459141104],[-122.165306727961,46.9894561493702],[-122.165305914122,46.9894479335879],[-122.165334114038,46.9894292615298],[-122.165340312878,46.9894145263885],[-122.165316725203,46.9893930370757],[-122.16531357874,46.989382002509],[-122.16529756704,46.9893657790535],[-122.165260389643,46.9892922683473],[-122.165228519584,46.9892621769433],[-122.165213293883,46.9892220279469],[-122.165171206171,46.9891829236095],[-122.165140646322,46.9891705855651],[-122.16513795757,46.9891653039342],[-122.165123046064,46.9891626123044],[-122.165105018438,46.9891381901319],[-122.165097686762,46.9891136134295],[-122.16502132076,46.9890312619877],[-122.164988360488,46.9890164617975],[-122.164946097402,46.9889885504675],[-122.16493853742,46.9889760438405],[-122.164931299325,46.9889350109664],[-122.164911455357,46.9889270700868],[-122.164843962678,46.9888789811995],[-122.16481961233,46.9888691582148],[-122.164746086951,46.9888243111273],[-122.164665236912,46.9887538164864],[-122.164635809719,46.988741818479],[-122.164613028514,46.9887256924311],[-122.164582027225,46.9886886223201],[-122.164533241083,46.9886506303281],[-122.164481430081,46.9886288620105],[-122.164436255203,46.9885883767127],[-122.16443403818,46.9885801811886],[-122.164441195782,46.9885718502788],[-122.164434031954,46.9885708570055],[-122.164425851226,46.9885772283546],[-122.16441376958,46.9885753459469],[-122.164389399148,46.988564864686],[-122.164322069468,46.9885519598742],[-122.164304479367,46.988540393652],[-122.164259546849,46.9885415632975],[-122.164228674772,46.9885255540089],[-122.164206965307,46.9884974004708],[-122.164182541702,46.9884851924254],[-122.164121872435,46.9884673099249],[-122.164025264768,46.9884537029784],[-122.163996794284,46.9884415530496],[-122.163907696708,46.9884232307008],[-122.163881908249,46.9884109874472],[-122.1638432124,46.9883830239486],[-122.163820459269,46.988358670076],[-122.163756800798,46.9883257458923],[-122.163742028151,46.9883132613094],[-122.163723593519,46.9882860205627],[-122.163669757987,46.9882323856797],[-122.16366159619,46.988171729394],[-122.163648560635,46.9881597139253],[-122.163625148752,46.9881439261669],[-122.163545707439,46.9881085968776],[-122.163521061922,46.9880891790876],[-122.163460605399,46.9880781766107],[-122.163427925723,46.9880620835019],[-122.163373992346,46.9880442402474],[-122.163373818988,46.9880360152088],[-122.163349996606,46.9880003769737],[-122.163316079856,46.9879935442328],[-122.16331431801,46.9879545985422],[-122.163326069531,46.9879379738606],[-122.163318166823,46.9878804954022],[-122.163333148175,46.9878438311809],[-122.163357159944,46.9878141123108],[-122.163354383076,46.9878059248469],[-122.163328544171,46.9877816154152],[-122.163298486312,46.9877738216742],[-122.163284248721,46.9877475062204],[-122.163165797642,46.9876558056208],[-122.163079189598,46.9875959799169],[-122.163060425344,46.9875775190443],[-122.163022628595,46.9875214866629],[-122.163017006403,46.9874899191809],[-122.162984602988,46.9874580248109],[-122.162980463959,46.9874446741907],[-122.162972019882,46.9874398589599],[-122.162968201073,46.9874134759557],[-122.162957427656,46.9874085037298],[-122.162953207509,46.9874003370817],[-122.162963530318,46.9873919605905],[-122.16295796108,46.9873738026851],[-122.162977699366,46.9873588459754],[-122.162976511919,46.9873424080265],[-122.162962768363,46.987315208349],[-122.16292174464,46.9872753753552],[-122.162870410073,46.9872534354562],[-122.162846868888,46.9872373200341],[-122.162844706507,46.9872100637694],[-122.162817294051,46.9871801539536],[-122.162801846538,46.9871145567712],[-122.162783290862,46.9870872347996],[-122.162764205408,46.9870739621397],[-122.162743454689,46.9870495788957],[-122.162729757153,46.987019938238],[-122.16262633849,46.986936083213],[-122.162607338449,46.9869281297726],[-122.162612840671,46.9869115953125],[-122.162599861644,46.9868871002003],[-122.162604535212,46.9868788052365],[-122.162586616768,46.9868708350925],[-122.162560458863,46.9868218474697],[-122.162543970088,46.9868147907953],[-122.162494528964,46.9867710201599],[-122.162476563929,46.9867654649065],[-122.162472319243,46.9867538435759],[-122.162451514924,46.986732916073],[-122.162394311615,46.9867090588641],[-122.162357617962,46.98668490552],[-122.162316331785,46.9866482576928],[-122.162286092957,46.9866397806782],[-122.16226152203,46.986622747812],[-122.162237231428,46.9866148157695],[-122.162215520643,46.9865943675267],[-122.162188099299,46.9865810504511],[-122.162181930574,46.9865681404535],[-122.162163564743,46.9865651965953],[-122.162117284889,46.9865030599421],[-122.162083635807,46.9864736249509],[-122.162064441377,46.986469788272],[-122.162028558589,46.9864758456347],[-122.162004341908,46.9864702976424],[-122.161952351378,46.9864439247559],[-122.161940138849,46.9864300040734],[-122.161906333781,46.986411129411],[-122.16187513164,46.9864038997648],[-122.161857638913,46.9863915641456],[-122.161833551916,46.9863902388163],[-122.161802986115,46.9863685197766],[-122.161678753038,46.9863244559782],[-122.161580303241,46.9863094203407],[-122.161530092428,46.9862965965025],[-122.16148301361,46.986294367894],[-122.161457663633,46.9862871645649],[-122.161409585941,46.9862876382644],[-122.161397439072,46.9862836167794],[-122.161333968069,46.9862800617338],[-122.161322618537,46.9862719978008],[-122.161310220933,46.986250730334],[-122.161289838653,46.9862395601662],[-122.161275335648,46.9862227653685],[-122.161190531151,46.9862019108269],[-122.161089589354,46.9861683987295],[-122.160959305342,46.9861113127167],[-122.160874250492,46.986082261165],[-122.160861775557,46.9860675765242],[-122.16082543565,46.9860587751321],[-122.160798621895,46.9860574068832],[-122.160780891087,46.9860281803793],[-122.160758446989,46.9860086208644],[-122.160722890995,46.9859953378474],[-122.160690390366,46.9859680247972],[-122.160637795013,46.9859428108039],[-122.160613854054,46.9859202006673],[-122.160519243727,46.9858762575735],[-122.160502362834,46.9858642143402],[-122.160470478178,46.9858543624381],[-122.16046644564,46.985823594416],[-122.16045648612,46.9858072828328],[-122.160458166407,46.9857954383913],[-122.160444357124,46.985786915613],[-122.160433909328,46.9857651540099],[-122.160329640643,46.9857381343743],[-122.160250459732,46.9857371633577],[-122.160219773453,46.9857284177312],[-122.160197887561,46.9857205054752],[-122.160133170102,46.9856803003344],[-122.160082475235,46.9856712392696],[-122.160055557571,46.9856547336754],[-122.160018349139,46.9856176689603],[-122.159988284656,46.9856044445691],[-122.159957709795,46.9856006074647],[-122.159909780726,46.9856059323804],[-122.159720079932,46.9856039748292],[-122.15968173047,46.9855962995769],[-122.159632333795,46.9855760032915],[-122.159619014447,46.9855807479459],[-122.159596014659,46.9855678596964],[-122.159475800474,46.9855683292229],[-122.159439537006,46.9855619951099],[-122.159427688863,46.9855676787115],[-122.15937925357,46.9855565007692],[-122.159367351445,46.9855604288367],[-122.159343218073,46.9855575675793],[-122.159282805033,46.9855609053965],[-122.159258722156,46.9855466902151],[-122.159246627876,46.9855443683822],[-122.159234770429,46.9855497498728],[-122.159194037402,46.9855375010814],[-122.159187642731,46.9855211380702],[-122.159167150678,46.9855102713401],[-122.159100633321,46.9854884115282],[-122.158979745616,46.9854669772874],[-122.158898335056,46.9854299736803],[-122.158809779642,46.9854134220258],[-122.158773327617,46.9854009469177],[-122.158701908126,46.9853538711996],[-122.158675301548,46.9853475075595],[-122.15864246609,46.9853262048682],[-122.158612099496,46.9853200598797],[-122.158590141959,46.9853084728393],[-122.158493447442,46.9852918186809],[-122.158461401234,46.9852649095819],[-122.158396749617,46.985228103529],[-122.158399289038,46.985211611913],[-122.158386686005,46.9851953381993],[-122.158345162376,46.985161270367],[-122.158321021238,46.9851581616358],[-122.158319462586,46.985138711953],[-122.158299082146,46.9851197807543],[-122.158234571136,46.9850836025448],[-122.158211697417,46.9850630342739],[-122.158149975609,46.985034192969],[-122.158093119278,46.9849993314748],[-122.15805115417,46.9849835073229],[-122.158017932658,46.9849600980038],[-122.157997951471,46.984954105118],[-122.157944186451,46.9849024694798],[-122.157928177915,46.984894060047],[-122.157925591062,46.98486464323],[-122.157907438447,46.9848437867578],[-122.15788042466,46.9848241555861],[-122.157866956503,46.9847914391897],[-122.157871230036,46.9847831501753],[-122.157854208605,46.9847587124303],[-122.157843304192,46.98472595915],[-122.157780838237,46.9846363542871],[-122.157773363739,46.9846200067341],[-122.157774341064,46.9846035376018],[-122.157760736914,46.9845872782225],[-122.157761753498,46.9845708085254],[-122.15773169827,46.9845278000157],[-122.157702157291,46.9844976182359],[-122.157694870475,46.9844730404411],[-122.157699625104,46.984464744512],[-122.157673606777,46.9844344572037],[-122.157671041915,46.9844240179741],[-122.157669801566,46.984317078107],[-122.157648106098,46.9842800920063],[-122.157607323404,46.9842335619776],[-122.15760074245,46.9842111129086],[-122.157586618103,46.9841948609914],[-122.157490568685,46.9841182185422],[-122.157422767664,46.9840962388499],[-122.157377683221,46.9840636197493],[-122.157320792313,46.9840341337075],[-122.157201863673,46.9839497842163],[-122.157122719661,46.9838755026548],[-122.157039152269,46.9838242682684],[-122.157025943051,46.9838104162626],[-122.15700082139,46.9838001357053],[-122.156991475893,46.9837920425418],[-122.156972786647,46.9837485141618],[-122.156935315197,46.983697547998],[-122.156905145012,46.9836833918869],[-122.156868753914,46.9836728353501],[-122.156844284558,46.9836707460417],[-122.156828372634,46.9836380649345],[-122.156814602619,46.9836255102228],[-122.156775643257,46.9836031155024],[-122.156708624978,46.9835739661899],[-122.156670922478,46.9835415980465],[-122.156643533935,46.9835044470524],[-122.156619628541,46.9834880882519],[-122.156578254221,46.9834771101566],[-122.15657334652,46.9834360430193],[-122.156578318215,46.9834112889407],[-122.156555982138,46.9833912328763],[-122.156536987005,46.9833625170201],[-122.156510613069,46.9832970761077],[-122.156528297538,46.9832556842173],[-122.156527941269,46.9832310067263],[-122.15652011043,46.9832121962287],[-122.156438685544,46.9831458188302],[-122.156377738241,46.983114689187],[-122.156309822014,46.9830888989702],[-122.156242750646,46.9830488621097],[-122.156159826375,46.9830223821988],[-122.156032513838,46.9829337091518],[-122.156014744305,46.9829175083327],[-122.156003310135,46.9828948554884],[-122.155994852889,46.982819064002],[-122.155983281423,46.9827945476716],[-122.155949356466,46.9827742469207],[-122.155911298452,46.9827655243755],[-122.155902307375,46.9827375976686],[-122.155829365063,46.9827112754955],[-122.155781364506,46.9827141589212],[-122.155769509866,46.9827196225731],[-122.15573965532,46.9827117691341],[-122.155661027997,46.9827104308226],[-122.155640607398,46.9827031543238],[-122.155597873615,46.9827013551334],[-122.155583592655,46.9826943746448],[-122.155528224654,46.9826922081603],[-122.155483963431,46.9826798450484],[-122.155377750438,46.9826675482772],[-122.155323181831,46.98267052586],[-122.155262251313,46.9826438113914],[-122.155189996283,46.9826398852702],[-122.155165719458,46.982632308646],[-122.155153749594,46.9826340163733],[-122.15509314536,46.9826179378025],[-122.155032335631,46.9825951435458],[-122.15467189142,46.9826023764564],[-122.15454017116,46.9826195163337],[-122.154480164581,46.9826229275706],[-122.154392917968,46.9825991961235],[-122.15436507791,46.9825956468539],[-122.154287796754,46.9825519162081],[-122.154212551197,46.9825209635453],[-122.15418271134,46.9825136302994],[-122.154103882233,46.9825056569494],[-122.154074001412,46.9824956917271],[-122.154030934367,46.9824934845428],[-122.15400688117,46.9824787739384],[-122.153994340329,46.9824775549793],[-122.153930557759,46.9824231270872],[-122.153902161605,46.9823883750881],[-122.153870533848,46.9823723739362],[-122.153789299028,46.9823159473023],[-122.153749116764,46.9823058832812],[-122.15367546945,46.9822682156118],[-122.153603163957,46.9822508232245],[-122.153562733209,46.9822286956561],[-122.153529534697,46.9822019665821],[-122.153496703026,46.9821885057148],[-122.153456209983,46.9821630597425],[-122.153395685747,46.982149557927],[-122.153346927277,46.9821276866184],[-122.153298790641,46.98212610095],[-122.153265345796,46.9821083702236],[-122.153230642101,46.9821018201157],[-122.153227974729,46.982089297682],[-122.153215109232,46.9820761807993],[-122.153128051629,46.9820468232783],[-122.153101514536,46.9820229873124],[-122.153078853791,46.9820105868556],[-122.153054664015,46.9820058330569],[-122.153005719455,46.9819778767248],[-122.152981525477,46.981972985023],[-122.152969215664,46.9819635899578],[-122.152932806785,46.9819524016781],[-122.152916372815,46.9819313280904],[-122.15287432076,46.981904670973],[-122.152834741174,46.9818907036289],[-122.152786553988,46.9818874726939],[-122.15275006211,46.9818735710107],[-122.152694644676,46.9818462270896],[-122.152630149726,46.981795949631],[-122.152605890971,46.9817850252569],[-122.152572604178,46.9817881082727],[-122.152555343616,46.9817963367781],[-122.152523605728,46.9817714785342],[-122.152483222917,46.9817587564455],[-122.152474714651,46.9817295333129],[-122.152462047994,46.9817163314963],[-122.152297268575,46.981612998167],[-122.1522723716,46.9815851347076],[-122.152264525411,46.9815644310014],[-122.152222814363,46.9815371379852],[-122.152178896464,46.9814874702821],[-122.152148714872,46.9814728460662],[-122.152136611766,46.98147019535],[-122.152112682414,46.9814739385841],[-122.152082524367,46.9814600827395],[-122.151989388765,46.9813734930401],[-122.151952540855,46.9813479405438],[-122.151946770407,46.9813283037903],[-122.151932041123,46.981322372262],[-122.151936992008,46.98128116363],[-122.15191782287,46.9812073906319],[-122.151832151879,46.9810687501003],[-122.151830047324,46.9809947327494],[-122.151753778771,46.9809237253732],[-122.151722715172,46.9809090868154],[-122.151722481975,46.9809014665262],[-122.15174113616,46.9808890495489],[-122.151738070468,46.9808778757989],[-122.151715077995,46.9808729679878],[-122.151735868893,46.9808661699572],[-122.151742052118,46.9808561262891],[-122.151739394128,46.9808268740967],[-122.151727532937,46.980802005259],[-122.151710995381,46.9807880086671],[-122.151658275263,46.9807675649761],[-122.151623596737,46.9807474103592],[-122.15160940968,46.9807421286741],[-122.151579190702,46.9807432753846],[-122.151570303741,46.9807187190591],[-122.151553071472,46.9806990282534],[-122.15152226081,46.9806782702188],[-122.151502195174,46.9806511058072],[-122.151483643378,46.9806459135371],[-122.151465540887,46.9806318576117],[-122.151356389651,46.9805901444662],[-122.15132510787,46.9805330002867],[-122.151336444561,46.9805211001581],[-122.15133713017,46.9805081454076],[-122.151323980473,46.9805001063117],[-122.151287710722,46.9804436092528],[-122.151302447843,46.98043676147],[-122.151309539334,46.9804262657329],[-122.151307238309,46.980396871564],[-122.151297942474,46.9803851017264],[-122.151291545422,46.9803607033207],[-122.151277450014,46.9803400622212],[-122.151259535796,46.9803282518771],[-122.151250581442,46.9803119251227],[-122.151236271426,46.9803039029183],[-122.151199462349,46.9802468368097],[-122.151225302723,46.9802217839391],[-122.151212223563,46.9802055162872],[-122.151214232169,46.9801808049059],[-122.151198336333,46.9801563500798],[-122.151202532918,46.9800904699541],[-122.15122826364,46.9800722749298],[-122.151262090006,46.980059394064],[-122.151270007469,46.9800483654146],[-122.15126037848,46.9800073657265],[-122.151266210165,46.9799661447654],[-122.151242882953,46.9799253413661],[-122.151252107196,46.9798758439828],[-122.151243902697,46.9798512792219],[-122.151317889454,46.979825535301],[-122.151329962542,46.9798089074961],[-122.151331943105,46.9797924240451],[-122.151318646613,46.9797350218462],[-122.151308679891,46.9797223025665],[-122.151255572729,46.9796760566667],[-122.151237165237,46.9796703694634],[-122.151213179374,46.9796460305639],[-122.15123398468,46.9796292773664],[-122.151244766341,46.9796044402658],[-122.151250101064,46.9795220887472],[-122.151227580204,46.9794565911826],[-122.151208881586,46.9794321765183],[-122.151163323392,46.9793916908315],[-122.151148417921,46.9793589945448],[-122.15115894933,46.9792683407538],[-122.151147860669,46.9792438170364],[-122.151105193846,46.9791930614251],[-122.151084800146,46.9791459904562],[-122.151076386553,46.9790556083921],[-122.151085736274,46.9790390193546],[-122.151084730017,46.9790061236296],[-122.151069940497,46.9789863697776],[-122.151048235292,46.9789737363917],[-122.151047543543,46.9789655187674],[-122.151067376885,46.9789405511614],[-122.15106513982,46.978915900881],[-122.151053593502,46.9789078387831],[-122.151040065142,46.9788782492127],[-122.151015255994,46.978855814402],[-122.150986370237,46.9788455047727],[-122.150961339637,46.9788433402871],[-122.15094325464,46.9788298319861],[-122.150899383771,46.9788195453278],[-122.150891520835,46.9788114304427],[-122.150888763559,46.9787867876122],[-122.150871237691,46.978770583628],[-122.150857185693,46.9787461023369],[-122.150858086575,46.9786720416061],[-122.150826681758,46.9785806996452],[-122.150732356889,46.9785257474326],[-122.150709553185,46.9785059986416],[-122.150674686415,46.9785018912408],[-122.15064191332,46.9784627311368],[-122.150531007506,46.978380535486],[-122.150514639968,46.9783576234022],[-122.150484699596,46.9783364135588],[-122.15046571186,46.9783156507326],[-122.150475233402,46.978307286817],[-122.150472257286,46.9782885978131],[-122.150399942367,46.9782260898473],[-122.150394671925,46.9782097105357],[-122.150369797394,46.9781811604501],[-122.150330060504,46.9781514522384],[-122.150293232101,46.9781277633103],[-122.150279080235,46.9781236056693],[-122.150218949326,46.9781227933462],[-122.150186783305,46.9781139574281],[-122.150157997981,46.9780951443714],[-122.150113075845,46.978054403443],[-122.150059696148,46.9780253836113],[-122.150051734256,46.9779956593673],[-122.15001808096,46.9779709375825],[-122.149975829057,46.9779480938459],[-122.149924524822,46.977929247476],[-122.149906513151,46.9779168346973],[-122.149883704834,46.9779126084311],[-122.149863492242,46.9778635328978],[-122.149838145244,46.9778562442077],[-122.149766087202,46.9778585371854],[-122.149708638412,46.9778707139539],[-122.149691806724,46.9778824460525],[-122.149670608514,46.9778811317293],[-122.149646701926,46.9778855597778],[-122.149629872956,46.9778751051821],[-122.149634107955,46.9778668170181],[-122.149623832352,46.9778505090536],[-122.149654170867,46.9778336196514],[-122.149657680464,46.977792431729],[-122.149643087667,46.9777672995595],[-122.149615408788,46.9777518994932],[-122.149594416778,46.9777481131214],[-122.149558576924,46.9777554276214],[-122.149426086901,46.9777469849355],[-122.149414955993,46.977726300903],[-122.149389163939,46.9777188547583],[-122.149341479917,46.9777319606027],[-122.149305534507,46.9777358212441],[-122.149293707921,46.9777421880488],[-122.149271401857,46.9777426449918],[-122.14927731874,46.9777238289487],[-122.149269206528,46.977707489989],[-122.149280067613,46.9776826519287],[-122.149243225884,46.977663707409],[-122.14921022277,46.9776275121151],[-122.14916004065,46.9776020939254],[-122.149133852938,46.9775777861178],[-122.149119880944,46.9775533034771],[-122.149095250519,46.9775419183029],[-122.149023062599,46.9775399074858],[-122.148986518895,46.9775241670852],[-122.148946158732,46.9775251837317],[-122.148938316576,46.977520304035],[-122.148926527695,46.9775279049416],[-122.148698219876,46.977530925263],[-122.148670490543,46.9775400983238],[-122.148662830501,46.9775529874766],[-122.148641951643,46.9775398210224],[-122.148614253936,46.9775368711684],[-122.148458756471,46.9775623251643],[-122.148446673645,46.9775603034631],[-122.148420170604,46.9775715429538],[-122.148408999155,46.9776046129018],[-122.148400799561,46.9776129577346],[-122.148388217727,46.977614317277],[-122.148385116236,46.9776072039652],[-122.148375935659,46.9776057715163],[-122.148369690974,46.977591517515],[-122.14833937287,46.9775894012311],[-122.148290839873,46.9775747094475],[-122.148183014574,46.9775866459041],[-122.148114803101,46.9775888831081],[-122.148002375624,46.9775760657708],[-122.147870317276,46.9775817387878],[-122.147846384836,46.9775853726017],[-122.14783470207,46.9775964548652],[-122.147822605033,46.9775939670751],[-122.147795050009,46.9775996544413],[-122.147727433104,46.9776266203589],[-122.147703444096,46.9776283626192],[-122.147647281701,46.977610488924],[-122.147630764466,46.9776102311755],[-122.147583292647,46.9776302992305],[-122.147535230091,46.9776310144106],[-122.147463516051,46.9776445176265],[-122.147439822356,46.9776559361226],[-122.147409061714,46.9776353680035],[-122.147354606163,46.9776209261503],[-122.147317925302,46.9776006900195],[-122.147281791977,46.9775983812447],[-122.147257889971,46.9776029743791],[-122.147252900241,46.9775733991737],[-122.147199181192,46.9775371703651],[-122.147183535844,46.9775300166626],[-122.147123094477,46.9775190055826],[-122.14710823767,46.9775061641506],[-122.147086376975,46.9774975634733],[-122.147062280064,46.9774957682079],[-122.147002478209,46.9775057007021],[-122.146979040436,46.9775255078008],[-122.146949706479,46.977504425244],[-122.146893624832,46.977483945196],[-122.146888403346,46.9774782605524],[-122.146889904146,46.9774617840416],[-122.146872093753,46.9774519735813],[-122.146791532687,46.9774408108076],[-122.146773566783,46.9774140815419],[-122.146734903907,46.9774037188921],[-122.146675113563,46.9773733090045],[-122.146648795426,46.9773394308778],[-122.146612137155,46.9773199069827],[-122.146557589591,46.9773063979789],[-122.146535304539,46.9772693911332],[-122.146541199475,46.9772446243077],[-122.146532028031,46.977215849306],[-122.146485944174,46.9771960478579],[-122.146467758692,46.9771765624586],[-122.146426635552,46.9771499166532],[-122.146398195105,46.9771397092319],[-122.14636297913,46.9771030788143],[-122.146316482559,46.9770855057271],[-122.146253091904,46.9770841896978],[-122.146182457334,46.9770358339257],[-122.146143610737,46.9770010656423],[-122.14612147657,46.9769979257389],[-122.146096974488,46.9769828357128],[-122.14606065648,46.9769744682526],[-122.146040416522,46.9769638153194],[-122.146029541745,46.9769462263533],[-122.145996757637,46.9769315288664],[-122.145979682942,46.9769116422024],[-122.145922398231,46.9768832261474],[-122.145911002071,46.976866933872],[-122.145888718944,46.9768549377455],[-122.145844015003,46.9768120257738],[-122.145768032398,46.9767604545824],[-122.145729008672,46.976746119843],[-122.145704431424,46.9767246404868],[-122.14567203261,46.9767265293173],[-122.14566628491,46.976714105561],[-122.145645718119,46.9766979442347],[-122.145619137168,46.9766869704133],[-122.145607383922,46.9766957492],[-122.145515567831,46.9766833478837],[-122.145498646409,46.9766777211095],[-122.145464931115,46.9766758434701],[-122.145450270009,46.9766680998294],[-122.145426115045,46.9766643858482],[-122.145389421335,46.9766436825259],[-122.145316974889,46.9766331438926],[-122.145280457963,46.9766182252559],[-122.145244742754,46.9766296224302],[-122.145207363786,46.9766219288794],[-122.145190728968,46.9766151732652],[-122.145171635946,46.9765974550087],[-122.145159641204,46.976598311893],[-122.145124045465,46.976613629387],[-122.145088041189,46.9766155426536],[-122.145027460485,46.9765998976405],[-122.145002864461,46.9765817088697],[-122.144990912309,46.9765839632598],[-122.144982989416,46.9765922221695],[-122.144990169053,46.9766003472006],[-122.144985152624,46.9766040115031],[-122.144941474764,46.976621063224],[-122.144929531317,46.976634122696],[-122.144908451958,46.9766392781305],[-122.144882591021,46.9766347927876],[-122.144835573725,46.9766145660382],[-122.144811492753,46.9766132648296],[-122.144794609132,46.9766259571015],[-122.144740089727,46.9766369646077],[-122.144679802711,46.9766309688534],[-122.144643008246,46.9766069482996],[-122.144618824532,46.9766022746825],[-122.144576759073,46.9765762453077],[-122.144557789232,46.9765717166633],[-122.144485685094,46.9765724443377],[-122.144366426954,46.9766036282725],[-122.144305998898,46.9765929997706],[-122.14424602177,46.9765971738024],[-122.144161658048,46.9765900124145],[-122.14406557474,46.976592754637],[-122.144017022954,46.9765773765422],[-122.143956997806,46.9765799607279],[-122.143896747665,46.9765751704694],[-122.143824724507,46.9765785573567],[-122.143776361451,46.9765693739902],[-122.14373988148,46.976568824541],[-122.143703737156,46.9765529670945],[-122.143666856413,46.976528728614],[-122.143636569827,46.9765196987096],[-122.143606471955,46.9765168924226],[-122.143594255166,46.9765104569643],[-122.143509736428,46.9764981965218],[-122.143482796732,46.9764819891405],[-122.143424698211,46.9764688855731],[-122.143364342258,46.9764606138365],[-122.143321556634,46.9764464416455],[-122.143279073411,46.976423709323],[-122.143242722843,46.9764142447203],[-122.143146355704,46.9764076928507],[-122.143134253325,46.9764050132237],[-122.143121926477,46.9763949594491],[-122.143110033559,46.9763991608026],[-122.143097960397,46.9763974409073],[-122.14307843088,46.976389025641],[-122.143061069993,46.9763702396434],[-122.143012580006,46.9763568622812],[-122.142995887114,46.9763442110645],[-122.142951796206,46.9763345273645],[-122.142946935324,46.9763209389826],[-122.142938399691,46.9763169740759],[-122.142934290641,46.9762978079561],[-122.142917268209,46.9762888361138],[-122.142874797743,46.9762849708228],[-122.142841694075,46.9762715934137],[-122.142829796983,46.9762756573983],[-122.142805724136,46.9762746293598],[-122.142721193882,46.9762619851075],[-122.142663635963,46.9762074067325],[-122.14264714841,46.9761988654786],[-122.14258654721,46.9761825069859],[-122.142502361269,46.9761812111018],[-122.142474780214,46.9761754884642],[-122.142435694869,46.9761551474116],[-122.142334239612,46.9761445816085],[-122.14230762414,46.9761021506873],[-122.142259198374,46.9760908830062],[-122.14224693015,46.9760827483346],[-122.14223502805,46.976086647779],[-122.142211080137,46.9760805167723],[-122.142137860126,46.9760536964125],[-122.142075035603,46.9760577733241],[-122.1420169486,46.9760305452519],[-122.142007507411,46.976021821493],[-122.14189530628,46.9759833517639],[-122.141859097657,46.9759785752195],[-122.141850008658,46.9759682557751],[-122.141834557181,46.9759621676268],[-122.141702148645,46.9759562109317],[-122.141677791654,46.9759458344831],[-122.141641525085,46.9759391115161],[-122.141557214032,46.9759336481183],[-122.14149684019,46.975924744893],[-122.14143687609,46.9759293286616],[-122.141387561665,46.9759441558943],[-122.141340530864,46.9759365983184],[-122.141292246297,46.9759167713269],[-122.141253749736,46.975913151063],[-122.141249264976,46.9759079773028],[-122.141231839628,46.9759067994018],[-122.141219628726,46.9759005830134],[-122.141087379175,46.9758998609907],[-122.141051081424,46.9758920955821],[-122.141045491573,46.9758848258227],[-122.14100226528,46.9758679714026],[-122.140996385442,46.9758617199499],[-122.140977961807,46.9758593495249],[-122.140957154265,46.9758471131447],[-122.140921794642,46.9758438312248],[-122.140905036427,46.9758329901491],[-122.140868844177,46.9758287061656],[-122.140867066126,46.9757952454743],[-122.140859310307,46.9757852643179],[-122.140835015207,46.9757874743718],[-122.140807093164,46.975774488826],[-122.140783400557,46.9757859610604],[-122.140788926523,46.9757634483893],[-122.140778565438,46.9757494991689],[-122.14075370942,46.9757463978265],[-122.140745714328,46.975732524887],[-122.140709530498,46.9757285152595],[-122.140697040094,46.9757130602737],[-122.14067481873,46.9757109907029],[-122.140631316306,46.9756889844392],[-122.140587972493,46.9756840345689],[-122.140586510558,46.9756676003421],[-122.140595232935,46.9756592486301],[-122.14057479897,46.9756461015619],[-122.140447280472,46.9755901050616],[-122.140380116183,46.9755687092782],[-122.140355642179,46.9755544678346],[-122.140319202742,46.9755420416807],[-122.140294984718,46.9755072009019],[-122.140227358244,46.9754719342516],[-122.140111570335,46.9754340086203],[-122.14007529346,46.9754269282394],[-122.139955463133,46.9754392744686],[-122.139907020997,46.9754274312159],[-122.139831696412,46.9754183825631],[-122.139810098904,46.9754025371141],[-122.139749382448,46.9753823384588],[-122.139733453398,46.9753670971319],[-122.139627290606,46.9753202300522],[-122.139614823122,46.9753055162006],[-122.139566235435,46.9752888743946],[-122.139557629501,46.975281235558],[-122.139419808626,46.9752170750171],[-122.139410486899,46.9751779903526],[-122.139378315659,46.9751253254569],[-122.139342310403,46.9751034037496],[-122.139283746694,46.9750907440927],[-122.139235708264,46.9750697619986],[-122.139238932693,46.9750532599897],[-122.139227619496,46.9750303572805],[-122.139206564379,46.9750125831534],[-122.139197957743,46.9749864321072],[-122.13915783687,46.9749556837209],[-122.139145762293,46.9749394004532],[-122.139110383489,46.9749236135268],[-122.139065807592,46.9748794073785],[-122.139011438812,46.9748425812807],[-122.138994077523,46.9748157873984],[-122.138970450864,46.9747937991975],[-122.138945865438,46.9747507898784],[-122.138927801974,46.9747417774167],[-122.138900380485,46.974737340097],[-122.138883336395,46.974720990911],[-122.138877231493,46.9747007286203],[-122.138826668241,46.974684964787],[-122.138802229152,46.9746718464039],[-122.138756988315,46.9746123475074],[-122.138618100933,46.9745459238241],[-122.138604888442,46.9745357176235],[-122.138599738584,46.9745204876746],[-122.138548000604,46.9744871615097],[-122.138548632485,46.9744789250044],[-122.13852412279,46.974459528325],[-122.138446280871,46.9744295075336],[-122.138398092062,46.9744259693044],[-122.138365718821,46.9744101662936],[-122.138337424225,46.9744073050346],[-122.138259392394,46.9743380146764],[-122.138108109718,46.9742513078082],[-122.138068004971,46.9742434590256],[-122.137899957406,46.9742512501702],[-122.137882733481,46.9742448581458],[-122.137803401009,46.9742383073665],[-122.13774376615,46.9742536897578],[-122.137707325291,46.9742411539369],[-122.137647048384,46.9742353738053],[-122.137639599653,46.9742077523894],[-122.1376217981,46.9741954995733],[-122.137525571108,46.9741933570566],[-122.13745365584,46.9742001655061],[-122.137393532854,46.9741994572399],[-122.137368627866,46.9741709599959],[-122.137351433777,46.9741668432006],[-122.137362639535,46.9741584564431],[-122.137356038175,46.9741521879126],[-122.137319856872,46.9741482040783],[-122.137295271247,46.9741302340519],[-122.137162160235,46.974100998042],[-122.137113706328,46.9740714909691],[-122.137089072812,46.9740691533147],[-122.137043278477,46.9740560365831],[-122.136995191646,46.9740320375054],[-122.136955645277,46.9740294177698],[-122.136907224175,46.9740182034817],[-122.136858444379,46.9739951460962],[-122.13676205362,46.9739876022635],[-122.136725714155,46.973978410005],[-122.136701812006,46.9739829729935],[-122.136677408685,46.9739710063359],[-122.136617185765,46.9739669795592],[-122.136533146378,46.9739703946668],[-122.136472966317,46.9739677944059],[-122.136437399758,46.9739840958315],[-122.136375720272,46.9739914718356],[-122.136365931285,46.9740056247868],[-122.136355614667,46.974004975976],[-122.136334419461,46.9739838308687],[-122.136317103159,46.9739809780316],[-122.136281509122,46.9739963747717],[-122.136267891065,46.9740176857287],[-122.136254883303,46.9740260979683],[-122.13622986085,46.974034680825],[-122.136210655066,46.9740381899908],[-122.136201977274,46.9740268492746],[-122.136186206512,46.9740247149466],[-122.136174372537,46.9740308608317],[-122.13612630058,46.9740311603298],[-122.136094531305,46.9740366025304],[-122.136030903519,46.9740564018618],[-122.136001410072,46.9740708345631],[-122.135993328847,46.9740791768214],[-122.135999554931,46.9740955434487],[-122.136009695809,46.9741036269753],[-122.135987477206,46.9741121699666],[-122.135960453355,46.9741115397616],[-122.135942876626,46.9741027385073],[-122.135924079025,46.9741011950717],[-122.135825220846,46.9741100853921],[-122.135804688562,46.9741280394459],[-122.135710270942,46.9741856012067],[-122.135650519265,46.9741971449335],[-122.135610180907,46.974213322409],[-122.135593154843,46.9742411813941],[-122.135556653693,46.9742729361073],[-122.135544701691,46.9742751906157],[-122.13547228027,46.9742653034304],[-122.135397411158,46.9742883878705],[-122.135389028017,46.974294677491],[-122.135352801942,46.9742892135458],[-122.135268956651,46.9742990144545],[-122.135168187082,46.974329488237],[-122.134994400026,46.9743621219464],[-122.134947055069,46.9743864341443],[-122.134935088029,46.9743881937802],[-122.134753839751,46.9743570332009],[-122.134705796526,46.9743582907481],[-122.134586123039,46.9743758127954],[-122.134561949096,46.9743714112031],[-122.134463693427,46.9743723939353],[-122.134437442915,46.9743669247724],[-122.134421133627,46.9743483151208],[-122.134404796137,46.9743420468589],[-122.134376218245,46.9743536139439],[-122.134317279196,46.9743549707572],[-122.134300173064,46.9743603701202],[-122.134287551446,46.9743748924372],[-122.134273581296,46.9743753648369],[-122.134280805592,46.974358533098],[-122.134260540313,46.9743416519137],[-122.134212011173,46.974326845351],[-122.134163854261,46.9743243467809],[-122.134151673973,46.974319062497],[-122.134103933655,46.9743303253608],[-122.134091766625,46.9743254788605],[-122.134080091362,46.9743037872364],[-122.134054571835,46.9742880226841],[-122.133982275539,46.9742822465465],[-122.1339578652,46.9742700320465],[-122.133927035509,46.9742681386586],[-122.133901661193,46.9742796601962],[-122.133896690621,46.9742981605778],[-122.133886675887,46.9743008805439],[-122.133874436696,46.9742936490663],[-122.133871763169,46.974282059038],[-122.133881323901,46.9742603948131],[-122.133848904584,46.9742443715318],[-122.133810482486,46.9742417896248],[-122.133792478377,46.9742360670822],[-122.133752491799,46.9742360850184],[-122.133668947473,46.9742558363278],[-122.133644857466,46.9742542038314],[-122.133621039555,46.9742615623339],[-122.133608944742,46.9742591001886],[-122.13359617883,46.9742344620778],[-122.13354758941,46.9742176540661],[-122.133491407331,46.9742068218091],[-122.133455271703,46.9742056885949],[-122.133411991176,46.9741816196322],[-122.133340418548,46.9741242463542],[-122.133291774155,46.9741056286896],[-122.133267760983,46.9741065727048],[-122.133249221492,46.9741016518965],[-122.133218862014,46.9740795394087],[-122.133176218354,46.9739771348978],[-122.13313152058,46.9739552256219],[-122.133098158966,46.973929205628],[-122.133011919212,46.9739075557246],[-122.132997613596,46.9738995309666],[-122.132985660864,46.9738832453513],[-122.132960270063,46.9738756790957],[-122.132945480493,46.9738344497534],[-122.132913541237,46.9737773092912],[-122.132914485097,46.9737608408966],[-122.132899601895,46.9737363692943],[-122.132914583694,46.9736621093892],[-122.132910161255,46.9736457173199],[-122.132890191734,46.9736213177995],[-122.132885804381,46.9735226498631],[-122.132905706514,46.9734812305366],[-122.132906370423,46.9734647661081],[-122.132879543974,46.9734322362526],[-122.132875144276,46.9733993885651],[-122.132850167038,46.9733750602802],[-122.13284613744,46.9733504337594],[-122.132807510286,46.9732933888659],[-122.132786136231,46.9732848334757],[-122.132771936831,46.9732856654714],[-122.132757430366,46.9732776435312],[-122.132759783869,46.9732282451203],[-122.132733026321,46.9731463494685],[-122.132684545019,46.973105268144],[-122.132677738379,46.9730895403511],[-122.132667276191,46.9730814610917],[-122.132650133657,46.9730405667252],[-122.132587533284,46.9730003162027],[-122.132555259719,46.9729678634556],[-122.132502810847,46.9729439240699],[-122.132474686562,46.97292284875],[-122.132426127661,46.9729069989016],[-122.132389446497,46.9728864569937],[-122.132341222144,46.9728816820838],[-122.132328813559,46.9728688309889],[-122.132256131018,46.972850224078],[-122.132239094862,46.9728407021095],[-122.13215200861,46.9727631167849],[-122.132093570437,46.9727239857678],[-122.132029708542,46.97269763016],[-122.131962146987,46.9726800752308],[-122.131931631212,46.9726514097703],[-122.131903262308,46.9726367826617],[-122.13184046302,46.9726190505115],[-122.131828574191,46.9726233874978],[-122.131806523225,46.9725857709836],[-122.131717831346,46.9725385664929],[-122.131666738071,46.9725197091411],[-122.131647737785,46.9725035231947],[-122.131608295687,46.9724936876568],[-122.131591155604,46.9724714136042],[-122.13159946063,46.9724466137432],[-122.13159180257,46.9724384946794],[-122.131533933235,46.9724194587007],[-122.131460665854,46.9723814706315],[-122.131393438946,46.9723391732593],[-122.131335452815,46.9723269394215],[-122.131269588164,46.9723018733091],[-122.131181125425,46.9722794582201],[-122.131157009007,46.9722769194671],[-122.131145152511,46.9722823257762],[-122.13113310633,46.9722814544377],[-122.131096738316,46.9722712458333],[-122.131086498521,46.9722399617109],[-122.131058898874,46.9722123237708],[-122.13097450031,46.9722037280564],[-122.130929761969,46.9721870013046],[-122.130858914794,46.9721773635062],[-122.130763013617,46.972116904901],[-122.130707139903,46.9721069174043],[-122.130623059924,46.9721088478624],[-122.130587227487,46.9721164029372],[-122.130551201675,46.9721175164046],[-122.130504648319,46.9721083299077],[-122.130494836155,46.9720965109051],[-122.130462217033,46.9720777481154],[-122.130417188482,46.9720580630975],[-122.130400928038,46.9720556335163],[-122.13039811784,46.9720023582092],[-122.130265780976,46.9719851709472],[-122.130190114869,46.9719672077734],[-122.130119843031,46.9719434377721],[-122.130028274589,46.9719057074632],[-122.129878481581,46.9718278283179],[-122.129834773875,46.9718093856688],[-122.129735191475,46.9717822448545],[-122.129699538712,46.9717532124073],[-122.129641675673,46.9717264141238],[-122.129574264902,46.9717045225315],[-122.129214199405,46.9716210592064],[-122.12913982129,46.9715992658852],[-122.129081843697,46.9715686565934],[-122.129011601793,46.9715458445574],[-122.128836442095,46.9715035627886],[-122.128728777216,46.971486024986],[-122.128668324455,46.9714649946605],[-122.128139987177,46.9711982112248],[-122.127977376083,46.9711109937651],[-122.127938920935,46.9710820003844],[-122.127909922224,46.9710424244473],[-122.127875557747,46.9710095888696],[-122.127792063748,46.9709631589776],[-122.127692053664,46.9709217060634],[-122.127569060495,46.9708568013442],[-122.127384499946,46.9707803689397],[-122.127076364548,46.9707113872339],[-122.126909344435,46.9706851681186],[-122.126814698481,46.9706608070421],[-122.126508453104,46.970608005603],[-122.12638478314,46.9705897306169],[-122.126288528301,46.9705811063543],[-122.126210797062,46.9705636368047],[-122.126145428263,46.9705402611661],[-122.125990500391,46.9704538923918],[-122.125913863212,46.970403552321],[-122.12569743434,46.9702851961753],[-122.125454900334,46.9701300733787],[-122.12527698504,46.9700426018777],[-122.125171671994,46.9700112325731],[-122.125099454937,46.9699679601253],[-122.125033489856,46.9699260524281],[-122.124931757728,46.9698046229879],[-122.124837305597,46.9697173997457],[-122.124720247534,46.9696405053464],[-122.124530270972,46.9695688904581],[-122.124075570806,46.9692967721477],[-122.123931662339,46.9692302384357],[-122.123726984607,46.969154577768],[-122.123571227037,46.9691096295353],[-122.123418153505,46.9690846360994],[-122.123147876835,46.9690484585679],[-122.123022000977,46.9690259325347],[-122.122785470652,46.9690021419012],[-122.122689473907,46.9690006418138],[-122.122451847541,46.9690096928307],[-122.122325930075,46.9689857687762],[-122.122075489729,46.9689150002077],[-122.121868731777,46.9688393658479],[-122.121524277148,46.9686956534965],[-122.121158054838,46.968520816854],[-122.121025076564,46.9684698400165],[-122.120854878728,46.9684308228878],[-122.12054656939,46.96837803377],[-122.120458091184,46.9683507017219],[-122.120198555779,46.9682543606753],[-122.119946209947,46.9681893467176],[-122.119736107981,46.9681408789224],[-122.119478118632,46.9680973616561],[-122.119362442817,46.9680661325191],[-122.11927136865,46.9680217226008],[-122.119102270549,46.9679498051848],[-122.119001167686,46.9679169447877],[-122.118889573725,46.9678842319975],[-122.118746917372,46.9678591129216],[-122.118580883972,46.9678185807147],[-122.118450334936,46.9677790030393],[-122.118245712284,46.9677047304141],[-122.118001487678,46.9676324676894],[-122.117828270867,46.9675620595299],[-122.117556124639,46.9674630372473],[-122.117112042342,46.9673349993887],[-122.116822271546,46.9672747825665],[-122.116616253665,46.967223398549],[-122.116412533579,46.9671791137907],[-122.116255347601,46.9671556218973],[-122.116073217522,46.9671353047456],[-122.115274605238,46.9671536622378],[-122.114811262049,46.9671501478547],[-122.114506073023,46.9671315799192],[-122.114218855264,46.9670856092229],[-122.113902489313,46.9670428980719],[-122.113722998398,46.9670411340905],[-122.113670475088,46.967029007759],[-122.113448575343,46.9670049921005],[-122.113295980242,46.9669956928703],[-122.113197907121,46.9669956401018],[-122.113087470192,46.9670014650275],[-122.11297754217,46.9670229969392],[-122.112865702857,46.9670502870408],[-122.112752038312,46.9670875855353],[-122.11262847437,46.9671421627965],[-122.112361677348,46.9672916062643],[-122.11225073196,46.967348858971],[-122.112172421586,46.9673828096442],[-122.112124785764,46.9673934591844],[-122.111995609071,46.9674009982516],[-122.111902463563,46.9674251467604],[-122.111848969399,46.9674515923618],[-122.111768319195,46.9674755928155],[-122.111689495154,46.9674909839362],[-122.111614409472,46.9674920343196],[-122.111559761261,46.9674785103822],[-122.111422759623,46.9674332835497],[-122.110839023514,46.9673800145006],[-122.110665779112,46.9673781589516],[-122.110370156042,46.9674008582302],[-122.110199203262,46.9674046740555],[-122.110086979988,46.9674205306018],[-122.109951723795,46.967432430624],[-122.109475756822,46.9674247928795],[-122.109402496553,46.9674172315001],[-122.109345768633,46.9674037635474],[-122.109229632408,46.967358242661],[-122.109158243822,46.9673435253297],[-122.109065523338,46.9673133908702],[-122.108993663478,46.9672815394508],[-122.108935531856,46.9672223730278],[-122.108904808089,46.9671713803912],[-122.108886786935,46.9671259150084],[-122.10884140341,46.9670737009854],[-122.108758028994,46.9670063032607],[-122.108740690896,46.9669851262405],[-122.108739712304,46.9669522851352],[-122.108730660325,46.9669281125159],[-122.108657825087,46.9668648735375],[-122.108638193128,46.9668365703557],[-122.108647115841,46.9667864501506],[-122.108640188387,46.9667637019275],[-122.108610271774,46.966739821456],[-122.1084052716,46.9666401967785],[-122.108338573077,46.9665905566847],[-122.108259212411,46.9665529674808],[-122.107921357705,46.9664475726702],[-122.107459104254,46.9662516824497],[-122.107204493147,46.9661689283129],[-122.10700736099,46.9661181180141],[-122.106774762236,46.9660439966799],[-122.106506471465,46.9659376269989],[-122.106211364823,46.9658078260415],[-122.105969813844,46.9657249151052],[-122.105720546216,46.9656748014345],[-122.105654699838,46.9656739360226],[-122.105503087906,46.9656718801605],[-122.105298372033,46.9656568798838],[-122.105110110013,46.9656118937101],[-122.104970280174,46.9655870748767],[-122.104873769303,46.9655586631024],[-122.104499048777,46.9653823578194],[-122.10434938122,46.9653189790071],[-122.104247486214,46.9652549067875],[-122.1041628335,46.9651846711586],[-122.104103239133,46.9650813683813],[-122.104104156664,46.9649652939994],[-122.104206303821,46.9647466387487],[-122.104405433399,46.9644254351385],[-122.104400395802,46.9642559102498],[-122.104317594041,46.964102304674],[-122.104138640303,46.9639322117905],[-122.103805260044,46.9636839134226],[-122.103562737081,46.9635570764106],[-122.103544751947,46.9635476731953],[-122.103281776515,46.963473967259],[-122.103041917961,46.9634475497749],[-122.102820232043,46.9634476445546],[-122.102534016516,46.9634694806166],[-122.102339545526,46.9635078929543],[-122.102167613894,46.9635727853343],[-122.101982450963,46.9636319107956],[-122.101775407421,46.9636853610167],[-122.101593156607,46.9636968349207],[-122.101317481616,46.9636352048617],[-122.101063020906,46.9635553974644],[-122.100131295719,46.9632112436584],[-122.099692162362,46.9630596486056],[-122.099390248896,46.9629923994583],[-122.099090011128,46.9629817035129],[-122.098864756003,46.963008634355],[-122.098140191854,46.9632002139763],[-122.097882242146,46.9632960494528],[-122.097649176366,46.9633528424782],[-122.097398419184,46.9633979787759],[-122.097090897144,46.9634349599093],[-122.096787123635,46.9634510738883],[-122.096508850102,46.9634489798162],[-122.096265022061,46.9634345045719],[-122.09605678975,46.9634492918847],[-122.095788917101,46.9635036020094],[-122.095469785325,46.9635883773928],[-122.094783053843,46.9637377527422],[-122.094540630459,46.9637708647332],[-122.094288862962,46.9637832623772],[-122.093988971437,46.9637844501319],[-122.093663364195,46.9637978680837],[-122.093514504224,46.9637612582922],[-122.093369442027,46.9637067145193],[-122.093149223087,46.9636085900483],[-122.09276132451,46.9634264782677],[-122.092408777356,46.9631159114791],[-122.092196638625,46.9629968306647],[-122.092039207073,46.9628174818253],[-122.091888772389,46.9627273305029],[-122.091580926886,46.9626065820602],[-122.091348188716,46.9625264810245],[-122.091049864387,46.9624323937134],[-122.090734211607,46.9623415336861],[-122.09052740839,46.9622551211493],[-122.090368159841,46.9621621005455],[-122.090230696259,46.9620687798199],[-122.089817205999,46.9616072773506],[-122.089714985781,46.9615313229089],[-122.089537615557,46.9614117572183],[-122.089099174059,46.9611351118218],[-122.089004856077,46.9610322537051],[-122.088932192795,46.9609261338419],[-122.088911926563,46.9608282051004],[-122.088908600538,46.9607151787121],[-122.088958107898,46.9606252277529],[-122.089056035722,46.960555424546],[-122.089288358844,46.9604748543126],[-122.089377685499,46.9604081587941],[-122.089405975063,46.9603363265112],[-122.089376931068,46.9602355578812],[-122.089265276572,46.9601329380699],[-122.088945262654,46.9598933543316],[-122.088608614651,46.9596777759081],[-122.088226736186,46.9594033362607],[-122.087968815855,46.959204524614],[-122.087767529042,46.9590109098486],[-122.087608110796,46.9587631295751],[-122.087385856737,46.9582990106486],[-122.087100036226,46.9577434825873],[-122.086867226124,46.9573628252851],[-122.086816052215,46.9571016505238],[-122.086797749371,46.9567745869581],[-122.086767832529,46.9564952662775],[-122.086687925344,46.9561422569439],[-122.086517823306,46.9558261701779],[-122.086223164557,46.955559435508],[-122.085923014356,46.9554028861891],[-122.085642551158,46.9553234313888],[-122.085197937885,46.9552789521774],[-122.08482902616,46.9552959308784],[-122.084422046585,46.955349140013],[-122.083799609293,46.9554648215907],[-122.08320262271,46.9555593350503],[-122.082618338266,46.955641767937],[-122.082138307908,46.9557227387044],[-122.08193053915,46.9557523864546],[-122.081714555706,46.9557970106061],[-122.081412959389,46.9558874579452],[-122.080733697679,46.9561407803852],[-122.08033804734,46.9562831145987],[-122.079797612342,46.9565285745534],[-122.078881563469,46.9568595640403],[-122.078440618273,46.9570887902337],[-122.078102799555,46.9572779060309],[-122.077669104732,46.9574594201443],[-122.077376221188,46.9575497373154],[-122.076935851846,46.9576509851632],[-122.076515746875,46.9577013555473],[-122.076116559635,46.9577246724306],[-122.075690567642,46.9577215874942],[-122.075355001553,46.9576904703264],[-122.074987878173,46.9576210879108],[-122.07461094055,46.9575131682332],[-122.074272167916,46.957371981962],[-122.074011198704,46.9572148665238],[-122.073810749563,46.9570479834294],[-122.073546969638,46.9567956595004],[-122.073299962041,46.956522290783],[-122.073060345027,46.9562041728532],[-122.072846189599,46.9558648913703],[-122.072674443358,46.9556381026976],[-122.07243155007,46.9553557349665],[-122.072278963026,46.9551911851639],[-122.072135970887,46.9550562600554],[-122.071936400989,46.9549191179111],[-122.071672212214,46.954800710153],[-122.070511910911,46.9543552801834],[-122.070024610206,46.9541863509991],[-122.069681334731,46.9540392878038],[-122.069301793257,46.953839130887],[-122.069119437385,46.9536957982635],[-122.068894724624,46.9534399695779],[-122.068749630621,46.953233627283],[-122.068664788764,46.9530056491083],[-122.068564774337,46.9527034744437],[-122.068511188837,46.9523560473395],[-122.068333767309,46.9520817197458],[-122.068127435175,46.95186134714],[-122.067883327634,46.9516861345405],[-122.067531252649,46.951533207968],[-122.067126497972,46.9513631422671],[-122.066622550337,46.9512182302426],[-122.066406927931,46.951125944033],[-122.066246500247,46.950988259911],[-122.066129510457,46.9508499840819],[-122.066054059129,46.950645681286],[-122.066011289085,46.950369520032],[-122.066024670108,46.949931885406],[-122.065986051051,46.949649716756],[-122.065965881544,46.949403003147],[-122.065899340629,46.9492075197882],[-122.065748951574,46.9489655387386],[-122.065669486095,46.9487731920048],[-122.065609379516,46.948649035059],[-122.065290493445,46.9482903209876],[-122.065169850745,46.9480271194957],[-122.065039184134,46.9477164444384],[-122.064951639545,46.9475450232063],[-122.06480756522,46.9473714070503],[-122.064665217636,46.9472573069606],[-122.064583760846,46.9471453136485],[-122.064537742234,46.9470566717869],[-122.064497825268,46.9468786791439],[-122.064473645296,46.9466439225626],[-122.064468819614,46.9464773272795],[-122.064503668056,46.9463310369345],[-122.064697898755,46.9461349980986],[-122.065182862005,46.9457772616686],[-122.065441095405,46.9455416275306],[-122.065531772942,46.945370772878],[-122.065518689176,46.9452191825525],[-122.065412912196,46.9450182804259],[-122.065180215859,46.944786358098],[-122.064843239799,46.9445528625228],[-122.064419190995,46.944314625694],[-122.064031136025,46.9441175298534],[-122.063767064282,46.9440020919899],[-122.063465360659,46.9437859952739],[-122.063220873933,46.9435958874064],[-122.063013688683,46.9433427716756],[-122.062844195001,46.9430415349079],[-122.062757070902,46.9427332560615],[-122.062793463405,46.9423399567222],[-122.062921978201,46.9419751634668],[-122.063084505267,46.941586103058],[-122.063213235325,46.9412302471844],[-122.06339646751,46.9403558423457],[-122.063385017305,46.9399602301492],[-122.063395588302,46.939725001437],[-122.063372877789,46.9395407953818],[-122.063322391266,46.9392974822805],[-122.063299310225,46.9389496102054],[-122.0632206165,46.9386322770072],[-122.063063543937,46.9383100557279],[-122.062879832876,46.9381161328598],[-122.062423274823,46.937803926496],[-122.062141727601,46.9375080761155],[-122.061514612746,46.9375242608191],[-122.06151193955,46.9375051825246],[-122.061491131903,46.937489009816],[-122.061491814721,46.9374807731119],[-122.061468046939,46.9374564133724],[-122.061418962157,46.9373748037389],[-122.061364781567,46.9373344012297],[-122.061356422245,46.9373180596948],[-122.061320486103,46.9373048625544],[-122.061306279294,46.9372940575707],[-122.061286062943,46.9372900262752],[-122.061271723013,46.9372801009607],[-122.061235509822,46.9372739546311],[-122.061199709823,46.937282146414],[-122.061154379067,46.9372860522871],[-122.061145037758,46.9372773207251],[-122.061091041038,46.9372626949216],[-122.061067347989,46.9372741226467],[-122.061018976412,46.9372629043198],[-122.06100697956,46.9372634232115],[-122.060995228294,46.9372724407386],[-122.060958901876,46.9372623746579],[-122.060946922459,46.9372634969271],[-122.060911400074,46.9372812558415],[-122.060899359657,46.9372802672221],[-122.060863566748,46.9372886507773],[-122.060802310412,46.9372472200582],[-122.060789912769,46.9372338674057],[-122.060740567667,46.9372194526338],[-122.060714560201,46.9371951228273],[-122.060703921482,46.9371705849746],[-122.06067275594,46.9371562251566],[-122.060640128993,46.9371203843606],[-122.060569536957,46.9370898026087],[-122.060532794968,46.9370653440026],[-122.060503958297,46.9370581110007],[-122.060487518437,46.937025424307],[-122.06045207596,46.9370154278155],[-122.060431333337,46.9370015023247],[-122.060406251018,46.9369607053005],[-122.060360438909,46.9369202437697],[-122.060298061803,46.9368981893451],[-122.060294772031,46.9368799415762],[-122.060261124442,46.9368392605892],[-122.060266415338,46.9368145065637],[-122.060261776013,46.9368063419869],[-122.060244048214,46.9367983547674],[-122.060226572816,46.9367630492876],[-122.060200037643,46.9367495864696],[-122.060191476784,46.9367290241634],[-122.06016783185,46.9367088859191],[-122.060123147063,46.9366436718414],[-122.060104628961,46.9366027855358],[-122.060113244838,46.9365697581984],[-122.060048544627,46.9365185556691],[-122.060036338925,46.9365118371413],[-122.060022051867,46.9365106874467],[-122.060015552067,46.9364908096993],[-122.059999407569,46.9364807989804],[-122.060055403959,46.9364829752995],[-122.060071108172,46.9364680074238],[-122.06007569894,46.9364550829855],[-122.060067822251,46.9364305073771],[-122.060069556395,46.936389346936],[-122.060064636574,46.9363811861517],[-122.060075087474,46.9363645896625],[-122.060074618105,46.9363316862462],[-122.060060428707,46.936274286667],[-122.060066394375,46.936265978393],[-122.060049995836,46.9362332908023],[-122.060061167927,46.9362166845419],[-122.060057674033,46.9361262302676],[-122.060073133787,46.936093110199],[-122.060073456998,46.9360848783752],[-122.060058850453,46.9360768488383],[-122.060061777385,46.9360603542915],[-122.06007378729,46.9360519641214],[-122.060088771612,46.9360023964246],[-122.060085854392,46.9359859810617],[-122.060111108531,46.9358622274782],[-122.060143865487,46.9358041917839],[-122.060164791328,46.9356969514449],[-122.060176522797,46.9356803378633],[-122.060185138483,46.9356473105119],[-122.060200111758,46.9356306527254],[-122.060204359769,46.9356141402707],[-122.060199959892,46.9356059724455],[-122.060217665908,46.9355563678419],[-122.060212070169,46.9355317613296],[-122.060220725063,46.9354987345392],[-122.060211004806,46.9354824113629],[-122.060215618215,46.9354494390629],[-122.060203739363,46.93542491769],[-122.060201705641,46.9354002629089],[-122.0601961515,46.9353909311827],[-122.060112797565,46.9353356483357],[-122.060107721787,46.9353110347723],[-122.060091866006,46.9352902139531],[-122.060067990485,46.9352786633312],[-122.059988312814,46.9352647140916],[-122.059972705602,46.9352552720122],[-122.05995089668,46.9352168436442],[-122.059914712729,46.9352116563891],[-122.059897871934,46.9352039044751],[-122.059907696223,46.9351738777717],[-122.059899469811,46.9351163970988],[-122.059915248373,46.9350832735429],[-122.059871282985,46.9350262773343],[-122.059856491147,46.9349771130506],[-122.059886032787,46.9349602579318],[-122.059847303785,46.9349570802735],[-122.059832247593,46.9349445317058],[-122.059830180574,46.9349034227491],[-122.059807450305,46.9348955032383],[-122.05980254747,46.9348823780444],[-122.059783844899,46.9348711406851],[-122.05978676918,46.9348628736227],[-122.059772539538,46.9348636971635],[-122.059768893712,46.9348594403078],[-122.059754653578,46.9348002587506],[-122.059649048285,46.9347577819079],[-122.059624664742,46.9347341703337],[-122.059588325248,46.9347235829456],[-122.059581025254,46.9347175660916],[-122.059592242598,46.9346845043606],[-122.059575804004,46.9346518172408],[-122.059554984316,46.9346420894628],[-122.059513653582,46.9346333799715],[-122.059484770116,46.9346036858844],[-122.059485973488,46.9345954421385],[-122.059500263602,46.934587021137],[-122.059500787801,46.93457878659],[-122.059486107137,46.9345543030938],[-122.059481632845,46.9345296813554],[-122.05949608926,46.9345048032076],[-122.05948845014,46.934488452057],[-122.059501780503,46.9344800440542],[-122.059486337136,46.9344637983355],[-122.059472659702,46.9344615425068],[-122.059458847636,46.9344477157729],[-122.059454771262,46.9344313160905],[-122.059462897992,46.9344229785717],[-122.059461102055,46.9344065480023],[-122.059402087613,46.9343579826204],[-122.059385136732,46.9343006195213],[-122.059334775811,46.9342619746641],[-122.059327928127,46.9342355747499],[-122.059310924841,46.9342193501346],[-122.059297084814,46.9341948552295],[-122.059281679264,46.9341868364192],[-122.059193205906,46.9340858773759],[-122.05917186672,46.9340484572189],[-122.059162553195,46.9340156738266],[-122.059033119708,46.9339104697163],[-122.059030552959,46.9338908951738],[-122.059018495567,46.9338809666529],[-122.058845786039,46.9337952714462],[-122.058839987725,46.9337649901214],[-122.058814839856,46.9337259759768],[-122.058825382806,46.9336750973091],[-122.058837743121,46.9336580639677],[-122.058844034886,46.933633296439],[-122.058829126725,46.9335759064232],[-122.058846022057,46.933559222778],[-122.058821016531,46.9335348789886],[-122.058840111154,46.9335305887397],[-122.058861082843,46.9335178816247],[-122.058874296611,46.9335012478209],[-122.058876185628,46.9334765399],[-122.058920262765,46.9334348050418],[-122.058913464812,46.9334184424632],[-122.058969077454,46.9332437066187],[-122.058987884434,46.933236431206],[-122.059004379842,46.9332184085839],[-122.059040480977,46.9332110366578],[-122.059023237975,46.9331948152469],[-122.059042698027,46.9331616419415],[-122.059030748934,46.9331124393233],[-122.059040799312,46.9330958483319],[-122.059060751273,46.9330907788132],[-122.059075303148,46.933078926208],[-122.059053985611,46.9330380776278],[-122.059071320533,46.9330213879912],[-122.059064282062,46.9330050286766],[-122.059090830028,46.9329635311074],[-122.059094203267,46.932930575629],[-122.059082642864,46.9329142772751],[-122.059055463279,46.932907542567],[-122.059044508394,46.9328983387673],[-122.059046409247,46.9328407208781],[-122.059029083073,46.9328258169862],[-122.059012466532,46.9328202007754],[-122.059006439882,46.9328083525792],[-122.059016352248,46.9328008682271],[-122.059029439125,46.9327257666458],[-122.059039687149,46.9327174004257],[-122.059047342198,46.93268438724],[-122.059036726182,46.9326744660795],[-122.059014331315,46.9326683793436],[-122.059012204425,46.932657135714],[-122.058956878768,46.9326197925913],[-122.058949963152,46.9325813269146],[-122.058906579062,46.9325596174072],[-122.058876468603,46.9325317777958],[-122.058852079087,46.9325190263767],[-122.058851466823,46.9324978075703],[-122.058838937875,46.9324798496653],[-122.058810454874,46.9324736804977],[-122.058825881328,46.9324436065374],[-122.0588745875,46.9324665867343],[-122.058889497736,46.9324643828385],[-122.058882576237,46.9324562491045],[-122.058886232857,46.9324539230586],[-122.058922250322,46.9324534085031],[-122.058934309403,46.9324550826837],[-122.058935880834,46.9324637548046],[-122.058951682013,46.9324730298431],[-122.058965229722,46.9324916055358],[-122.058995491246,46.9324941848056],[-122.059003312203,46.9324710691914],[-122.059018908505,46.9324732442368],[-122.059020724211,46.9324626059645],[-122.059005987894,46.9324417158104],[-122.058985396682,46.932430174529],[-122.059020660495,46.932413242122],[-122.059028818125,46.9324004342334],[-122.059065088917,46.9323961856018],[-122.059052308914,46.9323820434451],[-122.059040155686,46.9323771064477],[-122.059028157542,46.9323775434399],[-122.059023229751,46.9323885249786],[-122.059016520921,46.9323905081372],[-122.058980527248,46.9323918456942],[-122.05895034176,46.9323835610258],[-122.058931816729,46.9323687002291],[-122.058907700204,46.9323654072426],[-122.058883754523,46.9323680348797],[-122.058877851152,46.9323493564972],[-122.058663410393,46.9322241586682],[-122.058629726048,46.9321847938224],[-122.058589202402,46.9321498538549],[-122.058568889496,46.9321396259482],[-122.058571132673,46.9321313681311],[-122.058555411726,46.9321151263216],[-122.058502989049,46.9320757126055],[-122.058493320706,46.9320583738622],[-122.058335914177,46.9319089554148],[-122.058330098741,46.9318878070311],[-122.058307891419,46.9318798801596],[-122.058310140417,46.9318551673671],[-122.058276619504,46.9318144838163],[-122.05827362593,46.9317898422555],[-122.058220629212,46.9317082850333],[-122.058169919192,46.9316102413886],[-122.058138635513,46.9315777549708],[-122.058139441348,46.9315612891628],[-122.058092578019,46.9314966528223],[-122.058064914647,46.9314022741077],[-122.058029220765,46.9313570950689],[-122.058036547664,46.9313487684642],[-122.058024279326,46.9312995697804],[-122.058023853407,46.9312584382868],[-122.05800813167,46.9312421961407],[-122.057997140633,46.9312012067968],[-122.057953950043,46.9311195170239],[-122.057954201558,46.9310866038134],[-122.057949769071,46.931061981439],[-122.057939528855,46.9310456653811],[-122.057933081575,46.9309470232023],[-122.057911112032,46.9308321364365],[-122.057916443836,46.9308073819302],[-122.057914868464,46.9306263987429],[-122.05790611279,46.9306018348655],[-122.057904786952,46.9304905907664],[-122.057890684677,46.9304374951248],[-122.057883604713,46.9304293634759],[-122.057896176995,46.9304002595916],[-122.057925874076,46.9303888609175],[-122.057935206231,46.9303793004869],[-122.057939145379,46.9303298824608],[-122.057923367322,46.9303019309304],[-122.057903343803,46.9302892288403],[-122.057878817563,46.9301661491949],[-122.05785845957,46.9301335151315],[-122.057871842741,46.930083969312],[-122.057871861715,46.9300346043313],[-122.057856586119,46.9300019014933],[-122.057848637674,46.9299608717776],[-122.057859485633,46.9299524975333],[-122.057890825287,46.9299453269397],[-122.05790295627,46.9299189994789],[-122.057887041587,46.929886305018],[-122.057901734254,46.9298696515628],[-122.057901988728,46.9298285100238],[-122.057913163111,46.9298036764472],[-122.057913772653,46.9297789858346],[-122.057920857645,46.9297706625045],[-122.057908516047,46.9297050098744],[-122.057926418977,46.9296636306077],[-122.057912984282,46.929630902589],[-122.05789670064,46.929622895486],[-122.057875059689,46.9295985059651],[-122.057842385912,46.9295760760467],[-122.057708594222,46.9295178254132],[-122.057647470033,46.929480587017],[-122.057623190472,46.9294715913402],[-122.057599461777,46.9294817027769],[-122.057550915699,46.9294641491966],[-122.057538958505,46.9294659844301],[-122.057535119207,46.9294550115825],[-122.057508042269,46.9294267458109],[-122.057465472655,46.9294165442981],[-122.057425171166,46.9293989060062],[-122.057404368482,46.9293799903033],[-122.057377441827,46.929366642135],[-122.057355184082,46.9293402868223],[-122.057240568559,46.9293139184467],[-122.057197802324,46.9292968901605],[-122.057185382901,46.929282687251],[-122.05714601153,46.9292792706014],[-122.057112013395,46.9292372499013],[-122.057088095094,46.9292407821087],[-122.057069671516,46.9292349424235],[-122.057045151431,46.9292148153921],[-122.057039474269,46.9291984372656],[-122.057004805441,46.9291929001044],[-122.056990166682,46.9291766982994],[-122.056958013382,46.9291584017002],[-122.056909210671,46.9291096972473],[-122.05685791313,46.9290911387202],[-122.056837280486,46.9290530778004],[-122.056819798966,46.929036859293],[-122.056757193838,46.9290107192768],[-122.056629570095,46.9289455009219],[-122.05656601688,46.9289086510566],[-122.056537378468,46.9288845204506],[-122.056484706722,46.9288668856347],[-122.056464141938,46.9288436608491],[-122.056417385872,46.9288201585588],[-122.05641054964,46.9288037963468],[-122.056375577058,46.9287960416938],[-122.056359462742,46.9287633497273],[-122.056341293128,46.9287482651444],[-122.056304976466,46.9287383072282],[-122.056191900987,46.9286833405946],[-122.05615853935,46.9286578196774],[-122.056118114091,46.9286553222224],[-122.056077330085,46.928586159803],[-122.056048043765,46.928574269317],[-122.056032160533,46.9285620879674],[-122.056010724158,46.9285294670645],[-122.05597851626,46.9285134474724],[-122.055955090769,46.9285090475561],[-122.055940906846,46.9284975011493],[-122.055828117528,46.9284496607587],[-122.055804080529,46.9284434867355],[-122.055745861208,46.928401407651],[-122.055706672913,46.9283973855204],[-122.055658968673,46.9284090269674],[-122.055590846834,46.9284108796418],[-122.05542869609,46.9283365826728],[-122.055425632777,46.9283316878634],[-122.055410850553,46.9282742954127],[-122.055416255411,46.9282659949356],[-122.055411503783,46.928241377049],[-122.05542127131,46.9282330176283],[-122.055423882831,46.9282082999847],[-122.055398478614,46.9281921883097],[-122.055403382871,46.9281345298767],[-122.055358444169,46.9280364070347],[-122.05532488328,46.9280039506368],[-122.055300097012,46.9279466933247],[-122.05530360412,46.9278808265889],[-122.055295026143,46.9278651183406],[-122.055293537431,46.9278398253201],[-122.055314616083,46.927765493737],[-122.055307620243,46.9277491333431],[-122.055336722913,46.9277240577993],[-122.055339006818,46.9277157994889],[-122.055326968063,46.9276995072272],[-122.055343149031,46.9276663788008],[-122.055320999434,46.927617312773],[-122.055309758088,46.9276092371906],[-122.055302945409,46.9275352821403],[-122.055291877854,46.9275151644255],[-122.055278805566,46.927461561451],[-122.055288658917,46.9274367459693],[-122.055274743617,46.9274122515991],[-122.055280312233,46.9273957214584],[-122.055273116769,46.9273793637584],[-122.05528966294,46.9273297757662],[-122.055279863453,46.9273216807016],[-122.055265550263,46.9272583578433],[-122.055264017211,46.9272231653208],[-122.05526514063,46.9272149226885],[-122.055285675374,46.9271981906304],[-122.055285478216,46.9271899647417],[-122.055270760096,46.9271737086716],[-122.055265927397,46.9271490918688],[-122.055266254645,46.927132632537],[-122.055278065786,46.9271160180592],[-122.055260425295,46.9270998014687],[-122.055253279974,46.9270587607228],[-122.05527877964,46.9270337341339],[-122.05527919283,46.9270008187291],[-122.055288283633,46.9269842410008],[-122.055277325494,46.9269679341337],[-122.055274851202,46.9269515126497],[-122.055291829347,46.9269266009071],[-122.05528107802,46.9268938366086],[-122.055304580532,46.9268606092628],[-122.055311833913,46.9268358288994],[-122.05531845253,46.9267946021987],[-122.055311017037,46.9267782477421],[-122.055311917478,46.926728870016],[-122.055346791155,46.9266790343913],[-122.05534298014,46.9266050387705],[-122.055354717808,46.9265719706337],[-122.055344197361,46.9265638853153],[-122.055337210911,46.9265228424221],[-122.055282849427,46.9264742121238],[-122.055266617224,46.9264415218683],[-122.05526019483,46.9263922438926],[-122.055238846563,46.9263431675622],[-122.055250573747,46.9263347816728],[-122.055239379027,46.9263102508143],[-122.05524535856,46.9262690319227],[-122.055224659088,46.9262549960663],[-122.055216094382,46.9262036076152],[-122.055204219831,46.926179085663],[-122.055182113016,46.9261592818924],[-122.055190358398,46.9261216809953],[-122.055176935557,46.9260642701262],[-122.055185946203,46.9260476934828],[-122.055158109674,46.9260151597034],[-122.055151753164,46.9259987909331],[-122.055155308286,46.925916468328],[-122.055114926462,46.9258347384432],[-122.055109882121,46.9257443048209],[-122.055091062389,46.9256787396596],[-122.055102652675,46.925612763422],[-122.055083063342,46.9255718907556],[-122.055084273965,46.9255471923002],[-122.055072812522,46.9254897549172],[-122.055081269665,46.9254567308379],[-122.055108700328,46.9254069958042],[-122.055106062315,46.9253988039818],[-122.055062462402,46.9253582548412],[-122.055077520043,46.9253153232222],[-122.055097262555,46.9252919650646],[-122.055101755187,46.9252672219965],[-122.055032053606,46.9251612068677],[-122.055066036026,46.9251360654399],[-122.05506885402,46.925094890349],[-122.055050260278,46.9250622316846],[-122.055044755193,46.9250211687511],[-122.055055339045,46.9249716610203],[-122.055070912373,46.9249549960007],[-122.055080532023,46.9249137279285],[-122.055077614736,46.9249055398774],[-122.055045813215,46.9248812870914],[-122.0550671108,46.924856317011],[-122.05506776459,46.9248233983382],[-122.055051890147,46.9247989303991],[-122.055048363217,46.9247195010496],[-122.055065599147,46.9246424240083],[-122.055080298023,46.9246093156016],[-122.055077623427,46.9245928968106],[-122.055035366257,46.9245029658525],[-122.055044099145,46.9244781644041],[-122.055033709386,46.9244453951845],[-122.055064416557,46.9244038430672],[-122.055059473342,46.9243850966567],[-122.055034822512,46.9243631055361],[-122.055033473416,46.9243384416507],[-122.055041663474,46.9242725113237],[-122.055072781647,46.9242062712637],[-122.055071877469,46.9241651464436],[-122.05510190144,46.9241527010559],[-122.055168219805,46.9239992951336],[-122.055130936454,46.9239751164298],[-122.055125652804,46.9239542629038],[-122.055128152771,46.9239340167238],[-122.055147928613,46.9239090671742],[-122.055179930933,46.9238345879409],[-122.055145185852,46.9237692376362],[-122.055149123701,46.9237280473969],[-122.055141774264,46.9236952368332],[-122.055167854421,46.9236208373291],[-122.055165416163,46.9236126430806],[-122.055141464787,46.9235718285182],[-122.055118081625,46.9235145521707],[-122.055090848432,46.923473782756],[-122.05506349225,46.92344124246],[-122.055032643464,46.9234277822036],[-122.0549737365,46.9233601805756],[-122.05494888354,46.9233492169686],[-122.054912697371,46.9233436999924],[-122.054848874502,46.9233013678933],[-122.054790696434,46.9232771970609],[-122.054756091568,46.9232431088322],[-122.054680739668,46.9232119023078],[-122.054631782529,46.9231798456208],[-122.054612900521,46.9231593682423],[-122.054578859453,46.9231351444806],[-122.054521684203,46.9231096167018],[-122.054497093324,46.9230896815253],[-122.054417480546,46.9230675831294],[-122.054382305059,46.9230429089552],[-122.054248731635,46.9229915085584],[-122.05419327429,46.9229644762068],[-122.054168559472,46.9229596811666],[-122.054071228396,46.9229116304501],[-122.054046991585,46.9228887013624],[-122.05402272425,46.9228800061923],[-122.05400166587,46.9228632050575],[-122.053933988574,46.9228413283299],[-122.053920093581,46.9228313963976],[-122.053908820156,46.922806866192],[-122.053890942604,46.9227906525968],[-122.053815011542,46.9227587677133],[-122.053792494494,46.9227343892662],[-122.053728945849,46.9226862387856],[-122.053720942949,46.922661307346],[-122.053666254422,46.922594114078],[-122.053629611234,46.9225309009373],[-122.053622030423,46.9224816384778],[-122.053613879014,46.9224570661067],[-122.053599761279,46.9224408017225],[-122.053583915924,46.9223505137622],[-122.053566769303,46.9223096078643],[-122.053565164537,46.9222273543437],[-122.053545583634,46.9221700263692],[-122.053541807373,46.922112485091],[-122.053531051621,46.9220961755989],[-122.053515872588,46.9220387882106],[-122.053497636522,46.9220143519309],[-122.0534881211,46.9219075235958],[-122.053474927865,46.9218830192558],[-122.053475022815,46.9218501081192],[-122.053495159978,46.9218251542371],[-122.053480340748,46.9217677611627],[-122.053481588793,46.9217512893914],[-122.053463247333,46.9216939446718],[-122.053502987035,46.921495949758],[-122.053491605728,46.9214467385703],[-122.053407703475,46.9213491407462],[-122.053366364595,46.9212756514292],[-122.053282651936,46.9212027341748],[-122.053205934241,46.9211461771309],[-122.053209343,46.9211296762052],[-122.053188583353,46.9211135013931],[-122.053168104057,46.9210833640777],[-122.053117992195,46.9210486344341],[-122.053092540256,46.9210167804854],[-122.05308940584,46.9209996553481],[-122.0530568962,46.9209395118628],[-122.053014188267,46.9209075075915],[-122.052943206689,46.9208346100304],[-122.0529049757,46.9207717740521],[-122.052881234822,46.9207145023541],[-122.052863792674,46.9207065101948],[-122.052848248304,46.9206781434414],[-122.052835898521,46.920632839587],[-122.05282519844,46.9205460196254],[-122.052781899333,46.9205101560624],[-122.052778341648,46.9205019765898],[-122.05278528189,46.9204607448161],[-122.052772006374,46.9204444692446],[-122.052811004036,46.9203863509055],[-122.052837894618,46.9203777606772],[-122.052859547827,46.9203610136322],[-122.052860952349,46.9203527672184],[-122.052843322254,46.9203200954686],[-122.052874404156,46.9202456289587],[-122.052877281362,46.9202119946555],[-122.052894200696,46.9201795424295],[-122.052892210093,46.9201548868852],[-122.052901668014,46.9201218494222],[-122.052940413299,46.9200884168342],[-122.052927665393,46.9200556789535],[-122.052943680195,46.9200307807657],[-122.052938686598,46.9200143921056],[-122.052947576095,46.9199978175138],[-122.052942943432,46.9199814250813],[-122.052956757988,46.919956556301],[-122.052953851621,46.9199236856439],[-122.053010529838,46.9198345587759],[-122.053029397259,46.9198239370562],[-122.053034930267,46.9197991800007],[-122.053051657741,46.9197907268399],[-122.053070797959,46.9196670568469],[-122.053066107024,46.9196013003955],[-122.053074195799,46.9195847365945],[-122.05309903384,46.9195715383618],[-122.053114826735,46.9195556108042],[-122.053120787964,46.9195429697672],[-122.053107915159,46.9195184610555],[-122.053109194911,46.9195072821299],[-122.053147424885,46.9194322802706],[-122.053166632419,46.9194167725785],[-122.05318242505,46.9193896836294],[-122.053190076005,46.919385713205],[-122.053209542407,46.919336085715],[-122.053246819671,46.9192822141166],[-122.053261785967,46.9192695612531],[-122.05325759585,46.9192449353882],[-122.053283500971,46.919203448465],[-122.053280169651,46.9191892050478],[-122.053326899731,46.9191439543995],[-122.053335111417,46.9191204764715],[-122.053355403613,46.9191037476855],[-122.053363333383,46.9190871860054],[-122.053353102063,46.9190626416702],[-122.053362850637,46.9190425722082],[-122.053363081694,46.9190213696423],[-122.053354483512,46.9190132582073],[-122.053344898878,46.9189722502037],[-122.053358120941,46.9189309346919],[-122.053283241502,46.9188783297832],[-122.05323179366,46.9188750471591],[-122.053186264197,46.9188464811673],[-122.053149663619,46.9188514730019],[-122.053130193769,46.9188188261115],[-122.05312474389,46.9187949297374],[-122.053087696506,46.9187453523046],[-122.053088499999,46.9187371139929],[-122.053070746962,46.9187126711233],[-122.053061508091,46.9186836705375],[-122.05303698909,46.9186661472062],[-122.053025012064,46.9186672141027],[-122.05300065776,46.9186554208944],[-122.052975323404,46.9186095248761],[-122.052951062086,46.9186009659928],[-122.052927004041,46.9185994802605],[-122.052892480816,46.9185834362409],[-122.052884162445,46.9185753209967],[-122.052882849556,46.918558883769],[-122.052865472074,46.918547490603],[-122.052853416291,46.9185458160545],[-122.052841757517,46.9185579572014],[-122.052782239132,46.9185760932292],[-122.052745822035,46.9185623781327],[-122.052741457421,46.9185525637736],[-122.052762085834,46.9185029209479],[-122.052753254046,46.9184783576806],[-122.052743173698,46.9184702113459],[-122.052718848699,46.9184594326796],[-122.052694737152,46.918456082454],[-122.052658160266,46.9184368025057],[-122.052633971169,46.918430738797],[-122.052621609807,46.9184184274856],[-122.052585401575,46.9184119768464],[-122.052518575135,46.9183777200589],[-122.05248596866,46.9183503238574],[-122.052484451266,46.9183421168541],[-122.05243525168,46.9183180980323],[-122.052403733465,46.9182882180665],[-122.052388581011,46.91824841005],[-122.052352611556,46.9182502664118],[-122.052340499934,46.9182466451215],[-122.05229152819,46.9182138740756],[-122.052260787484,46.9182013166707],[-122.052233789528,46.918172720068],[-122.052169642462,46.9181508498798],[-122.052108714832,46.9181199131778],[-122.052007453248,46.9180934974647],[-122.052011018765,46.9180852219186],[-122.052006541141,46.9180770550988],[-122.051987181083,46.9180691435245],[-122.051975183302,46.9180694698469],[-122.051963440206,46.9180786781265],[-122.051956488619,46.9180777299856],[-122.051951105066,46.9180672716874],[-122.051939073023,46.918066418923],[-122.051927288202,46.9180741745162],[-122.051878652254,46.9180530820516],[-122.051866750911,46.9180567803248],[-122.051818575551,46.9180517254643],[-122.051806296335,46.9180422651494],[-122.05179424935,46.9180408917727],[-122.051770332899,46.9180443129498],[-122.05174708957,46.9180558707899],[-122.05171077734,46.918061104836],[-122.05163834745,46.9180477108857],[-122.05159034292,46.9180486045552],[-122.05157844746,46.918052494419],[-122.051564041371,46.9180665658845],[-122.051578545682,46.9181075074346],[-122.05135450169,46.9181987537728],[-122.051330379349,46.9181950202836],[-122.051283385619,46.918210215445],[-122.051259175053,46.9182243090353],[-122.051247160306,46.9182240595872],[-122.051223499902,46.9182364182613],[-122.051178548403,46.9182363104657],[-122.051128099962,46.9182594241606],[-122.051092129685,46.9182612532626],[-122.051079912696,46.9182539580512],[-122.051067963262,46.9182559842442],[-122.051032299048,46.9182684766625],[-122.051008780191,46.9182857693157],[-122.050996812658,46.9182871652468],[-122.050949394859,46.9183085094329],[-122.050937350984,46.9183072456238],[-122.050913664129,46.9183186724169],[-122.050889673921,46.9183195436133],[-122.050865874937,46.9183270778473],[-122.050853644589,46.9183193165691],[-122.050829780633,46.9183246288838],[-122.050733656997,46.9183224410048],[-122.050686001517,46.9183355070637],[-122.050673798332,46.9183286775727],[-122.050637839785,46.9183309174728],[-122.050606851893,46.9183180615614],[-122.050589420433,46.9183173633945],[-122.050564959855,46.9183018418746],[-122.05052871341,46.9182940475623],[-122.050503006254,46.9182783231487],[-122.0504991698,46.9182701476366],[-122.050479862305,46.9182654435407],[-122.050467615916,46.91825710679],[-122.050443608432,46.9182573750532],[-122.050439527364,46.9182462675486],[-122.050387793233,46.9182273838567],[-122.050345941035,46.9182013731451],[-122.050292107267,46.9181888517432],[-122.050273617453,46.9181916787177],[-122.050249523117,46.9181889044968],[-122.050176641576,46.9181598004311],[-122.050125268092,46.9181353159925],[-122.050107760861,46.9181207974548],[-122.050005856625,46.9180663870193],[-122.049907921482,46.9180066037189],[-122.049800608487,46.91793241087],[-122.049779924067,46.9179229529945],[-122.049727568349,46.9179103028294],[-122.049700540448,46.9178875741558],[-122.049684067372,46.9178532962638],[-122.049659150255,46.9178371770808],[-122.049629131977,46.9178022851268],[-122.049574807741,46.9177642645829],[-122.049569129369,46.9177281676073],[-122.049552440483,46.9176905185186],[-122.04948922602,46.9176369591084],[-122.049441514164,46.9175768275794],[-122.049422317774,46.9175606310619],[-122.049385973888,46.9174377085919],[-122.0493804812,46.9173801905452],[-122.049352060186,46.9173312075046],[-122.049352753517,46.9173065157746],[-122.049340848232,46.9172737661671],[-122.049338184263,46.9172408921631],[-122.049315293171,46.9171753808408],[-122.049316559034,46.9171259990053],[-122.049285497251,46.917077052591],[-122.049253688566,46.9170034335489],[-122.049243885254,46.9169295185801],[-122.049235372686,46.9169131771298],[-122.049247515548,46.9168718766282],[-122.049226569885,46.9168518644143],[-122.04921801163,46.9168311364182],[-122.04920715372,46.9167819177644],[-122.049192479879,46.9167656606113],[-122.049185103164,46.9167163950991],[-122.0491651878,46.9167002082171],[-122.049158177386,46.9166874405744],[-122.049146751969,46.9166840014183],[-122.049148197772,46.9166757544921],[-122.049137964131,46.9166594372958],[-122.049116852037,46.9166350390459],[-122.049091736641,46.9166161799242],[-122.049063372247,46.9166040556486],[-122.049060735664,46.9165972349109],[-122.049039077881,46.9165942899804],[-122.049017362808,46.9165823787009],[-122.048990646357,46.9165802423138],[-122.048971734785,46.9165711726355],[-122.048974822565,46.9165644117087],[-122.049084724413,46.916511181575],[-122.049092195066,46.9165037317068],[-122.049095788688,46.9164782876181],[-122.049041730889,46.9164550455357],[-122.049027792562,46.9164058683206],[-122.049006730447,46.9163650144439],[-122.049006374282,46.9163567917701],[-122.049015620542,46.9163484398649],[-122.049007852749,46.9163427303286],[-122.048995902883,46.9163447291675],[-122.048979576853,46.9163406974765],[-122.048950357413,46.9162917261771],[-122.048933242062,46.9162755015744],[-122.048928809377,46.9162591062929],[-122.048932157206,46.9162096964356],[-122.048946327598,46.9161930508012],[-122.048931173495,46.9161768000786],[-122.04892614974,46.916143957816],[-122.048910951716,46.9161359348751],[-122.048873644843,46.9160952995845],[-122.048862295098,46.9160707699156],[-122.04887903707,46.916037635022],[-122.048859409148,46.9160049884624],[-122.048860934992,46.9159967404615],[-122.048880467645,46.9159800226738],[-122.048880951273,46.9159717886978],[-122.048849006426,46.9159310812413],[-122.048824290077,46.9159149589083],[-122.048818746707,46.9158821236322],[-122.048785881782,46.915841428814],[-122.048777145544,46.9158340862523],[-122.048740908885,46.9158265660633],[-122.048706482394,46.9158095873428],[-122.048677975303,46.9157770610505],[-122.048666630076,46.9157443038337],[-122.048671560191,46.9157277828356],[-122.048665026793,46.9156925746331],[-122.048630022073,46.9156707494648],[-122.048615869109,46.9156531408629],[-122.048569431528,46.9156304273585],[-122.048549885588,46.915597780741],[-122.048510532821,46.9155611489226],[-122.048461395608,46.9155377863485],[-122.048455866169,46.9155249976418],[-122.04846811336,46.9155166054046],[-122.048486734961,46.9154834450016],[-122.048478726825,46.9154763671453],[-122.048452616694,46.9154674490828],[-122.048442161323,46.915457360259],[-122.048418468905,46.9154685672331],[-122.048406203423,46.9154595446298],[-122.048399715391,46.9154468516397],[-122.048390897882,46.9154435970003],[-122.048407242673,46.915402240046],[-122.048271988772,46.9153849169873],[-122.048260097972,46.9153889710024],[-122.048253946264,46.9153796198656],[-122.048211343776,46.9153636011546],[-122.048175483676,46.9153692114273],[-122.048136474261,46.9153236077488],[-122.048133352694,46.9153054396078],[-122.048125551131,46.9153027200554],[-122.048101646633,46.9153065793978],[-122.048089592491,46.9153049312149],[-122.048085038925,46.9152996171835],[-122.048082606567,46.9152831952385],[-122.048112317001,46.9152599227085],[-122.048139951272,46.9152577415116],[-122.048129698928,46.9152519282126],[-122.048124921735,46.9152332612677],[-122.048113963693,46.9152251811935],[-122.048122805583,46.915206879011],[-122.048098760554,46.9152058311878],[-122.048038321181,46.915191698097],[-122.047990207621,46.915188697431],[-122.047941702653,46.9151720178106],[-122.047918016108,46.915183442906],[-122.047899474194,46.9151704737508],[-122.04784569309,46.9151736104218],[-122.047741667184,46.9151314578032],[-122.047700124209,46.9151217052332],[-122.047651886685,46.915114372961],[-122.047640018673,46.9151192222022],[-122.047599735771,46.9151185302913],[-122.04758377589,46.9151006713394],[-122.047567314256,46.9150960661766],[-122.047543396502,46.9150994047836],[-122.047507281369,46.9150961049156],[-122.047471757393,46.9151134496756],[-122.047465776697,46.9150975134027],[-122.047422756494,46.915079498004],[-122.047398674265,46.9150771064419],[-122.047374836174,46.9150832412814],[-122.047357184492,46.9150761832998],[-122.047317796634,46.9150703785025],[-122.047277703177,46.9150455763584],[-122.047253455365,46.9150374006149],[-122.047181778591,46.9150501294385],[-122.047054868119,46.915050189611],[-122.047049605914,46.9150467225324],[-122.047037755905,46.9150522019673],[-122.046989865419,46.9150569873776],[-122.046953583214,46.91504784863],[-122.046907205068,46.9150439468666],[-122.046881133847,46.9150335749594],[-122.046833078542,46.9150326019225],[-122.046784066355,46.9149982390373],[-122.046745729385,46.9149914052019],[-122.046714610517,46.9149724883068],[-122.046687044936,46.9149644664568],[-122.046651157506,46.9149691175757],[-122.046626638419,46.9149654430282],[-122.046602686861,46.9149536153843],[-122.046578058704,46.9149321440905],[-122.046541787636,46.9149233890136],[-122.04652985995,46.9149261549247],[-122.046522971955,46.9149092437758],[-122.046505159643,46.9149021609474],[-122.046493293913,46.9149070917654],[-122.046396286575,46.9148737849774],[-122.046380624109,46.9148453369595],[-122.046364272863,46.9148431983832],[-122.046347592143,46.9148504701437],[-122.046315416443,46.9148379855875],[-122.046271397115,46.9147892121948],[-122.046161960824,46.9147495450704],[-122.046151968902,46.9147332246441],[-122.046153212672,46.9147249804705],[-122.046139516531,46.9147120548177],[-122.046083258602,46.9146901850248],[-122.046038712349,46.9146551582161],[-122.046016961185,46.9146251461712],[-122.045961147443,46.9146005829891],[-122.045925627688,46.9145634877256],[-122.045905727242,46.9145226176986],[-122.045884841442,46.9144948425722],[-122.045786323601,46.9144254921227],[-122.045720786525,46.9143687800555],[-122.045658342837,46.9142985056675],[-122.045624147071,46.9142713474911],[-122.045585089292,46.914222507487],[-122.045585419411,46.9142060481237],[-122.045556559017,46.9141652983601],[-122.045526407168,46.9141410208618],[-122.045504327788,46.91406727044],[-122.045499492212,46.9140591079083],[-122.04547837268,46.9140511640396],[-122.045474217224,46.9140429923741],[-122.045477062552,46.9140347267016],[-122.045469466517,46.9140266012362],[-122.045481763133,46.9140017537207],[-122.045459568695,46.9139855968175],[-122.045459297557,46.9139691458019],[-122.045419546253,46.9139449971768],[-122.045434198013,46.9139283455074],[-122.045427286968,46.913911983376],[-122.045419961974,46.9139021808014],[-122.045398291851,46.9138959177783],[-122.04537767193,46.9138550573218],[-122.045381398217,46.9138467800967],[-122.045399469629,46.9138349356219],[-122.045398579667,46.9138136384361],[-122.045380227172,46.9137974302048],[-122.04537248495,46.9137646242992],[-122.045341099672,46.9137321358497],[-122.045338709018,46.9137157130176],[-122.04532055987,46.9136912743068],[-122.045333416977,46.9136664195533],[-122.04533161184,46.9136536635197],[-122.045323632669,46.9136461468109],[-122.04529241675,46.9136406150115],[-122.045285189057,46.9136341572324],[-122.045284892592,46.9135930238839],[-122.045298269368,46.913568161882],[-122.045282917458,46.9135519130736],[-122.045287692059,46.9135271668437],[-122.045281455356,46.9134532033863],[-122.045264477756,46.9134178889555],[-122.045238237415,46.9134044188477],[-122.045218888505,46.9133141759504],[-122.04519122825,46.9132734099821],[-122.045187367217,46.9132405519538],[-122.045167423723,46.9132079101169],[-122.045112004615,46.9131592893389],[-122.045100841438,46.9131397758347],[-122.045024986518,46.9131028652694],[-122.045009198884,46.9130783950825],[-122.044975481479,46.9130539179364],[-122.044908412419,46.9130303832224],[-122.044875237456,46.9129814637397],[-122.044841927302,46.9129572284614],[-122.044782498219,46.9129251154639],[-122.044769711191,46.9129006049699],[-122.044735956507,46.9128846030946],[-122.044718168764,46.9128601594399],[-122.044705829663,46.9128611483469],[-122.044663650265,46.9128444362291],[-122.044648988799,46.9128117231389],[-122.044631934636,46.9127961827142],[-122.044588924513,46.9127713921998],[-122.044545127701,46.9127555250414],[-122.044533301752,46.9127310013498],[-122.044509539651,46.9127145907837],[-122.044389305511,46.912691796387],[-122.044376616883,46.91268472621],[-122.044338988683,46.9126760166431],[-122.044335231962,46.9126678395866],[-122.044312639557,46.9126516878084],[-122.044308363175,46.9126435179983],[-122.04432193597,46.9126268809421],[-122.04428212004,46.9125780504044],[-122.044282445515,46.9125698185711],[-122.044297298081,46.9125531643453],[-122.04434506988,46.9125442958581],[-122.044354920112,46.9125277087487],[-122.044331136843,46.9124951182955],[-122.04428211003,46.9124628654631],[-122.044237683414,46.9124445115254],[-122.044225639436,46.9124431921833],[-122.04418991052,46.9124533251341],[-122.044129629535,46.9124445900644],[-122.044080737334,46.9124142833317],[-122.044044672774,46.9124126823405],[-122.043990765358,46.9123762722551],[-122.043928640059,46.9123477887553],[-122.043879530686,46.9123448546145],[-122.04386248193,46.9123392692398],[-122.043831659372,46.9123208146565],[-122.043831153263,46.9123073284017],[-122.043825422889,46.9123028524646],[-122.043801656087,46.9123114535891],[-122.043794884636,46.9123097889537],[-122.043752619746,46.9122760478989],[-122.043704388837,46.9122688238931],[-122.043675083495,46.9122488677002],[-122.043643657124,46.9122442981584],[-122.043633608091,46.9122329690652],[-122.043641534297,46.9122246352891],[-122.043618850479,46.9122164926706],[-122.043584717388,46.912176032817],[-122.043557267771,46.912162167455],[-122.043541211677,46.9121437064491],[-122.043508199218,46.9121256094274],[-122.043411177539,46.9120916147601],[-122.043387143025,46.9120908403537],[-122.043277472912,46.9120343076653],[-122.043265512428,46.9120358941422],[-122.043252926056,46.9120155759796],[-122.043228861839,46.9120137600676],[-122.043205343982,46.9120310782965],[-122.043199574738,46.9120224350906],[-122.043168975227,46.9120188136565],[-122.043152168506,46.9120090560766],[-122.043167510928,46.9119759404981],[-122.043134326979,46.9119434755801],[-122.043117130734,46.911935478685],[-122.043093988166,46.9119154948404],[-122.043068662642,46.9118694866199],[-122.043044442721,46.9118622146574],[-122.043020513188,46.9118651134285],[-122.042961047855,46.9118470695114],[-122.042947704765,46.9118380887613],[-122.042925660883,46.9118173485852],[-122.04290012674,46.9117738390644],[-122.042900222878,46.9117491556545],[-122.042884942936,46.911742421456],[-122.042861015412,46.9117453750175],[-122.042843962822,46.9117368550839],[-122.042818197887,46.9117091179474],[-122.042751861055,46.9116606424196],[-122.042761118802,46.9116358359241],[-122.042717969572,46.9116117311164],[-122.042659343863,46.9115894534572],[-122.042645701665,46.9115797902375],[-122.042627995307,46.9115553451785],[-122.042584330647,46.9115230205883],[-122.04256430365,46.9114986066246],[-122.042558714346,46.91148222661],[-122.042541162784,46.9114660069283],[-122.042540484466,46.911452084179],[-122.042507464368,46.9114253215389],[-122.042491566327,46.9114207632367],[-122.042471476309,46.9114011214831],[-122.042441782883,46.911359120853],[-122.042426550464,46.9113484367751],[-122.0424080867,46.9113114692107],[-122.042380545085,46.9112789284618],[-122.042324167246,46.9111727272425],[-122.042297365697,46.9111366656225],[-122.04227746004,46.9110828502334],[-122.042277802216,46.9110499357862],[-122.042256195077,46.9109883548013],[-122.042182711153,46.9109277983568],[-122.042159980719,46.9108787384282],[-122.042139387792,46.9108596792796],[-122.042103348607,46.9108589286226],[-122.042078792495,46.9108398954177],[-122.04205387613,46.910839022857],[-122.042077176461,46.9107832572584],[-122.042076321534,46.9107729023814],[-122.042020357746,46.9106867702078],[-122.041961194223,46.910642804955],[-122.041933739013,46.910602035478],[-122.041908323877,46.9105823015227],[-122.041890667942,46.9105582119261],[-122.041863169292,46.9105453889734],[-122.041845813635,46.9105234070634],[-122.041825408136,46.9104800751477],[-122.041763938369,46.9104562162584],[-122.041681543276,46.9103750456684],[-122.041668712543,46.9103531130902],[-122.041631963641,46.910327468904],[-122.041606689758,46.9102832151437],[-122.041533816505,46.9102453845232],[-122.041531427162,46.9102289615963],[-122.04148398052,46.9101902421362],[-122.041459860098,46.9101864246014],[-122.04144989686,46.9101724613842],[-122.041451541682,46.9101642118876],[-122.04143039639,46.9101398127096],[-122.041421943313,46.9101198234873],[-122.041351532527,46.9100743639019],[-122.04135023742,46.9100668394039],[-122.041332207434,46.9100506259502],[-122.041226411302,46.9099992222304],[-122.041189092194,46.9099535659247],[-122.041140625674,46.9099380074109],[-122.041104012538,46.9099171057475],[-122.041091925417,46.909914250595],[-122.040983933682,46.9099163285301],[-122.040923372298,46.9098976395188],[-122.040910992098,46.9098845042144],[-122.040898857325,46.9098799770362],[-122.040848465855,46.9099007821461],[-122.04079171516,46.9099118534421],[-122.040707067586,46.9098905805759],[-122.040670627379,46.9098757381838],[-122.040657276243,46.9098622047521],[-122.040609944251,46.9098527726318],[-122.040585621261,46.9098418268843],[-122.040540681354,46.9097814901056],[-122.040517987686,46.9097406565622],[-122.040520792742,46.9097323915487],[-122.040561593232,46.9097541963885],[-122.040584006047,46.9097851615483],[-122.040608566769,46.9097805813555],[-122.040607635864,46.9097717904299],[-122.040619446294,46.9097649409279],[-122.040655941912,46.9097817303089],[-122.040659623403,46.9097634429278],[-122.04065518778,46.9097552748436],[-122.040643128077,46.9097533794228],[-122.040619334531,46.9097610201173],[-122.040598229382,46.9097478098801],[-122.040618652334,46.9097370876008],[-122.040642696711,46.9097382466618],[-122.04065444226,46.909729121485],[-122.040690457266,46.909729051534],[-122.040710735527,46.9097216213385],[-122.040679675428,46.9096891272975],[-122.040680960729,46.9096808828995],[-122.04070617971,46.9096558628821],[-122.040701825696,46.9096476937068],[-122.040647024273,46.909582607634],[-122.040629756763,46.9095692632043],[-122.040626760049,46.9095581965173],[-122.040596410981,46.9095197691606],[-122.040587729793,46.9094946270544],[-122.040558449642,46.9094768365912],[-122.040553775237,46.9094686716994],[-122.040458993366,46.9094413908719],[-122.040437273311,46.9094290938582],[-122.040427682935,46.9094127675726],[-122.040392728939,46.9093924742525],[-122.04038073338,46.9093928262387],[-122.040357324784,46.9094139555946],[-122.040321528773,46.9094217023033],[-122.04031421509,46.9094192494041],[-122.04030907931,46.9094061275967],[-122.040284576472,46.909388875923],[-122.040272012931,46.9093692976093],[-122.040260150214,46.909374310858],[-122.040248001539,46.9093692898767],[-122.040186118434,46.9093041886708],[-122.040125298306,46.9092763713229],[-122.040078281768,46.9092611212422],[-122.040082333045,46.9092446123707],[-122.04007615228,46.9092369335677],[-122.040064172754,46.9092378892027],[-122.040052501437,46.9092496192396],[-122.040044929987,46.9092451129068],[-122.040036638085,46.9092040865442],[-122.040043547016,46.9091628567631],[-122.040032597489,46.9091465483595],[-122.039999331471,46.9091223111244],[-122.039989787768,46.9090977567137],[-122.039946721915,46.9090694540452],[-122.039902472924,46.9090248779084],[-122.039851417071,46.9089844237435],[-122.039840947683,46.908968109172],[-122.039816175278,46.9089610625165],[-122.039803845548,46.9089496816133],[-122.03978880119,46.9089441234065],[-122.039742477359,46.9089026191331],[-122.039675478105,46.9088222279019],[-122.039666534646,46.9087976654344],[-122.039655192205,46.9087886295726],[-122.039642398678,46.9087609647507],[-122.039608496297,46.9087326221866],[-122.039589797916,46.9086999624785],[-122.03955425301,46.9086757556055],[-122.039523113009,46.9086432626037],[-122.039517284505,46.9086268856448],[-122.039493654974,46.9085967050038],[-122.039450005879,46.9085619659317],[-122.03936538275,46.9084725952432],[-122.039341452931,46.9084248120868],[-122.039320041524,46.908402308408],[-122.039310363471,46.9083828290684],[-122.039295848701,46.9083747957501],[-122.039303414186,46.9083664670902],[-122.039253613669,46.9083138195013],[-122.039239162825,46.9082911958307],[-122.039218873234,46.9082770960201],[-122.039212090201,46.9082525043473],[-122.039172927564,46.9081954361593],[-122.039155338482,46.9081792164763],[-122.039148274674,46.9081546285549],[-122.039100124864,46.9080812256103],[-122.039111451079,46.9080602029705],[-122.039113459117,46.9080421853893],[-122.037208520472,46.9080400573472],[-122.031895159823,46.9080955787258],[-122.026660007098,46.9080455203936],[-122.021375888595,46.908025243334],[-122.016033827494,46.9080174985429],[-122.010818115117,46.908032886714],[-122.005464672091,46.9079751632587],[-122.005218714635,46.9080940029267],[-122.004750850023,46.9082829613764],[-122.004574711484,46.9083195448886],[-122.004087062115,46.9083973331662],[-122.003871915446,46.9084544182517],[-122.003689971168,46.9085082169388],[-122.003544026421,46.9085815652693],[-122.003386751363,46.9086964449332],[-122.003193025297,46.9088503866868],[-122.003127644211,46.9089226541506],[-122.003039606743,46.909004734651],[-122.002896003662,46.9090875673375],[-122.002772448952,46.9091415618504],[-122.002517491027,46.9092163045837],[-122.001944477314,46.9093475791325],[-122.001648229371,46.9094371470008],[-122.001553095225,46.909514547027],[-122.00147906786,46.9096012148158],[-122.001354935735,46.9098837443829],[-122.001190399645,46.9102144373764],[-122.001051985935,46.910482864871],[-122.000971921094,46.9106029324796],[-122.000876824263,46.9106803577236],[-122.000760051877,46.9107294901952],[-122.000642262762,46.910740541925],[-121.999856128447,46.9107031809843],[-121.999501661683,46.9106982833807],[-121.999230790351,46.9107018123315],[-121.998828602419,46.910730855741],[-121.998455536472,46.9108071271136],[-121.99799272492,46.9109995849886],[-121.997308202829,46.9112743741139],[-121.996642422757,46.9115687158757],[-121.99588449967,46.9117975816693],[-121.995456381179,46.9118936193077],[-121.994985522704,46.9119520906555],[-121.994451252279,46.9119780887072],[-121.993973340276,46.912031903032],[-121.993374616263,46.9122396527456],[-121.992708803317,46.9125339439715],[-121.992022139362,46.9128285295114],[-121.991394412137,46.9132461143024],[-121.990755196694,46.9137495728011],[-121.990282771618,46.9142556124302],[-121.989619803197,46.9146546101408],[-121.988862330824,46.9149024830228],[-121.988419899897,46.9149843909075],[-121.987850829009,46.9150107810291],[-121.987235022638,46.9151044414414],[-121.986690763457,46.9152733595957],[-121.985826182222,46.9156701675411],[-121.984901669749,46.9161629857731],[-121.984327500433,46.9165084261812],[-121.983672297308,46.9169406367286],[-121.982713015249,46.917686217113],[-121.981954118416,46.9181387861876],[-121.981200867872,46.9185436400643],[-121.980561635638,46.9187994517929],[-121.980093477334,46.9189578424006],[-121.979596337307,46.9190737398066],[-121.979001015388,46.9191575751541],[-121.978427448405,46.9192744491682],[-121.977514843757,46.9194432820121],[-121.97689382727,46.9196035936933],[-121.976177749496,46.9198460784304],[-121.975022330291,46.9202846518221],[-121.974368474341,46.9205167840184],[-121.973642725863,46.9206594147163],[-121.972638346843,46.9207770018902],[-121.971564463263,46.9208954696363],[-121.969329840201,46.9210049721149],[-121.967697402653,46.9210257979845],[-121.967016108929,46.921015422314],[-121.966228558296,46.9209302393825],[-121.965364713884,46.9208507944564],[-121.964509769,46.9208426144709],[-121.963676145827,46.9208532174544],[-121.963085937772,46.9208702375262],[-121.960869957324,46.9208983821832],[-121.95936358861,46.9209555821538],[-121.957882901974,46.9211933551631],[-121.956825212761,46.9213972074166],[-121.955595738407,46.9216746069425],[-121.955079083126,46.9218430244422],[-121.954522780545,46.922088125316],[-121.954029911944,46.9223657412327],[-121.952191084094,46.923241188443],[-121.951232868292,46.9235294061327],[-121.950244404442,46.9237275529149],[-121.949241451497,46.9239020687865],[-121.948326723237,46.9239992815392],[-121.947437508066,46.9240104656863],[-121.946721703768,46.9240099470258],[-121.946004753193,46.9239665749119],[-121.945461341388,46.9239162750546],[-121.945020895388,46.9238170441712],[-121.944601005586,46.9237080660028],[-121.944006435563,46.923563156707],[-121.943218247331,46.9234540205363],[-121.942722865046,46.9233792743792],[-121.941421589914,46.9233146468534],[-121.940955673109,46.92330144758],[-121.940336097664,46.9232615657673],[-121.93976429405,46.923187789995],[-121.9392811562,46.9230510068873],[-121.938775905349,46.9228668624754],[-121.938269393486,46.9226351507984],[-121.937670038764,46.9223093528353],[-121.937143320654,46.9221016650817],[-121.93620307936,46.9217610826443],[-121.935537447313,46.9215551487176],[-121.934761545974,46.9213839054701],[-121.934251805984,46.9212902698344],[-121.933777515487,46.9212247652313],[-121.933227346185,46.9211792374363],[-121.932733472975,46.9211615811468],[-121.931987919633,46.921085158061],[-121.931408431076,46.9209828611531],[-121.93091132369,46.9208414449941],[-121.930511449601,46.9206988184003],[-121.930180158882,46.9205220183601],[-121.929763255522,46.9202605536907],[-121.928758117478,46.9195636281575],[-121.928214305889,46.9192323471958],[-121.9277887014,46.9189043424331],[-121.927442414376,46.9186848571342],[-121.92690571707,46.9180963817343],[-121.926742561055,46.9179698675653],[-121.926432270149,46.9177975410301],[-121.92623262722,46.9176048103886],[-121.926096237102,46.9174398444742],[-121.926027335119,46.9171978848095],[-121.925873168799,46.916885570173],[-121.925578583929,46.916517842232],[-121.925016295652,46.9160106036081],[-121.924824968109,46.9158701470682],[-121.924557263265,46.9157306360983],[-121.924269968653,46.9156389479804],[-121.923871906529,46.9155629443213],[-121.923605584321,46.9154757671802],[-121.923387623572,46.9153785020904],[-121.92313951666,46.9151911098981],[-121.922955784167,46.9150743605024],[-121.922745123009,46.9149912647669],[-121.922325762689,46.9148964599218],[-121.921885768874,46.9148114240726],[-121.921543788828,46.9147537524722],[-121.921318036493,46.9146232318183],[-121.921083572858,46.9144261780786],[-121.920772694343,46.9142300394846],[-121.920317074822,46.9140785506775],[-121.920038718675,46.9140629253524],[-121.919713794032,46.9141240860833],[-121.919362563287,46.9142426666387],[-121.919004869775,46.9143804129208],[-121.918267257271,46.9146037408854],[-121.917708279786,46.9147487072667],[-121.916287018994,46.9151328099225],[-121.915851937169,46.9152333784963],[-121.915639805594,46.9152694453767],[-121.915627628865,46.9146914963283],[-121.915714231667,46.9077170963886],[-121.914854758684,46.9077276111302],[-121.912578732315,46.9076975972015],[-121.890462476817,46.9076705402664],[-121.874007278203,46.9076615144883],[-121.861659150907,46.9076174659561],[-121.853600044924,46.9076094537679],[-121.834768852354,46.9073833869608],[-121.823273691397,46.9073623737539],[-121.822700132873,46.9073647765079],[-121.799170450361,46.9073813035156],[-121.797460396359,46.9073772857103],[-121.796424385807,46.9073812828885],[-121.792238346806,46.9073812765211],[-121.791574331448,46.9073742785577],[-121.786230282032,46.9073832608359],[-121.726624937094,46.907381441249],[-121.720003951548,46.9073825227425],[-121.718499943773,46.9073865555638],[-121.703649970463,46.9073807302353],[-121.676256025321,46.9073810573553],[-121.661417069348,46.9073812430249],[-121.655143065287,46.907383317866],[-121.653278070481,46.9073893258496],[-121.643971720189,46.9073766325557],[-121.640301124786,46.9073814965854],[-121.636085103548,46.9073805514999],[-121.634027126633,46.907386561631],[-121.619179162112,46.9073867371856],[-121.612901164326,46.9073908263186],[-121.598063218656,46.9073910059092],[-121.592566219452,46.9073810738901],[-121.57776866267,46.9073812432558],[-121.577431231826,46.9073812486553],[-121.576940247658,46.9073882578796],[-121.552849354146,46.9073880090644],[-121.549950235241,46.9073874018588],[-121.542581499013,46.9073846026766],[-121.542240986098,46.9074944958493],[-121.542120370034,46.9075496090139],[-121.542054698773,46.9074536508456],[-121.542034887329,46.9073849188574],[-121.538365650455,46.9073867112452],[-121.534709342288,46.9073907671924],[-121.496978697819,46.9073900531926],[-121.497080107573,46.9072304846166],[-121.497217153038,46.9071221874152],[-121.497422591505,46.9069776491689],[-121.497664348746,46.9068802349867],[-121.497870623954,46.9067833473193],[-121.498181870818,46.9067091870637],[-121.498475116835,46.9066115170569],[-121.498682787162,46.9065620550954],[-121.499183037816,46.9063791419694],[-121.499389388668,46.9062583946573],[-121.49968068565,46.9060534629526],[-121.499765275848,46.9059217889102],[-121.499831465552,46.9057428073764],[-121.499862905102,46.9055757540439],[-121.499854981094,46.9051473558835],[-121.499885062963,46.9049090456364],[-121.499934289985,46.9047302110843],[-121.499982332928,46.9045155463718],[-121.500013112428,46.9043128770751],[-121.500011352942,46.9042177660772],[-121.500061154799,46.9040982400003],[-121.500112099254,46.9040144900938],[-121.500522452849,46.9036777467582],[-121.500762829754,46.9035327336495],[-121.500952303511,46.9034477782896],[-121.501089728165,46.9033608888785],[-121.501190210687,46.9031695972502],[-121.501293777735,46.9031448936676],[-121.501498568895,46.9029408755388],[-121.501601251951,46.9028684923827],[-121.501686492938,46.9027724595562],[-121.501824181468,46.902699964259],[-121.50190824166,46.9025683199176],[-121.501941299439,46.9024608943865],[-121.502009018045,46.9023650135871],[-121.502007033029,46.9022579211235],[-121.502092014507,46.9021739007533],[-121.502210855176,46.9020300793145],[-121.502294549931,46.9018507790748],[-121.502413208003,46.9016949767086],[-121.502550009603,46.9015748560517],[-121.502718199627,46.9012876812623],[-121.502870712672,46.9010721043756],[-121.502936625371,46.9009049419465],[-121.503160467257,46.9007840618641],[-121.50338440917,46.9006988021085],[-121.503609089847,46.9006253800986],[-121.503745585879,46.9005170797349],[-121.503969420792,46.900396006418],[-121.504142024059,46.9003470329909],[-121.504554753858,46.9001410015954],[-121.504795326917,46.900007961647],[-121.505055188784,46.8999700439923],[-121.50529797154,46.899955939554],[-121.505732422344,46.8999759726375],[-121.506044948866,46.8999732407028],[-121.506358984587,46.9000537752038],[-121.506705430103,46.9001816846831],[-121.507019248814,46.9002504281277],[-121.507123071113,46.9002376734961],[-121.50712040898,46.900094773818],[-121.507204750654,46.8999512491939],[-121.507237236415,46.8998438546623],[-121.507356539291,46.8997237167335],[-121.507545505678,46.8996149241547],[-121.507595510352,46.899507376383],[-121.507715555829,46.899399214955],[-121.50779959951,46.899267703825],[-121.507902043777,46.8991833335304],[-121.508331200926,46.8988940564],[-121.508415944494,46.8987980226849],[-121.508515727301,46.8985710811359],[-121.508497174133,46.8984879631981],[-121.508495396838,46.8983926874007],[-121.508510398393,46.8982854179744],[-121.508595843914,46.8982013885007],[-121.508715988624,46.8981288467807],[-121.508835421144,46.8980160551558],[-121.508989455617,46.8978837920218],[-121.509125529504,46.8977516310668],[-121.509279602107,46.8976193669135],[-121.509433779764,46.8975227233335],[-121.509587849538,46.8973904039277],[-121.509672627525,46.8972707311486],[-121.509845696299,46.8972453826659],[-121.510071393537,46.8972554122192],[-121.510209274504,46.8971945592184],[-121.510207273431,46.8970874664725],[-121.510118944956,46.8970169450001],[-121.509961394521,46.8969350194096],[-121.509803806533,46.8968767596661],[-121.50964555098,46.8967591923384],[-121.509591329903,46.8966405740928],[-121.509571408607,46.8965099728327],[-121.509533596984,46.8963317059378],[-121.509530487357,46.8961651717242],[-121.50959766333,46.8960692631735],[-121.509647736475,46.8959378840219],[-121.50971451149,46.8958183688407],[-121.509800395737,46.8957581370896],[-121.509902609496,46.8956619477127],[-121.510020081218,46.8954466961584],[-121.510155776231,46.8952669059411],[-121.510205730874,46.8951593561702],[-121.510324575867,46.8950155539618],[-121.510445231243,46.8949430326808],[-121.5106343646,46.8948700746168],[-121.510859677124,46.8948322550556],[-121.511101365429,46.8947588333825],[-121.511307826061,46.8946499087711],[-121.511666751067,46.894349225081],[-121.511957676479,46.8941324181699],[-121.512058141225,46.8939409788589],[-121.512160604967,46.8938329393969],[-121.512297587467,46.893724623836],[-121.512693874461,46.8935783777217],[-121.512830854448,46.8934700615255],[-121.513000568205,46.8932663024976],[-121.513169569822,46.8930267639811],[-121.513269578229,46.8927878319943],[-121.513438616354,46.8925482927067],[-121.51367667931,46.8922843147191],[-121.513796400509,46.8921881330547],[-121.513880580403,46.8920396689718],[-121.513876563584,46.8918254556153],[-121.513763621197,46.8913743160348],[-121.51370939649,46.8912556998317],[-121.513512626055,46.8909480577578],[-121.513368738743,46.890687472259],[-121.51327977848,46.890557287766],[-121.513173788375,46.8904511106403],[-121.512997181307,46.8903099068075],[-121.512838489155,46.8901683801878],[-121.512731352264,46.8900265363802],[-121.512677355169,46.8899199011163],[-121.512603207702,46.8896706565102],[-121.512479033228,46.8895288255823],[-121.512285616033,46.8893995875094],[-121.512144267026,46.8892462252643],[-121.511879339421,46.8890105050366],[-121.511772650596,46.8888923493307],[-121.511683697128,46.8887621635411],[-121.511629482282,46.8886437107835],[-121.511607330823,46.8883940080081],[-121.51156747444,46.8881086756396],[-121.511616793136,46.8879654549943],[-121.511648411133,46.8878104342242],[-121.511749273203,46.8876429584358],[-121.511799737822,46.8875353763042],[-121.511883304308,46.8873798985512],[-121.511985126645,46.8872360521814],[-121.512169629321,46.8868894316042],[-121.51218417494,46.8867583634686],[-121.512265586494,46.8864601170112],[-121.51234851871,46.8862688043136],[-121.512398224239,46.8861208089312],[-121.51275058196,46.8854749880297],[-121.512869620242,46.8853429997931],[-121.513072920948,46.885067509428],[-121.513243274591,46.8848994201331],[-121.513327947116,46.8848033827951],[-121.51344742861,46.8846952187169],[-121.513961597153,46.8843336792506],[-121.514063561944,46.8842256699902],[-121.514268674961,46.884045262065],[-121.514388559452,46.8839609240403],[-121.514443861998,46.8839326300754],[-121.514898410912,46.8839326243852],[-121.51529840974,46.8837326149992],[-121.515378261861,46.883652770246],[-121.515562047704,46.8835935614402],[-121.515768904254,46.8835084540963],[-121.516008706083,46.8833397472656],[-121.51616405887,46.8832787042441],[-121.516285503541,46.8832776313959],[-121.516493668361,46.883287802776],[-121.516772258491,46.8833209894733],[-121.517033110997,46.8833425133827],[-121.517293075635,46.8833402147242],[-121.51746545763,46.8832553820086],[-121.5175152051,46.8831360122083],[-121.517564500415,46.8829926243183],[-121.51759561363,46.8828139406955],[-121.51764449252,46.8826229250117],[-121.517659026803,46.8824920197179],[-121.517604801548,46.8823733779292],[-121.51758464072,46.8822307969],[-121.517669372942,46.8821109527001],[-121.517667805491,46.8820276578325],[-121.51770145299,46.8819560625898],[-121.5177872318,46.8819194903471],[-121.517925557334,46.8818826175944],[-121.517941464343,46.8817991689105],[-121.517940119434,46.8817277187069],[-121.518008008046,46.8816438089038],[-121.518128370737,46.8815832929901],[-121.518249811561,46.8815822180677],[-121.518405983363,46.8815926536612],[-121.518579896996,46.88161494449],[-121.5188580324,46.8816244642503],[-121.519030332888,46.8815632948437],[-121.519115735643,46.8814792571823],[-121.519216825878,46.8813235911819],[-121.519382173935,46.8808936548533],[-121.519465555364,46.880702496173],[-121.519922342224,46.8800867681768],[-121.520055496444,46.8797760460482],[-121.520052804251,46.8796333103921],[-121.520016500072,46.8795383405689],[-121.519995661712,46.8793601169955],[-121.519881560781,46.8788255452032],[-121.519871462109,46.8782900253675],[-121.519884865818,46.8780995143411],[-121.519949870541,46.8778608585795],[-121.520016894291,46.87772935047],[-121.520049411294,46.8775981214597],[-121.520115944978,46.8774427603242],[-121.5201304688,46.8773116908552],[-121.520195880533,46.8770968608835],[-121.520263351285,46.8769891513592],[-121.520314434741,46.8769412304184],[-121.520382129612,46.8768453380661],[-121.520432536724,46.8767615825401],[-121.520534503329,46.8766297363628],[-121.520722054182,46.8764494988169],[-121.520893216675,46.8763290228093],[-121.521029686757,46.8761968699091],[-121.521093081747,46.8758987768254],[-121.521142394557,46.8757317486175],[-121.521260266818,46.875540282854],[-121.521325627401,46.8753230944992],[-121.521442108643,46.8750601506242],[-121.521513545449,46.8748323774847],[-121.521590847396,46.8746780168392],[-121.521726901927,46.8745220378871],[-121.522070780866,46.8743642390198],[-121.52213802103,46.8742446833578],[-121.522118485665,46.8741377460614],[-121.522185948898,46.8740300353252],[-121.522252963028,46.8738984709304],[-121.522286332163,46.8738148930577],[-121.522371462016,46.8737426740564],[-121.522421862762,46.8736589178679],[-121.522507247768,46.8735748775131],[-121.522591731597,46.8734431852773],[-121.522589930289,46.8733479085134],[-121.522536380325,46.8732650761703],[-121.522236543335,46.8730296897215],[-121.522112833425,46.8729118310282],[-121.521972100424,46.8728177896714],[-121.521848656131,46.8727117752869],[-121.521707295925,46.8726648777149],[-121.521429643467,46.8725727364011],[-121.521357462621,46.8724306175902],[-121.521304628039,46.8723834272198],[-121.521163858638,46.8722893852088],[-121.521054812038,46.872185490495],[-121.521040194065,46.8721715529428],[-121.5209353451,46.8721248233416],[-121.520864288539,46.8720421727771],[-121.520760340859,46.8720430953963],[-121.520586017737,46.8720208125291],[-121.520222351716,46.8720596879588],[-121.520049145024,46.8720732080735],[-121.519771282805,46.8720756721427],[-121.519477328371,46.8721259377303],[-121.519182964043,46.8721523771084],[-121.519044705028,46.8721892511066],[-121.518461580613,46.8723848087811],[-121.517839126516,46.8725092761166],[-121.517511111714,46.8725836408117],[-121.517027588258,46.872707040138],[-121.516680052412,46.8726981290195],[-121.516471186889,46.8726761455315],[-121.516244658522,46.8726186677766],[-121.516069473367,46.8725249237016],[-121.515808676906,46.8725035623222],[-121.515649898483,46.8724125514887],[-121.515563072482,46.8723628067843],[-121.515283686373,46.8722819922329],[-121.515004071109,46.8721655024752],[-121.514652520676,46.8719423716017],[-121.514441907306,46.8718014697993],[-121.514214234809,46.8717081858801],[-121.51391786217,46.8716274898684],[-121.513584907464,46.8714638351116],[-121.513357496628,46.8713587279661],[-121.513129827849,46.8712654410669],[-121.512953763682,46.8711242319441],[-121.512761262082,46.8710426191766],[-121.512533893797,46.870937510046],[-121.512359571985,46.8708914122871],[-121.512045920285,46.8708228470957],[-121.511276977463,46.8705439269091],[-121.511050684844,46.8704982570091],[-121.510683915814,46.8703943691212],[-121.510492531182,46.8703722209651],[-121.510353903626,46.8703616199457],[-121.510162336267,46.8703274893499],[-121.51004025499,46.8702929127351],[-121.509934014937,46.8701987184253],[-121.509828957323,46.8701399979511],[-121.5096886995,46.8700699317188],[-121.509600710981,46.8699873950073],[-121.509494690267,46.8699048799499],[-121.509389416251,46.8698345062729],[-121.509300908867,46.869751974711],[-121.509213586985,46.8697051086754],[-121.509125080082,46.8696225769754],[-121.509006390053,46.8695831698136],[-121.508935353879,46.8695005129326],[-121.508898855086,46.8693936940764],[-121.508879386823,46.869286754053],[-121.508807463719,46.8691564442774],[-121.50877011644,46.8690020004663],[-121.508608620454,46.8687297162773],[-121.508501570474,46.8685639001586],[-121.508446677575,46.868409802596],[-121.508375016548,46.8682913094828],[-121.508214593379,46.8680784660978],[-121.508020858758,46.8679254209228],[-121.50786339664,46.8678434926448],[-121.507688647605,46.8677737265524],[-121.507600587308,46.8677148540328],[-121.507512086121,46.8676323210485],[-121.507475815581,46.8675375386185],[-121.507422334089,46.8674546987671],[-121.507368369989,46.8673480603742],[-121.507296673134,46.8672295658062],[-121.507241122482,46.8670634630418],[-121.507272517647,46.8668727957079],[-121.507251722566,46.8666943767616],[-121.507228050294,46.8663614040291],[-121.507257670544,46.866075433159],[-121.507253462346,46.865849427922],[-121.507155870189,46.8655791047126],[-121.50712540752,46.8654933480249],[-121.50700086125,46.8653278490502],[-121.506824389472,46.8651628317231],[-121.506683260229,46.865044945445],[-121.506490830481,46.8649633208736],[-121.506368100183,46.8648930972424],[-121.506210792396,46.8648468414103],[-121.505950033379,46.864825292857],[-121.505810715988,46.8647788791046],[-121.505497507064,46.864733958646],[-121.505311086947,46.8647131297304],[-121.505201551421,46.8647008971779],[-121.504906737544,46.8647034738442],[-121.504663449064,46.8646817688897],[-121.504316667755,46.8646847980499],[-121.504108542925,46.8646986272817],[-121.503796882658,46.8647369970638],[-121.503640679924,46.8647501794262],[-121.503502729295,46.8647752129507],[-121.502912582067,46.8647803613391],[-121.502635499075,46.8647947613143],[-121.50178349246,46.864718905537],[-121.501557452707,46.8646850610821],[-121.500946976718,46.8645357695807],[-121.500807040191,46.864453514666],[-121.500370897913,46.8643265326456],[-121.500144602627,46.8643046993971],[-121.499760426741,46.8641770993877],[-121.499568669098,46.8641311057868],[-121.499377573799,46.8641209477346],[-121.499250051916,46.8641434726469],[-121.499005625704,46.8640859533694],[-121.498708359568,46.8639575948144],[-121.498498475933,46.8638761362656],[-121.498253438667,46.8637593056993],[-121.497765556756,46.8636444182671],[-121.497381174504,46.8635049932065],[-121.497240073696,46.8633872869402],[-121.497099669791,46.8632813934209],[-121.496943292633,46.8632827492652],[-121.496910547908,46.8633781327276],[-121.496720372902,46.8634156223324],[-121.496563078365,46.8633693264061],[-121.496458049938,46.8633107570385],[-121.496335733415,46.8632641845727],[-121.496265421146,46.8632171342884],[-121.496142705454,46.8631467352029],[-121.496038335373,46.8631238094104],[-121.495934544363,46.8631605220238],[-121.49577930208,46.8631975150172],[-121.495640394019,46.8631987178157],[-121.495431613395,46.8631767225976],[-121.495326588186,46.8631181532765],[-121.495273746332,46.8630709783223],[-121.495202083478,46.8629526414233],[-121.495182605413,46.8628456981455],[-121.495109448758,46.8626439286965],[-121.495073641033,46.8625729408972],[-121.494984291347,46.8624427454456],[-121.494876241627,46.8622174747536],[-121.494748896193,46.8618972159042],[-121.494677714878,46.8618027043778],[-121.49460583593,46.8616723854688],[-121.494516967826,46.8615422126287],[-121.494444911563,46.8614000759139],[-121.494407967297,46.8612932846274],[-121.49438874888,46.8611981310311],[-121.494402933755,46.8610194350773],[-121.494278438301,46.86085392212],[-121.49425900201,46.8607469793855],[-121.494222538099,46.8606401556298],[-121.494221007875,46.8605568876687],[-121.494167771229,46.8604858857346],[-121.494148296116,46.8603789433097],[-121.494216196051,46.8602950478928],[-121.494232827454,46.8602472437699],[-121.494453554507,46.859995464258],[-121.494642926973,46.8599105450938],[-121.494884618665,46.8598489756824],[-121.495020889434,46.8597048440679],[-121.495001760687,46.8596146811435],[-121.495047813979,46.8592929495276],[-121.494941482731,46.8591629280819],[-121.494851483695,46.8589971171871],[-121.49479601821,46.8588070121979],[-121.494791206788,46.8585453371086],[-121.494769405499,46.8582836430877],[-121.49471346404,46.8580937077804],[-121.494654681422,46.8577252227505],[-121.494719772264,46.8574866079637],[-121.494834813326,46.8571404217954],[-121.494964078562,46.8566157025861],[-121.495030043047,46.856424739248],[-121.495094432421,46.8561502888144],[-121.495159520623,46.8559116733969],[-121.495135709738,46.8555668801509],[-121.495118331166,46.8546219784123],[-121.49499187424,46.8543492072456],[-121.494866120759,46.8541124072741],[-121.494739887753,46.8538516165745],[-121.49449424588,46.8536989710401],[-121.494248784261,46.8535821637478],[-121.493702707741,46.8531225717307],[-121.493561163731,46.8529810342921],[-121.493403330063,46.8528752868961],[-121.493226939867,46.8527102210302],[-121.493102285874,46.8525326965197],[-121.493151797663,46.852401327889],[-121.493322549334,46.8522570927988],[-121.49345793377,46.8520655023729],[-121.493505872432,46.8519725931487],[-121.493575155355,46.8518382563779],[-121.493520796634,46.8517077843546],[-121.493397456246,46.8516017388598],[-121.492993700005,46.851355355632],[-121.492871452155,46.8513087518557],[-121.492766015197,46.8512263530372],[-121.49260770823,46.8511206089203],[-121.492485858685,46.8510978309607],[-121.492293499261,46.8510162100425],[-121.492100924455,46.8509227445268],[-121.491995270169,46.8508283633623],[-121.49180160401,46.8506752902486],[-121.491626494501,46.8505816735476],[-121.491502940351,46.8504636172165],[-121.491448505433,46.8503569753639],[-121.491307097962,46.8501916040494],[-121.491252485902,46.8500731177655],[-121.491215379708,46.8499305129225],[-121.491126280134,46.8498123228249],[-121.490776543633,46.8496487478262],[-121.490634837787,46.8494952252219],[-121.490476583894,46.8493656478078],[-121.490194917036,46.8491538238762],[-121.490174841858,46.8490134569126],[-121.490310270505,46.8488218707763],[-121.490394320315,46.8486665674495],[-121.490627112647,46.8481169671134],[-121.490623627297,46.8479265764017],[-121.490585175499,46.8477365149585],[-121.490531224571,46.8476298407694],[-121.490454566623,46.8475534995395],[-121.490668657145,46.8475480624678],[-121.490396685442,46.8467320434119],[-121.490396681133,46.8458320441225],[-121.489296707076,46.845032010432],[-121.488796729505,46.8439319892851],[-121.488696695826,46.8432319912124],[-121.487596733445,46.8426319589212],[-121.486616768315,46.8424594146585],[-121.486536454029,46.8423987883043],[-121.486465527682,46.842316087559],[-121.486359165604,46.8422098888543],[-121.486218619093,46.8420919726657],[-121.486129758772,46.8419856238617],[-121.486024351145,46.8419032463536],[-121.485954075596,46.8418561897811],[-121.485849751273,46.8418332537903],[-121.485588855688,46.8417998421291],[-121.485449568989,46.8417772343455],[-121.485310754835,46.8417784243374],[-121.485154269683,46.841744088949],[-121.484927167367,46.8416745726578],[-121.484891641573,46.8416154252759],[-121.48483839575,46.8415443921476],[-121.484819597475,46.8414732555442],[-121.484748672366,46.8413903889346],[-121.484695645939,46.8413313916943],[-121.484625591161,46.8412963428398],[-121.484555711891,46.8412731114442],[-121.484484531751,46.8411784289498],[-121.484413612246,46.8410957548656],[-121.484412315601,46.8410244680295],[-121.484306691953,46.8409300524316],[-121.484095799991,46.8407890980386],[-121.483972502553,46.8406830421418],[-121.48393632737,46.840588059644],[-121.483883302107,46.8405290340506],[-121.483846607739,46.840434055693],[-121.483841633077,46.8401603969672],[-121.483770242044,46.8400538965514],[-121.483664408232,46.839947663158],[-121.483575555246,46.8398413120578],[-121.483312597586,46.839665152789],[-121.483172233516,46.8395828795065],[-121.483048511262,46.8394531610968],[-121.482958970814,46.8393110021663],[-121.482886974501,46.839168857401],[-121.482867528839,46.8390618845165],[-121.482796052527,46.8389197355178],[-121.482758242662,46.8387653148055],[-121.482773580152,46.838646060671],[-121.482770555687,46.8384794963624],[-121.482798769709,46.8381340632429],[-121.482881656,46.837914332848],[-121.482879711188,46.8378072379732],[-121.482911166588,46.8376403510756],[-121.482960388512,46.8374615206289],[-121.482992019419,46.8373064783513],[-121.483142871176,46.8370314863274],[-121.483261270006,46.8368398879077],[-121.4832937654,46.8367324986404],[-121.483360829776,46.8366011481448],[-121.483520706907,46.8362095052423],[-121.484526777766,46.8361478302544],[-121.484996806066,46.835632814894],[-121.484340786462,46.8350658019961],[-121.483639532243,46.8351047951382],[-121.483627377091,46.8350515624747],[-121.48357241153,46.8348854428111],[-121.483552532409,46.8347546713343],[-121.483480755301,46.834624343414],[-121.483409586983,46.8345296600849],[-121.4831804842,46.8343173972576],[-121.483108926188,46.834199050786],[-121.483037977176,46.834116376056],[-121.482914696921,46.8340102919729],[-121.482843961828,46.8339394343176],[-121.482789020525,46.8339108362072],[-121.482991803956,46.833901780485],[-121.482796815133,46.833732771496],[-121.480996853851,46.8331327651771],[-121.480502280804,46.833420861016],[-121.480406044826,46.8333890225726],[-121.480280764521,46.8333662606779],[-121.479968189911,46.833345096372],[-121.479795133741,46.8333584188492],[-121.479605226547,46.8334076694515],[-121.479450922315,46.8334922941272],[-121.479193514579,46.8336492316608],[-121.4789179988,46.8337705364467],[-121.478318092509,46.8341566501894],[-121.478232915561,46.8342525037385],[-121.478200628156,46.8343718736202],[-121.478063512327,46.8344681682645],[-121.477873386189,46.8345055996186],[-121.477699681955,46.8344832746005],[-121.477473568439,46.8344375382168],[-121.477229087364,46.8343681550119],[-121.476743195137,46.834348455459],[-121.476466044819,46.8343508105116],[-121.476050399106,46.8344020008342],[-121.475893942053,46.8343676804647],[-121.475823255935,46.8342967904569],[-121.47581789286,46.833999304633],[-121.475762053027,46.8337855549244],[-121.47569008408,46.8336433788449],[-121.475636857459,46.8335723681918],[-121.475549103715,46.8335254803003],[-121.475513164017,46.8334424758701],[-121.47542451569,46.833348100604],[-121.475370861576,46.8332532637519],[-121.475282076629,46.8331469059904],[-121.475246311454,46.8330757469758],[-121.475068754025,46.8328392000091],[-121.474909852684,46.832697787559],[-121.474839130499,46.8326268980743],[-121.474733758284,46.8325445102936],[-121.474541960367,46.8324866570521],[-121.474403130646,46.8324878342068],[-121.474160602903,46.832501874047],[-121.473935398795,46.8325037827486],[-121.473743775812,46.832457773956],[-121.473620477282,46.8323517070754],[-121.473566563009,46.8322688554153],[-121.47354722918,46.8321380777167],[-121.473502627787,46.8319908955872],[-121.473361280625,46.8318253380835],[-121.473131748382,46.8316130311809],[-121.473029010056,46.8315458115074],[-121.472954029147,46.8315779268524],[-121.472552282419,46.8311918218246],[-121.472409781138,46.8309884296007],[-121.472301543666,46.8307751226346],[-121.472263471131,46.8305730130166],[-121.472242341737,46.8303709517215],[-121.472205981392,46.8302641480713],[-121.472134838527,46.8301694576582],[-121.472047521093,46.8301463662716],[-121.471856374968,46.8301241800658],[-121.471664337454,46.8300545061949],[-121.471435686002,46.8298660190161],[-121.471346447241,46.8297358312656],[-121.471206006565,46.829617896009],[-121.471082668706,46.8295356567444],[-121.470942191318,46.8294178854644],[-121.470836739264,46.8293593253557],[-121.470800594676,46.8292643373581],[-121.470832255234,46.8291092989353],[-121.470865289569,46.8290019083166],[-121.470863368352,46.8288947853076],[-121.470896564945,46.8288232071144],[-121.470894001945,46.82868030368],[-121.470944013901,46.8285727695853],[-121.470976835229,46.8284535340013],[-121.470923621092,46.8283825210632],[-121.470887384531,46.828311337517],[-121.470868273971,46.8281925686671],[-121.470898440658,46.8279542601256],[-121.470947385294,46.8277872562878],[-121.470911028732,46.8276804239183],[-121.470821582926,46.8275384192825],[-121.47068020344,46.8273966884597],[-121.470469918593,46.8272557042073],[-121.470310618997,46.8270904590822],[-121.470219133022,46.8268055180942],[-121.470181406143,46.8266510647546],[-121.470178421089,46.8264844996156],[-121.470279082427,46.8263050755362],[-121.470345097752,46.8261140971991],[-121.470428868699,46.8259420005112],[-121.470426094739,46.825787251762],[-121.470440179058,46.8255967127043],[-121.470449049415,46.8251443341095],[-121.470481870252,46.8250251262574],[-121.470598745037,46.8247742390945],[-121.470802245373,46.8245106641031],[-121.470955684486,46.8243783985762],[-121.471110707382,46.8243056259334],[-121.471317103336,46.8242325833671],[-121.471593266919,46.8241469669676],[-121.471731004928,46.824086158652],[-121.471816086621,46.8240141412891],[-121.471969357106,46.8238460619229],[-121.472139861346,46.8236900397577],[-121.472259074978,46.8235699078749],[-121.472325679407,46.8234145730816],[-121.472409730725,46.82328311203],[-121.472408447358,46.8232116602318],[-121.472303308912,46.823141060399],[-121.472164035007,46.823118435934],[-121.472041871786,46.8230719733661],[-121.471653568737,46.8226942790437],[-121.471494797322,46.8225290032927],[-121.471440736731,46.8224105295895],[-121.47157820788,46.8223617346439],[-121.471732757373,46.8222651350422],[-121.471834902979,46.8221691432681],[-121.471988811539,46.8220368991108],[-121.472088818147,46.821821802719],[-121.472154605273,46.8216188411122],[-121.472238063759,46.8214277146011],[-121.472373181682,46.8212481607525],[-121.472493416898,46.8211874995282],[-121.47270053027,46.8211262675486],[-121.472767813824,46.8210067671121],[-121.472904047302,46.8208626602821],[-121.473126464617,46.820706197132],[-121.473264796703,46.8206811954302],[-121.473629220334,46.8207019380527],[-121.474044027551,46.8206387786928],[-121.474284841169,46.8205057953973],[-121.474403616493,46.8203620275397],[-121.47438398167,46.8202432351994],[-121.474278633364,46.820160819881],[-121.474104456588,46.8201384937592],[-121.473862237381,46.8201643499125],[-121.473659465645,46.8200779874142],[-121.473344188342,46.8199020564007],[-121.472941492147,46.8196674139115],[-121.472660476415,46.8194793715958],[-121.472520876277,46.8194090905573],[-121.472291187855,46.8191849920395],[-121.472112580315,46.8188889430451],[-121.472006810847,46.8187827263276],[-121.47186694922,46.818724457447],[-121.471708134968,46.81858284835],[-121.471480172527,46.8184300035812],[-121.47128603965,46.8182412512579],[-121.471092974947,46.8181119136151],[-121.470569336727,46.8179259448747],[-121.470378409944,46.8179157382414],[-121.470119434767,46.8179535474251],[-121.469912079778,46.8180029575976],[-121.469703271761,46.8179690712892],[-121.469389551653,46.817876425866],[-121.469231400279,46.817746818527],[-121.468984543044,46.8175108464897],[-121.468703513126,46.8173227958237],[-121.468457727164,46.8171464573105],[-121.468385970604,46.8170161205475],[-121.468210622173,46.8168984758098],[-121.468088010143,46.8168282110924],[-121.467929598105,46.8167104224],[-121.467737012358,46.8166049328936],[-121.467683774974,46.8165339185766],[-121.46757869822,46.8164635056287],[-121.467473327268,46.8163810832375],[-121.467419861056,46.8163218897723],[-121.46731432026,46.8162276504432],[-121.467191284051,46.8161334206414],[-121.467121061653,46.8160865167599],[-121.466980997384,46.8160162329733],[-121.466823533171,46.8159222645705],[-121.466717685974,46.8158398465985],[-121.466332330558,46.815593215976],[-121.46622716081,46.8155464675548],[-121.466051784016,46.8154289837837],[-121.465929176773,46.81535855194],[-121.465806822708,46.8153001016935],[-121.465613781679,46.8151707827209],[-121.465491174391,46.8151003504154],[-121.465281320148,46.8150069849897],[-121.465106834311,46.8149369881448],[-121.464949591231,46.8148550000222],[-121.464756513498,46.814725679934],[-121.464562629047,46.8145487336224],[-121.464379800901,46.8144026809213],[-121.464186555252,46.8142615419748],[-121.463957728904,46.8140848867997],[-121.463869437431,46.8139784888805],[-121.463763214475,46.8138722684677],[-121.463657895207,46.8137898701534],[-121.463639170997,46.813718564481],[-121.463550880728,46.8136121652106],[-121.463479393476,46.8134938338798],[-121.463355947514,46.8133759113355],[-121.463284842696,46.8132812142229],[-121.463179469486,46.8132226465263],[-121.463004781457,46.8131408012064],[-121.462743401565,46.8130715291612],[-121.462569732711,46.8130491546166],[-121.462395469644,46.8129911356915],[-121.462254573097,46.8128731925315],[-121.462130075035,46.8126958254981],[-121.461988336292,46.8125304217445],[-121.461812806771,46.8124009489981],[-121.461655152989,46.8122951569544],[-121.461445485727,46.8122136029096],[-121.461201814923,46.8121559985091],[-121.460923666241,46.8121227031717],[-121.46076728315,46.812088362296],[-121.460316060918,46.8120683049578],[-121.460124098164,46.811998446719],[-121.459897885101,46.8119408582],[-121.459637190291,46.8119073870508],[-121.459359634119,46.81190970521],[-121.459204092924,46.8119228222238],[-121.458996368668,46.8119483872903],[-121.458634114769,46.8120465386289],[-121.458461333007,46.8120717831678],[-121.458305063641,46.812073086814],[-121.458149733032,46.8120982124581],[-121.458079693719,46.812063147502],[-121.457991780895,46.8120044017852],[-121.457920938444,46.8119217104991],[-121.457742892256,46.8116493003257],[-121.457670329796,46.8114714947411],[-121.457598854831,46.8113529680356],[-121.457510370628,46.8112347747375],[-121.457281157173,46.8110342527327],[-121.457227348049,46.8109275895863],[-121.45722503377,46.810796667305],[-121.457205058963,46.8106540728548],[-121.457099543669,46.8105596586834],[-121.456977591899,46.8105250255546],[-121.456855426972,46.8104784104947],[-121.45676730838,46.8104078193724],[-121.456748864842,46.8103246909477],[-121.456712447313,46.8102415208002],[-121.456709504576,46.8100749538174],[-121.456759739212,46.809979407494],[-121.456845334494,46.8099072321362],[-121.456982463681,46.8098107970989],[-121.457102694134,46.8097503437381],[-121.457187599607,46.8096663265696],[-121.457203369707,46.8095710671957],[-121.457201894459,46.8094876060269],[-121.457251915878,46.8093800773832],[-121.457337512445,46.8093080650615],[-121.457526934069,46.8092350238703],[-121.457680153423,46.8090909856884],[-121.457748294554,46.809018954854],[-121.457833256076,46.8089111077479],[-121.458004975992,46.8088263940152],[-121.458140585875,46.808646660696],[-121.458241045538,46.8084554010903],[-121.45830783872,46.8083072842691],[-121.458305312825,46.8081645446172],[-121.458144097167,46.8078563451042],[-121.458038490667,46.8077859548189],[-121.457915489224,46.807691661147],[-121.457740827486,46.8076098356797],[-121.457549518204,46.8075757814263],[-121.457304819935,46.8074586974656],[-121.457129950534,46.8073650266078],[-121.456935696334,46.8071642405524],[-121.456882100537,46.8070693944581],[-121.456774813421,46.8069036964908],[-121.456649506926,46.8066786972748],[-121.456648244251,46.8066072170441],[-121.456715333036,46.8064757166133],[-121.456902857784,46.8062957447502],[-121.457071875223,46.806056283305],[-121.457069982097,46.8059491591876],[-121.456997635014,46.8057830065649],[-121.456908572156,46.80562916842],[-121.456589650067,46.80523899875],[-121.45651814945,46.8051206352059],[-121.456270143936,46.8048131839239],[-121.456216133838,46.8046946745792],[-121.45619591286,46.8045400982377],[-121.456158662146,46.8044094665759],[-121.45615677089,46.804302342675],[-121.456171907843,46.8041712749173],[-121.456204367449,46.8040282436148],[-121.456183725602,46.8038498129752],[-121.456073813777,46.803505562453],[-121.455896338393,46.8032927879055],[-121.455857890631,46.8030670651272],[-121.45580472126,46.8029960447467],[-121.455767303046,46.802853567285],[-121.455696016395,46.8027470484564],[-121.455607799238,46.8026406704396],[-121.455491717136,46.8025415445708],[-121.455420850062,46.8024588241959],[-121.455280207537,46.8023528822664],[-121.45519189377,46.8022703345474],[-121.455052399313,46.8022000047966],[-121.454981574178,46.8021173117753],[-121.45485880263,46.8020350225913],[-121.454684063482,46.8019770241064],[-121.454544323019,46.8018948756288],[-121.454473079164,46.8017883556914],[-121.454402883475,46.8017412790889],[-121.454263084799,46.8016829888136],[-121.454209498608,46.8015881131056],[-121.454155285166,46.8014576216762],[-121.454065886268,46.8013156034236],[-121.453961233975,46.801268839907],[-121.453821856113,46.8012343482717],[-121.453595522381,46.8011647367796],[-121.453332957541,46.8010241555146],[-121.453140875699,46.800942467744],[-121.452861492013,46.800837645886],[-121.452635751652,46.8008038972229],[-121.452323204941,46.8007706476866],[-121.451830612951,46.8007723456561],[-121.450893420921,46.8001520527303],[-121.450456431891,46.7988230217245],[-121.450332421319,46.7976930097854],[-121.447731487249,46.7961979868146],[-121.446086750611,46.7956488392394],[-121.44605604381,46.7956236715998],[-121.445828393296,46.7955064238961],[-121.445619335131,46.7954248635024],[-121.445513809378,46.7953544331907],[-121.445305124416,46.7952965075655],[-121.445078140788,46.7952150665915],[-121.44488646809,46.7951571916239],[-121.444504637837,46.7951008534962],[-121.44439911131,46.7950302584665],[-121.444276165911,46.794936141283],[-121.444240711809,46.7948767884606],[-121.444099242832,46.7947233444171],[-121.44401137004,46.7946644229748],[-121.443905291528,46.7945345447465],[-121.443729653917,46.7943930345115],[-121.443552775962,46.7941802641341],[-121.44351635209,46.7940972543227],[-121.443480902236,46.7940380657648],[-121.443410107034,46.7939553654342],[-121.443303922735,46.7938491256547],[-121.443232981932,46.7937305858445],[-121.443178738094,46.7936238913676],[-121.443142420593,46.7935170778909],[-121.443071418783,46.7934225328319],[-121.442966171144,46.7933401148673],[-121.442912198726,46.7932214344308],[-121.442892848986,46.7931144815559],[-121.442839293342,46.7930197931113],[-121.442818079821,46.7928057434963],[-121.442816006804,46.7926866369122],[-121.442831836755,46.792591378798],[-121.442900392798,46.7925431828932],[-121.44303735834,46.7924705953833],[-121.443157190079,46.7923863024784],[-121.443330394771,46.7923610497568],[-121.443520855437,46.7923476660282],[-121.443658649289,46.7923227029146],[-121.443848445118,46.7922735112179],[-121.444003788152,46.7922245736238],[-121.444124654334,46.79219975019],[-121.444401218662,46.7921738377362],[-121.444608458916,46.7921244733428],[-121.44483332791,46.7921106395891],[-121.445076539235,46.7921206222146],[-121.445301408094,46.7921067875443],[-121.445491204532,46.7920577568187],[-121.445663928032,46.7920325047942],[-121.445888029864,46.7919473771858],[-121.446042890679,46.7918984416014],[-121.446301234432,46.7918010192266],[-121.446509097685,46.7917874879379],[-121.446666036033,46.791857492722],[-121.446789358788,46.7919755989309],[-121.446946195132,46.7920099547101],[-121.447102097807,46.7920206529449],[-121.447364355851,46.7921494317146],[-121.447642788527,46.7922304164651],[-121.44793128463,46.792261299463],[-121.448050484465,46.792141356577],[-121.448272643723,46.7919727666276],[-121.44868190874,46.7915767241594],[-121.448887245558,46.7914441125502],[-121.449092812498,46.7912996247301],[-121.449142622808,46.7911800901174],[-121.449294621999,46.790940779796],[-121.449413607104,46.7908088530138],[-121.449568254812,46.7907481224323],[-121.450033608993,46.7905895013481],[-121.450188047626,46.7905169254106],[-121.450273413122,46.790432908996],[-121.450544701934,46.790109327368],[-121.450699237641,46.7900127552399],[-121.450888182032,46.7899158700107],[-121.451181546505,46.7898539882075],[-121.451562781544,46.7898508297855],[-121.45194317757,46.7898000170367],[-121.452373171454,46.7896180412425],[-121.452699787774,46.789460558878],[-121.45302462844,46.7892318200453],[-121.453213358026,46.7891231141486],[-121.453316199149,46.789038785788],[-121.453416219056,46.7888237310791],[-121.453602014919,46.7885484848437],[-121.454008430136,46.7880215028842],[-121.454260453433,46.78756710213],[-121.454396234099,46.7873993821656],[-121.454688573676,46.7872802417921],[-121.454873937812,46.7869811658952],[-121.455246338624,46.7864781284717],[-121.4554802309,46.7859882262691],[-121.455527924917,46.7857497738416],[-121.455472046707,46.7855241680024],[-121.455380611009,46.7852630433294],[-121.455324522631,46.7850254552276],[-121.455278992093,46.7843949234035],[-121.455327066224,46.784180298815],[-121.455427740155,46.7840010495442],[-121.455492246552,46.7837267806522],[-121.482035083445,46.7837453888021],[-121.553627051009,46.783764986098],[-121.727028338664,46.7836274267813],[-121.729810233707,46.7836231135231],[-121.73991868807,46.7836067605654],[-121.742062513923,46.7836031694024],[-121.7447794136,46.7835985926697],[-121.759205048512,46.7835731196846],[-121.759333957302,46.7834527398684],[-121.759679499538,46.7831594618161],[-121.759897583797,46.7830095004797],[-121.760136469136,46.7828544832345],[-121.760389514919,46.7827041369311],[-121.761081811866,46.7823679673375],[-121.761590361248,46.7821767476256],[-121.762200899829,46.7819081373178],[-121.762667422562,46.781712602403],[-121.762968980197,46.7815682164902],[-121.763318128195,46.781369307585],[-121.76376254011,46.7811025165658],[-121.764179082841,46.7808408306671],[-121.764656332714,46.780507006266],[-121.764867775085,46.7803523090744],[-121.765199125039,46.7800106559775],[-121.76539485732,46.7797800013406],[-121.765598262479,46.7795787703528],[-121.765822704443,46.7794048956757],[-121.766136943873,46.7792061981671],[-121.766424093063,46.77904586352],[-121.766753077912,46.7788804324076],[-121.767081761261,46.7787244361724],[-121.767535342047,46.778552663528],[-121.768349272643,46.7782581067388],[-121.768665315841,46.7781593161861],[-121.768988973923,46.778065239799],[-121.769174577958,46.7780013192721],[-121.769596574256,46.7779728217407],[-121.769804025037,46.7779468878139],[-121.770151306473,46.7779666857622],[-121.770296121765,46.7779508775242],[-121.770482056881,46.7779011571703],[-121.770627390065,46.7778853150817],[-121.771157900271,46.7777605038426],[-121.771406879644,46.777738549883],[-121.771913950976,46.7777853681241],[-121.772192548288,46.7778347441428],[-121.77234468015,46.7778330582108],[-121.772455272513,46.7778032011435],[-121.772550710992,46.7777450736562],[-121.772624485003,46.7776347241327],[-121.772663745435,46.7775437895184],[-121.772718847457,46.777467927092],[-121.772840655176,46.7773428378208],[-121.772921013084,46.7772800511041],[-121.77304393498,46.7772024215451],[-121.773497713527,46.7770403857397],[-121.774049116904,46.7769151366655],[-121.774290550325,46.7768696205116],[-121.774594359563,46.7768233841836],[-121.775146991316,46.7767505791114],[-121.775340056004,46.7767055979689],[-121.775546712018,46.7766462323456],[-121.775788477372,46.7766149150421],[-121.776044437339,46.7765930381844],[-121.776403259742,46.7765319795422],[-121.777045792519,46.7764629649095],[-121.777211885552,46.77643728557],[-121.777329006321,46.7764102580683],[-121.777472762147,46.7763277574386],[-121.777595522724,46.7762453254565],[-121.777724381748,46.7761439579001],[-121.777947983627,46.7759129975932],[-121.778048933216,46.775792743402],[-121.778109025364,46.7756969673149],[-121.778197161238,46.7756054862154],[-121.778340206879,46.7755133659142],[-121.778621398902,46.7753768982377],[-121.778826442783,46.7752698815794],[-121.779044589473,46.7751683950914],[-121.779243127337,46.7750614493305],[-121.779646972021,46.7748570814071],[-121.779776641484,46.7747699624372],[-121.779847106224,46.7747045382985],[-121.7799526904,46.774596598699],[-121.780141763282,46.7743848595459],[-121.780257574842,46.7743026666219],[-121.780367485449,46.7742443710279],[-121.78053233461,46.7741900700514],[-121.780711530188,46.7741500056685],[-121.780987037619,46.7740708297607],[-121.781068489052,46.7740126862255],[-121.781401679147,46.7737328330719],[-121.781538210854,46.77364080904],[-121.781674451099,46.7735583868439],[-121.781846463913,46.7734897979314],[-121.782383325236,46.7733410316314],[-121.782569386087,46.7732960880874],[-121.782719335169,46.7732448855906],[-121.783088711621,46.7730407246802],[-121.783300271241,46.7729146216799],[-121.783526388827,46.7727931270434],[-121.783751840169,46.772662068613],[-121.783949794666,46.7725312904012],[-121.784303278538,46.7722464019578],[-121.784391166926,46.7721653944062],[-121.784506133622,46.7720261369015],[-121.784640784168,46.7718770325297],[-121.784782371324,46.77170404665],[-121.784889716821,46.7715599099595],[-121.785116799728,46.771205130818],[-121.785238222996,46.7710656354016],[-121.785401547535,46.7709258074937],[-121.785565068736,46.7708144440666],[-121.785735646126,46.7707078277566],[-121.785946989824,46.7705530634291],[-121.786178843164,46.7703980968619],[-121.786391087753,46.7702813870153],[-121.786554451004,46.7701652515165],[-121.786752656956,46.7700440630717],[-121.786919849385,46.7699631794181],[-121.787118817978,46.7698942801326],[-121.787298319855,46.7698494033551],[-121.787463078771,46.7697904856031],[-121.787600381641,46.7697317110504],[-121.787716509824,46.7696637127742],[-121.787838831212,46.7695624338149],[-121.788070519896,46.7694026379085],[-121.788354994179,46.7691329364069],[-121.788578591056,46.7689065617993],[-121.788733152696,46.7687143917666],[-121.788812279178,46.7685373028298],[-121.788843278668,46.7683941838913],[-121.788871056653,46.7680920399269],[-121.788929759586,46.7679390116374],[-121.789035390378,46.767723559118],[-121.789463595405,46.7670808053363],[-121.789891263251,46.7664141966336],[-121.789962313497,46.766213365762],[-121.790091450746,46.7658120401457],[-121.79014803648,46.7656742828041],[-121.790315520896,46.765143796318],[-121.790425480827,46.7648189530816],[-121.790491197216,46.7646658446622],[-121.790605042747,46.7645025959501],[-121.790733762482,46.7643773827543],[-121.79092472818,46.76424669748],[-121.791082101497,46.7641734595161],[-121.791336522776,46.7640896955088],[-121.791660244814,46.7640051233462],[-121.792005042582,46.7639441724614],[-121.79223337056,46.7639177704889],[-121.792433969408,46.7639201462298],[-121.792608550078,46.7639610441784],[-121.792943204337,46.7640621726016],[-121.793110457961,46.7640887276775],[-121.793283766915,46.7640963734802],[-121.793415087671,46.7640804958982],[-121.79356627263,46.7640407544998],[-121.79374080668,46.7639760406461],[-121.794076140592,46.7637912598163],[-121.794316362713,46.7636981326941],[-121.794632752445,46.7635992649347],[-121.795003158829,46.7634427984562],[-121.795249602559,46.7633161962659],[-121.795467053742,46.7631471393197],[-121.795717550915,46.7629014137358],[-121.796096146564,46.7625019814815],[-121.796313437585,46.7623281253769],[-121.796762805374,46.761989759968],[-121.797097143839,46.7617860306984],[-121.797376582696,46.7616429264037],[-121.797642852165,46.7614732304342],[-121.798358220438,46.7609747642812],[-121.798590415412,46.7608388546825],[-121.798900523925,46.7607686766874],[-121.799218869598,46.760750757503],[-121.799599304678,46.7607226183705],[-121.799916697124,46.760666670389],[-121.800170881895,46.760574332656],[-121.800450434126,46.7603949637729],[-121.800879802184,46.7600996460021],[-121.801158802655,46.7598775263592],[-121.801280389378,46.7597475818528],[-121.801326456802,46.7596518424668],[-121.801371992147,46.7595323035977],[-121.801390079374,46.7594130490845],[-121.801421040071,46.7592698447303],[-121.801508006343,46.7591307757087],[-121.801643442281,46.7589959849515],[-121.801765939436,46.7589040951961],[-121.801944381917,46.7588354021929],[-121.802143250404,46.7587664494486],[-121.802355874221,46.7586688188463],[-121.802519666594,46.7585717700436],[-121.802607734995,46.7584803518286],[-121.802661122842,46.7583987620316],[-121.802786023941,46.7582392969169],[-121.802955785321,46.7580802001923],[-121.803063400483,46.7579504122759],[-121.803171360288,46.7578349638669],[-121.803272870951,46.7577433927295],[-121.803514421545,46.7574168768747],[-121.803623469083,46.7573251366982],[-121.803752692115,46.75724276686],[-121.8041158367,46.7570577213273],[-121.804444625555,46.7569159026768],[-121.804574645512,46.7568468236828],[-121.805043310025,46.7564653405311],[-121.805203785893,46.7562111281385],[-121.805288157253,46.7559864122968],[-121.805312299434,46.7558290232013],[-121.805338662619,46.7554954337722],[-121.805376504112,46.7552855629229],[-121.805391370938,46.7550330064002],[-121.805359035648,46.7548286231139],[-121.805256738803,46.754620345468],[-121.805156105355,46.754459576248],[-121.805006301786,46.7542851048512],[-121.804844009555,46.7541536676971],[-121.804525466431,46.7538715535066],[-121.804381847141,46.7536637456697],[-121.80430182605,46.7535103928418],[-121.804250230128,46.7533776135126],[-121.804204378614,46.7532115315029],[-121.804173156198,46.75305479868],[-121.804169604827,46.7529071853805],[-121.804086077457,46.7523178230146],[-121.80414223741,46.7517696272546],[-121.80421430664,46.7515926063726],[-121.804355376029,46.7514243985895],[-121.804559535141,46.7512649079396],[-121.804736096735,46.7511838907875],[-121.805071545062,46.7510086732447],[-121.805515159896,46.750727489374],[-121.805871098993,46.7505567527458],[-121.806218646839,46.7503243239163],[-121.806559417723,46.7500823443298],[-121.806838207341,46.7498744452471],[-121.807130914565,46.7496663600317],[-121.807380151855,46.7494740442459],[-121.807554383692,46.7492339869405],[-121.807777456629,46.7490124601502],[-121.808048930471,46.7487712928441],[-121.808362797287,46.7485724796786],[-121.80879379485,46.7483486065803],[-121.809259628283,46.7481432572475],[-121.809760475065,46.7479423881428],[-121.810179110858,46.7477852381396],[-121.81068098616,46.7476271357497],[-121.811136188344,46.7474991275938],[-121.811701280455,46.7473783361216],[-121.812495623297,46.7472693167281],[-121.813123108767,46.7471716361204],[-121.813673829718,46.7470129614285],[-121.814354775591,46.7468775561978],[-121.814657576778,46.746797984188],[-121.815160312083,46.7466778899567],[-121.815751137995,46.7464854786007],[-121.816252135305,46.7462940129688],[-121.81682272049,46.7461112633439],[-121.817494996947,46.7458464395018],[-121.818072093117,46.7456446858019],[-121.818449632345,46.7455021825736],[-121.818906837233,46.7452922856139],[-121.819691821955,46.7448022866084],[-121.820046311049,46.7445753830315],[-121.820317114274,46.7443294768098],[-121.820625692909,46.7439164479311],[-121.821235667477,46.7430810371459],[-121.821511246037,46.7427255383174],[-121.82175184743,46.7423656432366],[-121.82190302961,46.7421049030388],[-121.821947111119,46.7419281920263],[-121.822054083511,46.7417555547692],[-121.822209302827,46.7415966781311],[-121.82248846619,46.7413887351332],[-121.822814323327,46.7411325615572],[-121.823078712469,46.7408915212839],[-121.823274248665,46.7406702255518],[-121.823381665954,46.7405357029077],[-121.823550950827,46.7403813785677],[-121.824496690001,46.7396800473093],[-121.824856371111,46.7393788576864],[-121.825407073967,46.7387344341],[-121.825736000518,46.7383211550557],[-121.825992683794,46.7380515658265],[-121.826257432503,46.7378247469888],[-121.826706836168,46.7375052628976],[-121.827198048347,46.7372025445099],[-121.827639868933,46.736878454976],[-121.828649087911,46.7359430785026],[-121.828851315584,46.7357311837312],[-121.829018832552,46.7354864519533],[-121.829173078314,46.7352894287074],[-121.829368220982,46.735053892093],[-121.829603028106,46.7348093125312],[-121.829715101136,46.7345794554118],[-121.829934766237,46.734205550173],[-121.830112596574,46.7338320475507],[-121.830626847404,46.7330690779927],[-121.830834716898,46.732783862681],[-121.831068663004,46.7324431380405],[-121.831160141397,46.7322278065438],[-121.831217283584,46.7320176187575],[-121.831247266555,46.731817316831],[-121.831241775205,46.7315936219031],[-121.831193831364,46.7313465875309],[-121.831182180051,46.7311562846145],[-121.831226467765,46.7309700500929],[-121.831325699105,46.7307879771744],[-121.831406368183,46.7306832660515],[-121.831513158111,46.7305248273649],[-121.831728142978,46.7302652247984],[-121.832011503309,46.729947755709],[-121.832352294076,46.7297342451378],[-121.832530564367,46.7296655862984],[-121.832771854208,46.7296246626816],[-121.833165658758,46.7295820208172],[-121.833534423789,46.7295348965244],[-121.834459638444,46.7294289168169],[-121.834922412194,46.7293949005847],[-121.835573917521,46.7294111481272],[-121.836142442609,46.7294378476279],[-121.836531141575,46.7294713851834],[-121.837067479042,46.7296079895978],[-121.837397857492,46.7297041564471],[-121.837620374155,46.7297301112087],[-121.837917434634,46.7297076137219],[-121.83819302331,46.7296425284072],[-121.838831434437,46.7294303240881],[-121.839133042787,46.729307779701],[-121.839379501016,46.7291953675114],[-121.839763771034,46.729048023404],[-121.840093597932,46.7289394351535],[-121.840348129183,46.7288697635538],[-121.840691549437,46.7287658409255],[-121.840982106244,46.7287015071077],[-121.841541527905,46.7286425007684],[-121.84314841316,46.7283857020136],[-121.843652765279,46.7283369571283],[-121.843971571714,46.7283474282923],[-121.844299287114,46.7284340895732],[-121.84456898368,46.7285356644085],[-121.844780023227,46.7286617577443],[-121.844991842264,46.7288401958985],[-121.845175404112,46.7289856161633],[-121.845420745584,46.7290875566666],[-121.845649720962,46.7291133921373],[-121.845850676333,46.7291158337012],[-121.846057461018,46.7290896029139],[-121.846278166305,46.7290441469773],[-121.846629734407,46.7289876660966],[-121.847037949207,46.7289637572751],[-121.847321798132,46.7289700220648],[-121.847650690604,46.7290041967961],[-121.847921730087,46.729039077085],[-121.848157450323,46.7290554223856],[-121.848629642129,46.7290974255193],[-121.849269162487,46.7292137553162],[-121.850257508306,46.7294020523316],[-121.850509436775,46.7295086210663],[-121.850761841763,46.7296342170695],[-121.850976986119,46.7296650041966],[-121.85123375854,46.7296857297875],[-121.851505557056,46.7297491974447],[-121.851844640181,46.7299118903535],[-121.852471712406,46.7303472453688],[-121.85268951788,46.7304637284573],[-121.85289828319,46.7305184194942],[-121.853127747745,46.7305442623464],[-121.853328371586,46.730545982014],[-121.853363120117,46.7305462847958],[-121.853583583398,46.7305103343875],[-121.853744596205,46.7304702866841],[-121.85412824336,46.7302991512521],[-121.85429217502,46.7302163125972],[-121.85446312529,46.7301143030815],[-121.854564059596,46.7300035754872],[-121.854637085815,46.7298741456066],[-121.854761097325,46.7295680175395],[-121.854799114677,46.7294342005715],[-121.854891643589,46.7292665014962],[-121.85500570187,46.7291032648082],[-121.855107108241,46.7290115645443],[-121.855208276532,46.7289103505493],[-121.855297795435,46.7288807708898],[-121.855436232202,46.7288744176482],[-121.855768165343,46.7288704945778],[-121.855983946964,46.7289059824206],[-121.856527029092,46.7290329284366],[-121.857057268668,46.7291837453256],[-121.857516977697,46.7293449126741],[-121.857719838758,46.7294425302846],[-121.857915843393,46.7295259128987],[-121.858148552474,46.7295937486126],[-121.858382738623,46.7296346087498],[-121.858569859276,46.7296419095418],[-121.85875630622,46.7296206949745],[-121.858921301871,46.7295806750138],[-121.859072381642,46.7295217308447],[-121.859358915326,46.7293564464506],[-121.85946043507,46.7292695397355],[-121.859568575597,46.7291492062577],[-121.859670333165,46.7290718140799],[-121.85981375815,46.7289844108177],[-121.859957341839,46.7289256371376],[-121.860102156168,46.7288952875342],[-121.860226517317,46.7288842968701],[-121.8603657898,46.728911276781],[-121.860498322338,46.7289477432304],[-121.860603540812,46.7290083658299],[-121.860823365704,46.7291667147553],[-121.860932215291,46.7292083159092],[-121.861089149107,46.729268297568],[-121.861361473765,46.729350768393],[-121.861611831111,46.7293954340639],[-121.861862028715,46.7294305292297],[-121.862028097723,46.7294333566871],[-121.862152937226,46.7294413909152],[-121.862306285849,46.7294729175991],[-121.862431005867,46.7294761267001],[-121.862589659075,46.7294600356582],[-121.862768964265,46.7294340734122],[-121.863058197487,46.7293782549123],[-121.863533672677,46.7292726123202],[-121.863774819252,46.7292268792763],[-121.864023420038,46.7292000911029],[-121.864217278238,46.7291977855347],[-121.864438968778,46.7292094646654],[-121.864695864899,46.7292349572367],[-121.864991080675,46.7292981144845],[-121.865359822601,46.7293699125032],[-121.866139189688,46.7295959387773],[-121.866455015628,46.729680677105],[-121.866705136854,46.7297157355174],[-121.866926910319,46.7297322085294],[-121.867425675416,46.7297404967479],[-121.867641228661,46.7297665304892],[-121.867871418515,46.7298398907396],[-121.868194125629,46.7300027580745],[-121.868495137806,46.7301372239678],[-121.868692002246,46.7302538997702],[-121.869219145179,46.7304570807419],[-121.869380681098,46.730536137809],[-121.869618214601,46.7306237222371],[-121.869840592892,46.7306639045234],[-121.869993107238,46.730662083001],[-121.870137923783,46.7306318314986],[-121.870364754318,46.7305719677491],[-121.870475401671,46.7305706457683],[-121.870635494998,46.7305925380132],[-121.870985542061,46.7307035941783],[-121.871270427515,46.730799220687],[-121.871570244926,46.730867022989],[-121.871688473299,46.7308894412541],[-121.871795412847,46.7308786464174],[-121.871950493318,46.7308410562689],[-121.872139808042,46.7308150413864],[-121.872364188536,46.7307766227376],[-121.872604912655,46.730714257728],[-121.8729148941,46.7306509804323],[-121.87324268319,46.7305995018004],[-121.873849440038,46.7306397906396],[-121.874057258144,46.7306373012926],[-121.874247350175,46.7306231217593],[-121.875104531914,46.7306281789311],[-121.875793791106,46.7306377399288],[-121.876871470792,46.7307076873499],[-121.87721672906,46.7307568563916],[-121.87756153686,46.7307882035306],[-121.877838014324,46.7308381698693],[-121.878079695413,46.7308529279222],[-121.878255305391,46.7309750808402],[-121.878466610138,46.7311677808362],[-121.878608237555,46.7313259941811],[-121.878749408124,46.7314662217396],[-121.879163905278,46.7315322152674],[-121.87954631965,46.7316697055174],[-121.880076528731,46.731894054727],[-121.880356627219,46.7320858956333],[-121.880987063925,46.7324866115042],[-121.881263554286,46.7325365964316],[-121.88160973256,46.7326212022194],[-121.88217094696,46.7330049191754],[-121.882381823835,46.733179955826],[-121.882693566397,46.7332826351359],[-121.883175603269,46.7332591618542],[-121.883645675588,46.7331388286661],[-121.883956587002,46.73309163603],[-121.884383056374,46.7330383862313],[-121.884601279731,46.7330321593491],[-121.884767785224,46.7330515686334],[-121.88501350828,46.7330726537346],[-121.885204808281,46.733082054254],[-121.885381294048,46.7330799228668],[-121.885635037163,46.7330589217019],[-121.885800472183,46.733017677864],[-121.885969743348,46.7329299296125],[-121.886082902481,46.7328893169837],[-121.886237591721,46.7328553051759],[-121.886807699858,46.7328055487959],[-121.88707234691,46.7328023488834],[-121.887660940002,46.7328702375085],[-121.887964664222,46.7329522659542],[-121.888231910209,46.7330489695364],[-121.888505403207,46.7331949343669],[-121.888948280999,46.7334538128654],[-121.889100843307,46.7335127117718],[-121.889278702527,46.7335641195447],[-121.889480496115,46.7335953808026],[-121.889726910259,46.7336229743866],[-121.889851427599,46.7336178727833],[-121.889995851307,46.7335910839423],[-121.890415071189,46.7335289315375],[-121.890673587486,46.7334793669582],[-121.890849941242,46.733473608931],[-121.891039001832,46.7334982472928],[-121.891399406274,46.7336312491124],[-121.89178839621,46.733808659951],[-121.891941306386,46.7338996108651],[-121.892151318031,46.7340006746313],[-121.892357189086,46.7341160216415],[-121.892515268577,46.734214039591],[-121.892637207953,46.734311975018],[-121.892865757846,46.7345026296995],[-121.893160459018,46.7346597349529],[-121.893401621243,46.7347496398008],[-121.894239216939,46.7350001661248],[-121.894474602277,46.7350794154668],[-121.89506637236,46.735250812287],[-121.89530075137,46.7352907999606],[-121.895592858072,46.7353265187619],[-121.895857700109,46.7353304000127],[-121.896163700485,46.735323165094],[-121.896496331887,46.7353262189568],[-121.896740851315,46.7353339654192],[-121.897063863081,46.7353692773044],[-121.897318627406,46.7353875935708],[-121.897469988391,46.7354178922587],[-121.897596075028,46.7354735375632],[-121.897712226025,46.7355506951298],[-121.897881762844,46.7357243424353],[-121.897972145589,46.7357874981044],[-121.898088151661,46.7358574714044],[-121.898335285174,46.7359866214486],[-121.898799207189,46.7362452063523],[-121.899082618665,46.7363702917765],[-121.899333641755,46.7364351071831],[-121.899829457709,46.7365397181085],[-121.90019121964,46.7365876581955],[-121.90052401799,46.7366169168852],[-121.900746592759,46.7366427491521],[-121.901249241069,46.7367985004825],[-121.901556984391,46.7369185929631],[-121.901678390869,46.7369610723855],[-121.901969064135,46.7370611328605],[-121.902171320262,46.7371110152006],[-121.902443092175,46.737169591853],[-121.902602208391,46.7371724458814],[-121.902878740697,46.7371452314215],[-121.903099198356,46.737109186728],[-121.90343009713,46.7370432677936],[-121.903782356543,46.7370151246657],[-121.904754297904,46.7369603891813],[-121.905238809343,46.7369544550088],[-121.905570626947,46.7369456724046],[-121.906159830502,46.7369574843295],[-121.906394578356,46.7369926455848],[-121.9067490017,46.7370264485447],[-121.907104262716,46.7371125122788],[-121.907383017823,46.7371709639386],[-121.907660513697,46.7372009076302],[-121.907854686305,46.7372080416067],[-121.908207479856,46.7371989939589],[-121.9086507621,46.7371982689168],[-121.90908752255,46.7372167102123],[-121.909503989786,46.7372402257545],[-121.910406646976,46.7373452219084],[-121.910906759788,46.7373991060813],[-121.911274294779,46.737418417352],[-121.911324221701,46.7374178031214],[-121.911461201711,46.7374161178004],[-121.911631306018,46.7373997084725],[-121.911797317746,46.7373976654962],[-121.912158914597,46.7373482645648],[-121.912218617363,46.7373400976415],[-121.912536186687,46.7373171825932],[-121.912750511831,46.7372955102157],[-121.913013332023,46.7372779569692],[-121.913353034858,46.7373023220891],[-121.913527088072,46.7373088433536],[-121.913831708323,46.7373202281326],[-121.914170505378,46.7373113354696],[-121.914483187507,46.7373503455003],[-121.91503425104,46.7375053590846],[-121.916069392726,46.7377154153476],[-121.916712447551,46.7378610567047],[-121.916929330542,46.7378990776769],[-121.917166687044,46.7379175917009],[-121.917434571702,46.7379228389904],[-121.917709333398,46.737940862835],[-121.917991635483,46.7380016584888],[-121.918342504128,46.7381216393361],[-121.918613498811,46.7381953814228],[-121.919040944416,46.7383314991081],[-121.919725286777,46.7385115802266],[-121.92003237638,46.7385849271444],[-121.920534785237,46.7387286683388],[-121.921724919655,46.7389952808011],[-121.921825877688,46.7390177793064],[-121.922245294311,46.7390768656757],[-121.922638031754,46.7390891367792],[-121.923211740055,46.7390991615461],[-121.923502218064,46.7390955574876],[-121.923610568515,46.7390942129586],[-121.924151755778,46.7390446572225],[-121.924717202149,46.7389862140773],[-121.925263053521,46.7390746814936],[-121.925552129612,46.7390572401601],[-121.926303968267,46.7390092091311],[-121.926477267243,46.7390062741152],[-121.926650566471,46.7390092317086],[-121.926823439365,46.7390180743278],[-121.926995466945,46.7390327803103],[-121.927166226658,46.739053313505],[-121.927335302345,46.7390796231486],[-121.927502278696,46.7391116453051],[-121.927687665889,46.7391543983473],[-121.927869486947,46.7392041615078],[-121.928047343602,46.7392609117879],[-121.928837805777,46.7395909788303],[-121.929007596495,46.7396352401624],[-121.929173190583,46.7396867115342],[-121.929333941528,46.7397451541916],[-121.92948936575,46.7398103816552],[-121.929638861015,46.739882155721],[-121.929781860125,46.7399602361051],[-121.929917915753,46.7400442993035],[-121.930046504247,46.7401340778894],[-121.930167175931,46.7402292206901],[-121.930279443549,46.7403294041527],[-121.930382940065,46.7404342500202],[-121.930477211911,46.7405433514945],[-121.930561973376,46.7406563290289],[-121.930636893731,46.7407727753882],[-121.930701601286,46.7408922281728],[-121.930828402301,46.7411651190501],[-121.930911738351,46.7413131910857],[-121.931005683505,46.7414581693443],[-121.931110111858,46.7415997246224],[-121.931224732954,46.7417375059066],[-121.931349299728,46.7418711588981],[-121.931483523883,46.7420003849357],[-121.931627077425,46.7421248326471],[-121.931779634454,46.7422442304411],[-121.931940826547,46.7423582831219],[-121.932110209385,46.7424666923276],[-121.932287455461,46.7425692174774],[-121.932472040284,46.7426655617596],[-121.932663517273,46.7427555387387],[-121.932861444801,46.7428389084389],[-121.932936743654,46.7429331609823],[-121.93302198604,46.7430232583032],[-121.933116642382,46.7431087399425],[-121.933220297009,46.7431890631121],[-121.933332305177,46.7432638787654],[-121.933452134903,46.7433327272947],[-121.933738097564,46.7434788411309],[-121.933893080637,46.7435659824884],[-121.934204594303,46.7437593606914],[-121.934359853133,46.7438660042439],[-121.934653237658,46.7440903947512],[-121.935119586582,46.744480353545],[-121.935609827364,46.7448562113937],[-121.935750414784,46.7449960765254],[-121.935882248348,46.7451398085888],[-121.936005082555,46.7452871630353],[-121.936118750583,46.7454378685506],[-121.936223045618,46.7455916806476],[-121.936317800806,46.7457483274605],[-121.936402849736,46.7459075088683],[-121.936478025785,46.7460690073007],[-121.936543240759,46.7462325238471],[-121.936582977599,46.7466064809081],[-121.936590998337,46.7468031675483],[-121.936588171137,46.7470563386054],[-121.936568348013,46.747332074078],[-121.936550353286,46.7474811091237],[-121.936550996286,46.7475535864448],[-121.936574800357,46.7476659236088],[-121.936625776594,46.7477738075731],[-121.936702325604,46.747874076172],[-121.936799571861,46.7479618653729],[-121.936913655732,46.7480356141429],[-121.936976885548,46.7480674419347],[-121.937324037705,46.7483155436756],[-121.937598385957,46.7484977479892],[-121.9377031827,46.7485933833893],[-121.937789108408,46.7486616104548],[-121.937880705558,46.7487262562193],[-121.937985986257,46.7487919371363],[-121.938096921587,46.7488526645579],[-121.938213066071,46.7489082808711],[-121.938334015285,46.7489584617517],[-121.938459245513,46.7490030486497],[-121.938588233849,46.7490418838293],[-121.938833825582,46.7491039672094],[-121.938932449375,46.7491232445677],[-121.939134553491,46.7491463245424],[-121.939339571901,46.749148360634],[-121.9394204607,46.7491328217346],[-121.939557414858,46.7490952860886],[-121.939704495266,46.7490266356207],[-121.939749585957,46.7490102635242],[-121.939870062337,46.7489780737641],[-121.940005856972,46.7489202691766],[-121.940346641848,46.7488322978835],[-121.940474605764,46.7488104238655],[-121.94068270316,46.7487873395209],[-121.940780759985,46.7487888823373],[-121.940935552351,46.7487996325968],[-121.940984470202,46.7487913430067],[-121.941156143643,46.7487879434087],[-121.941215724588,46.74879969304],[-121.941268892659,46.7488230168771],[-121.941290484024,46.7488389219453],[-121.941324055281,46.7488892883897],[-121.941408439569,46.7489542433205],[-121.941431235913,46.7489795842695],[-121.941460177968,46.7490355964673],[-121.941503915615,46.7492001719013],[-121.941501171835,46.7492682988089],[-121.941487005784,46.7493077575322],[-121.941475454278,46.7493724232133],[-121.941473854731,46.7494411486983],[-121.941443416186,46.7495420498609],[-121.941453047092,46.749633085456],[-121.941449165023,46.7496625481647],[-121.941425625973,46.7497287625712],[-121.941406720572,46.7498408704477],[-121.94136449463,46.7499127418453],[-121.941328541935,46.7500497384107],[-121.941330207636,46.7501204158628],[-121.941340957726,46.7501907148201],[-121.941360707392,46.7502600853712],[-121.941389300202,46.7503279850844],[-121.941426514529,46.7503938808466],[-121.941472058602,46.7504572577026],[-121.941525574884,46.7505176185253],[-121.941586645867,46.7505744918972],[-121.941654791272,46.7506274318716],[-121.941729479369,46.7506760235898],[-121.942102833087,46.7508847916803],[-121.942246398233,46.750940388744],[-121.942372464388,46.7509725918458],[-121.942445004239,46.7509845981239],[-121.942592899739,46.7509960121484],[-121.942956852046,46.7510491110631],[-121.94300749568,46.7510614740678],[-121.943103586873,46.7510947938155],[-121.94319054749,46.7511388978743],[-121.943265950791,46.7511924976305],[-121.943298629084,46.7512224190119],[-121.943327643076,46.7512541150948],[-121.94337389873,46.7513219866064],[-121.943403393091,46.7513941827447],[-121.943477741472,46.7517378187745],[-121.943519273436,46.7518125242552],[-121.943585894243,46.7518778911552],[-121.943673305043,46.7519298322932],[-121.943740499087,46.7519553146422],[-121.943812623379,46.7519726455417],[-121.943887668489,46.7519812721416],[-121.944129230736,46.752038129706],[-121.944275179289,46.7520670417994],[-121.944344141939,46.7520890687101],[-121.944431883062,46.752126441449],[-121.944528891453,46.7521836087983],[-121.944624037754,46.7522633966138],[-121.944667995105,46.7523144968923],[-121.944703283807,46.7523686789278],[-121.94472945368,46.7524252515181],[-121.944851076223,46.7525181458558],[-121.944981434026,46.7526048690691],[-121.945119875172,46.7526849902591],[-121.945265833172,46.7527582151273],[-121.945418580691,46.7528241137273],[-121.945522508466,46.7528205011041],[-121.945621913254,46.752798377593],[-121.945682394777,46.7527740298269],[-121.945736186735,46.7527427728508],[-121.945800885399,46.7526850783501],[-121.945831552367,46.7526410299861],[-121.945851125896,46.7525939957281],[-121.945858513275,46.7525208692409],[-121.945955192069,46.752142306017],[-121.946025581856,46.7520436750698],[-121.946118736207,46.7519548488837],[-121.946172975298,46.7519149207365],[-121.946294895827,46.7518454506715],[-121.946361714883,46.7518164426114],[-121.94643175526,46.7517915077069],[-121.946579523334,46.7517546507197],[-121.946733959333,46.7517358919275],[-121.94681226232,46.7517335056752],[-121.946890529751,46.7517357821274],[-121.946962583469,46.7517489155941],[-121.947100900983,46.7517869929139],[-121.947166360392,46.7518117275164],[-121.947288479318,46.751872278294],[-121.947344333024,46.7519078024152],[-121.947442710183,46.7519877956663],[-121.947521248736,46.7520779119531],[-121.947552420493,46.7521260341672],[-121.947597568666,46.7522268561325],[-121.947618800128,46.7523315728051],[-121.947620294412,46.7523845394586],[-121.947767401745,46.752938458774],[-121.947811902287,46.7530478449813],[-121.947881953066,46.7531502449734],[-121.947975520812,46.7532427772757],[-121.948030345216,46.7532845119185],[-121.948154114311,46.7533574103659],[-121.948293704802,46.7534145851514],[-121.9483682761,46.7534367358044],[-121.948494680251,46.7534697592778],[-121.948624211589,46.7534964465489],[-121.948755901988,46.7535160493249],[-121.948889317868,46.7535290233966],[-121.949023751082,46.7535353006346],[-121.949158494014,46.7535348477359],[-121.949292832042,46.7535276679654],[-121.949426056621,46.7535137976988],[-121.949557462225,46.7534933116728],[-121.949686354569,46.753466316847],[-121.949812051915,46.7534329565011],[-121.950225289814,46.7533078866461],[-121.950320544516,46.7532872655971],[-121.950418100859,46.7532721821759],[-121.950517326003,46.753262755175],[-121.950617502653,46.7532590487833],[-121.950717990961,46.753261068894],[-121.950818034316,46.7532688269927],[-121.950917032995,46.7532822478392],[-121.951014225732,46.7533012585127],[-121.951109010186,46.7533257308795],[-121.951219443587,46.7533623453039],[-121.951687378954,46.7536006496179],[-121.951829869298,46.7537003753426],[-121.951960277279,46.7538033528434],[-121.952081486707,46.7539115211177],[-121.952193009089,46.7540244459245],[-121.952284686005,46.7541297271247],[-121.952367944705,46.7542382629591],[-121.952442539961,46.7543497337527],[-121.95255867808,46.7545443512532],[-121.952607709214,46.7546054212189],[-121.952663917873,46.7546634967789],[-121.952726917135,46.7547181807655],[-121.952796276406,46.7547690993263],[-121.952871522656,46.7548159035545],[-121.952952139344,46.7548582738915],[-121.953037574778,46.7548959194721],[-121.953986892135,46.7552204857339],[-121.95408270711,46.7552474654965],[-121.954181056145,46.7552692562745],[-121.954321478422,46.7552900478052],[-121.95448569306,46.7553022828376],[-121.954588366211,46.7553022978368],[-121.955085428493,46.7552642923544],[-121.956202883715,46.755165529836],[-121.956359294712,46.755142783319],[-121.956513499226,46.7551137822587],[-121.956664969585,46.7550786271563],[-121.956813184998,46.7550374368035],[-121.956957637714,46.7549903547857],[-121.957097831968,46.7549375398968],[-121.957233286644,46.7548791759781],[-121.957363537375,46.7548154611953],[-121.957682222567,46.754633423932],[-121.957871855351,46.7545167236278],[-121.958237232753,46.7542731262395],[-121.958412717853,46.7541464019862],[-121.958514379355,46.7540970328643],[-121.958590918234,46.7540749421649],[-121.958671860451,46.754062285455],[-121.958754783137,46.7540594486855],[-121.958837293256,46.7540665176751],[-121.958916912582,46.754083303981],[-121.959625224218,46.7543525821509],[-121.959774566402,46.7544142545474],[-121.959919649659,46.7544806986575],[-121.959980296036,46.7545011817684],[-121.96010787717,46.7545311797164],[-121.960173890139,46.7545404874211],[-121.960240793161,46.7545458616527],[-121.960375239728,46.7545448363427],[-121.960697584191,46.7544886524462],[-121.961444488503,46.7541878567385],[-121.961556438753,46.7540924439561],[-121.961652989215,46.7539750126168],[-121.961661554002,46.7539004440219],[-121.9616707685,46.7538204635158],[-121.961633670593,46.7537069282607],[-121.961571996909,46.7536083786258],[-121.961540086969,46.7535466947026],[-121.961534259172,46.7535140772647],[-121.961516076187,46.7534819742696],[-121.961512798033,46.7533900042396],[-121.961596177884,46.7532029155037],[-121.961681410026,46.7530623437906],[-121.961792072074,46.7529577047555],[-121.96194279792,46.752625362552],[-121.962035151111,46.7524781456757],[-121.962095606015,46.7523007283683],[-121.962170130158,46.7521567824867],[-121.962213500191,46.7520590611976],[-121.962471462421,46.7517291363033],[-121.962560649421,46.7515652574647],[-121.962577453639,46.7515062702545],[-121.96264984337,46.7512818575024],[-121.962746136778,46.751098936636],[-121.962807661863,46.7509657421954],[-121.9628804508,46.7508359685969],[-121.962991276066,46.7507465750147],[-121.963042766284,46.7507162175449],[-121.963240715514,46.7505994658055],[-121.963600983048,46.7504030847032],[-121.964079557067,46.75016103792],[-121.964272790201,46.7499774861409],[-121.964457682135,46.7497899176006],[-121.964547599237,46.7497242931939],[-121.964784671335,46.749568238837],[-121.965037852594,46.7494246365133],[-121.966023714111,46.7489796816714],[-121.96616055601,46.7489334218635],[-121.966301016317,46.7488926553232],[-121.966444619868,46.7488574706614],[-121.96659093131,46.7488279825852],[-121.967648625243,46.7486658669226],[-121.967785947119,46.7486403603868],[-121.967925958066,46.7486228544064],[-121.968067624897,46.7486134721683],[-121.968210033755,46.7486123084601],[-121.968352105479,46.7486193208683],[-121.968492922124,46.7486344679376],[-121.9686314007,46.7486576250368],[-121.968766702022,46.7486886389126],[-121.968897740238,46.74872725032],[-121.969117858264,46.7487696842304],[-121.969334550637,46.7488196756332],[-121.969547297084,46.7488771780067],[-121.969755491857,46.7489419503834],[-121.969958575321,46.7490138636535],[-121.970047188669,46.7490219995645],[-121.970136568041,46.7490233353088],[-121.970225612153,46.7490178553759],[-121.970313224353,46.7490056267503],[-121.970398325009,46.7489867995754],[-121.970479867475,46.7489616072225],[-121.970556844675,46.748930359076],[-121.97062831141,46.7488934388751],[-121.970693384728,46.7488513038865],[-121.970811063546,46.7487915433667],[-121.970896280504,46.7487683448898],[-121.970935760301,46.7487522627191],[-121.970986025094,46.7487254543701],[-121.971055397565,46.7486706181421],[-121.971632664618,46.7480225834354],[-121.971748523418,46.7478620835629],[-121.971797379994,46.7477790705532],[-121.972018993187,46.7473461674313],[-121.972115924586,46.7471762975831],[-121.972184627668,46.747000044258],[-121.972235645866,46.7469001278053],[-121.972293602033,46.746802014659],[-121.972429771505,46.7466121065894],[-121.972507670729,46.7465207511903],[-121.972651899243,46.7463752724546],[-121.972908226842,46.7461647272057],[-121.97298312753,46.7460918007039],[-121.973066689036,46.7460233707201],[-121.973158367828,46.745960020151],[-121.973257496293,46.7459021406851],[-121.973363327392,46.745850181254],[-121.973475075969,46.745804509004],[-121.973591989241,46.7457654341708],[-121.974247592595,46.745503271125],[-121.974392523092,46.7454572256108],[-121.974541337032,46.745417521254],[-121.97469339763,46.7453843019816],[-121.974847993148,46.74535771351],[-121.975004566807,46.7453378192103],[-121.975114091811,46.7453395927285],[-121.975299452332,46.7453278569839],[-121.975572069359,46.7451446313545],[-121.975718494435,46.7450641740614],[-121.975921842313,46.7449672686404],[-121.976645577985,46.7446790660944],[-121.976844118598,46.744625443864],[-121.97714208081,46.7445791803381],[-121.977324486422,46.7445571947287],[-121.977602888273,46.7445090709162],[-121.9779269174,46.7444472758352],[-121.978075897995,46.7444007351473],[-121.978346350744,46.7443201026078],[-121.978556332984,46.7442663022398],[-121.978880821156,46.7442228739417],[-121.979223378643,46.7442027708928],[-121.979657788248,46.7442049577364],[-121.98004712626,46.7442353425245],[-121.980379754591,46.7442899332533],[-121.980667576714,46.744364820858],[-121.980720109115,46.7443863307463],[-121.980828079622,46.7444305457291],[-121.981118584159,46.744555421371],[-121.981202146347,46.7445955638327],[-121.981245929588,46.7446166096785],[-121.981401498362,46.7446696168537],[-121.981557114438,46.7447068534801],[-121.981734501435,46.7447202503968],[-121.982141781716,46.7446945852713],[-121.982450244434,46.7446866778331],[-121.982810615195,46.7446977905717],[-121.983435124882,46.7447564717411],[-121.983636197427,46.744797067108],[-121.983791942598,46.7448578842782],[-121.984000867288,46.7449652137291],[-121.984240677949,46.7451820383081],[-121.984438784309,46.7453138606223],[-121.984630280946,46.7454213324424],[-121.985174713452,46.7456892284462],[-121.985505984561,46.7458932097668],[-121.9858497777,46.746136191798],[-121.986046677945,46.7462601287142],[-121.986196769197,46.7463327554646],[-121.986352825939,46.7463857497119],[-121.986519204837,46.7464150508409],[-121.986719466026,46.7464242767523],[-121.986925883854,46.7464412388344],[-121.987103534344,46.7464624944584],[-121.987615673876,46.7465893913114],[-121.987827962582,46.7466196314029],[-121.988063075253,46.7466441176575],[-121.988497848889,46.7466777240652],[-121.988943875531,46.7466837571446],[-121.98930494468,46.7467183169699],[-121.989919079712,46.7468164531569],[-121.990190741311,46.7468482219129],[-121.99048248077,46.7468483816728],[-121.990715782046,46.7468257416069],[-121.990933040396,46.746818969319],[-121.991190029809,46.7468235009824],[-121.991374165153,46.7468643030753],[-121.991552749611,46.7469208636983],[-121.991755605951,46.7470243371226],[-121.992146555276,46.747312269302],[-121.992469145404,46.7475242426791],[-121.992775659283,46.7477362320792],[-121.993174652927,46.7481159319186],[-121.993316714644,46.7482948456702],[-121.993406316089,46.7484334412443],[-121.993461473855,46.7485702076557],[-121.993623422967,46.7490552343505],[-121.993714106591,46.7492504216339],[-121.993815961304,46.7494180105873],[-121.993969446781,46.7495928255261],[-121.994157489729,46.7497749788776],[-121.994322941072,46.7499510088203],[-121.994505002172,46.7502228945842],[-121.994640990462,46.7503968118233],[-121.994813953584,46.750574553872],[-121.995036940175,46.7507387801628],[-121.995251695104,46.7508388289028],[-121.995471565321,46.7509088057994],[-121.995647015903,46.7509408010676],[-121.995972043021,46.750970846052],[-121.996246738083,46.7509844054123],[-121.996489931007,46.7509769552464],[-121.996757336021,46.7509606050451],[-121.997634547588,46.7508848723403],[-121.99803488972,46.7508420191182],[-121.99823647994,46.7508279225748],[-121.99849530434,46.7507725159101],[-121.998678502998,46.7507239117884],[-121.999122962171,46.7506893090366],[-121.999256421967,46.7506644451543],[-121.99946359217,46.7505636083224],[-121.999686312924,46.7504105144247],[-121.999862332683,46.7503909080765],[-122.000082149755,46.7504400613339],[-122.000200413187,46.7504788860639],[-122.000540173328,46.7506072929225],[-122.000813042346,46.7507537979038],[-122.001257475158,46.7510251484304],[-122.001633621485,46.7512626971559],[-122.002333707114,46.7516691972027],[-122.002658565875,46.7518727746434],[-122.002871493918,46.7519796896932],[-122.003008036793,46.7520645385269],[-122.00327968017,46.752164869203],[-122.003618897394,46.7522759417398],[-122.004159428785,46.7523785599919],[-122.004622290486,46.7524128625247],[-122.005001672541,46.7524599132516],[-122.005389470711,46.7525240762242],[-122.006172043347,46.7525946303873],[-122.006415841748,46.752608735919],[-122.006567896611,46.7526240452471],[-122.006752540642,46.7526274622149],[-122.006894015798,46.7525851514358],[-122.007101379149,46.752490031035],[-122.00732501264,46.7523716583508],[-122.007505959839,46.7522249401174],[-122.007612282187,46.7521195991082],[-122.007825212872,46.7519378485464],[-122.00794908963,46.7518553967041],[-122.008114847774,46.7517723945467],[-122.008846411491,46.7514971589371],[-122.009063026547,46.7514308199598],[-122.009246378225,46.7513879554539],[-122.009438344833,46.7513334853805],[-122.009587348146,46.7512564608525],[-122.009760114962,46.7511387253023],[-122.009949547692,46.7509919182605],[-122.010310817378,46.7506926656768],[-122.010427355622,46.7506506786535],[-122.010535922858,46.7506262120846],[-122.010651942659,46.7505842316535],[-122.010709167708,46.7505257744059],[-122.010731841627,46.7504273461787],[-122.010730103447,46.7503649756996],[-122.010743519924,46.7502550959486],[-122.010741910851,46.7501973584492],[-122.010765871651,46.750145098819],[-122.010879674374,46.7500050176194],[-122.010943307932,46.7498887443095],[-122.01110728556,46.749742243538],[-122.011176059938,46.7496501470441],[-122.011264410647,46.7494930949619],[-122.011409864152,46.7492890781736],[-122.011538045071,46.7490737432884],[-122.011717199991,46.7488635503664],[-122.011996743662,46.7486577657163],[-122.012186162513,46.7485109280118],[-122.01227761026,46.7484808430986],[-122.012452815275,46.7484324309371],[-122.01266268914,46.7484296642153],[-122.01296658997,46.7484891754334],[-122.013202553418,46.7485091010986],[-122.013446175318,46.7485174620985],[-122.013731064207,46.7484848239922],[-122.013980884093,46.7484122779528],[-122.014154960977,46.7483406489414],[-122.01439486657,46.748198899814],[-122.014733874473,46.748015470797],[-122.015072549948,46.7478031391384],[-122.01536632949,46.7476433707928],[-122.01582906177,46.7473716666289],[-122.016479702914,46.7469184965785],[-122.016644301612,46.7467950438524],[-122.016741335662,46.7466610195313],[-122.016819593502,46.7464463102429],[-122.016907806863,46.7463008294873],[-122.01704356751,46.7460565626013],[-122.017303416385,46.7457355902789],[-122.017475535803,46.7455774250977],[-122.017705317558,46.7453954322798],[-122.01818561384,46.7451465231669],[-122.018275559326,46.7450645086349],[-122.018622947618,46.7445575788611],[-122.019110447181,46.7439795701422],[-122.019270387461,46.7437430433262],[-122.019341963358,46.7436093268053],[-122.019455245776,46.7434519375837],[-122.019528237096,46.7433701476156],[-122.01969297946,46.7432524477154],[-122.019866742497,46.7431519878223],[-122.020074908306,46.7430633874285],[-122.020399081114,46.7429659806406],[-122.020751224143,46.7429497670275],[-122.021070754855,46.742962837032],[-122.021391097391,46.7430047740248],[-122.021660584232,46.7430300800218],[-122.022324282531,46.7430270348666],[-122.022820419753,46.7430609033477],[-122.023469601829,46.7431446541657],[-122.024244208808,46.7432209495191],[-122.025363351329,46.743292714201],[-122.025998261107,46.7432957620632],[-122.026434471096,46.7432726533459],[-122.02690471076,46.7432722103957],[-122.027585004502,46.7432746454452],[-122.02800608347,46.7432979169374],[-122.028377291106,46.7433564910652],[-122.028833674818,46.7434659282912],[-122.029122272345,46.7435659710199],[-122.029367136138,46.7436204661502],[-122.029738346695,46.7436790090032],[-122.030058046341,46.7436978109855],[-122.030452870902,46.743692544718],[-122.030854366811,46.7436410024952],[-122.031022224434,46.7436330028427],[-122.031255862777,46.7435894314299],[-122.031616452018,46.7435558208246],[-122.031867241968,46.7435177789031],[-122.032194461038,46.743501918091],[-122.032580144435,46.74349092401],[-122.032907647237,46.7434865485746],[-122.033159743867,46.7434947542351],[-122.033364649953,46.7435116530339],[-122.033684065578,46.7435189566828],[-122.034130005544,46.7435591802983],[-122.03441632672,46.7435784164826],[-122.034920643269,46.7436005496476],[-122.035390883359,46.7435999891235],[-122.035978651045,46.743592121496],[-122.0364404676,46.7435744461972],[-122.036740965461,46.7435561328079],[-122.037730964844,46.7434820913758],[-122.038115653619,46.743419175403],[-122.038348671394,46.7433525322329],[-122.038464846186,46.7432990298188],[-122.038596823675,46.7432048891447],[-122.038735792953,46.7430759886083],[-122.038900207348,46.7429467734556],[-122.039031992408,46.74286418091],[-122.039131708143,46.7428282315544],[-122.039340576235,46.7427907904388],[-122.039575214323,46.7427645214933],[-122.039910552624,46.7427369552958],[-122.04022959563,46.7427326724444],[-122.040498118644,46.7427405585916],[-122.04077598427,46.7427599475473],[-122.040969567618,46.7427631069852],[-122.041246709971,46.7427766899275],[-122.04140672318,46.7427918462479],[-122.041601293985,46.7428296850082],[-122.041831925158,46.7428912014259],[-122.04206073681,46.7429574865466],[-122.042307646705,46.7430638713359],[-122.042486390921,46.7431595988756],[-122.042657488797,46.743267002472],[-122.04300414447,46.7435220929076],[-122.043043611549,46.7435504691317],[-122.043190089727,46.7436870818745],[-122.043456760791,46.7439086351733],[-122.043610257705,46.7439932363073],[-122.043830907412,46.7440710649949],[-122.044042571476,46.7441317346963],[-122.044424064996,46.7442536103339],[-122.04474595179,46.744347406589],[-122.045017430112,46.7444419087786],[-122.045603622333,46.7446765425191],[-122.045823948561,46.7447428246076],[-122.046026832204,46.7447920354915],[-122.04625512495,46.7448409864005],[-122.046819804485,46.7449141985968],[-122.047217064872,46.7449953985312],[-122.047378281145,46.7450509835603],[-122.047531126921,46.7451124407443],[-122.047683682242,46.7451623275765],[-122.047869603526,46.7451944313393],[-122.048004841983,46.7452330601345],[-122.048174842852,46.745300017602],[-122.048336845604,46.7453844980346],[-122.048418587315,46.7454526453909],[-122.048606504904,46.745571359412],[-122.048871215161,46.7457063971513],[-122.049006947553,46.7457622422354],[-122.049228604015,46.7458747676945],[-122.049578695412,46.7460836343013],[-122.050110574857,46.7464574795105],[-122.050333203684,46.746621962694],[-122.050538723569,46.746746195252],[-122.050768238327,46.7468527972836],[-122.051014976103,46.7469533525354],[-122.051336852413,46.7470472135832],[-122.051716565413,46.7471055698624],[-122.051968806245,46.7471194919821],[-122.052280246164,46.7471441579169],[-122.052561424359,46.7471403533996],[-122.052855730377,46.7471421022925],[-122.053738479232,46.7471763374792],[-122.054243994104,46.7472387412296],[-122.054564882815,46.7472979129633],[-122.054987307743,46.7473845868658],[-122.055283934231,46.7474672056288],[-122.055462903978,46.7475513633731],[-122.055751384333,46.7476628887854],[-122.056014113321,46.747745964498],[-122.056166351368,46.7477842712665],[-122.056402953615,46.7478272752112],[-122.056425252678,46.7478354748095],[-122.056632301034,46.7479108023507],[-122.056861956589,46.7480231230887],[-122.057072216707,46.7481727589831],[-122.057244392242,46.7483147384292],[-122.057391457136,46.748468659437],[-122.057529217143,46.7485764667136],[-122.057648844963,46.7486614274854],[-122.05781886727,46.7487283698064],[-122.057936694016,46.74873258349],[-122.058113017399,46.7487243756689],[-122.058288325708,46.7486989292435],[-122.058615068541,46.7486656109152],[-122.058741182457,46.7486638976838],[-122.058909549385,46.7486731846057],[-122.058993804549,46.748689345693],[-122.059423579196,46.7487354500962],[-122.059701403717,46.7487548214134],[-122.059987947452,46.7487971120011],[-122.060165765467,46.7488408792551],[-122.060317637431,46.7488676114691],[-122.060578885275,46.7488987801982],[-122.06087386337,46.7489235651624],[-122.061133780283,46.7489085374455],[-122.061334532676,46.7488826584276],[-122.061438107528,46.7488588969249],[-122.061601575287,46.74882134653],[-122.062090509893,46.7486010422122],[-122.062305716845,46.7484884066953],[-122.062569302356,46.7483058620081],[-122.062896592887,46.7481201177083],[-122.063061089506,46.7479965981807],[-122.063226125684,46.7478904043772],[-122.063333165744,46.747813963132],[-122.063465424328,46.7477486419936],[-122.063691411261,46.7477166828386],[-122.063909940244,46.7477194361475],[-122.064043405238,46.7476945511869],[-122.06420956469,46.7476287947378],[-122.064342505988,46.7475692227504],[-122.06451568282,46.7474687303816],[-122.064673549876,46.7474087912305],[-122.064924315223,46.7473534531762],[-122.065133388623,46.7473216941363],[-122.065359893605,46.747324363834],[-122.065545333187,46.7473391395712],[-122.065824358638,46.7473988512088],[-122.066078310614,46.7474704494672],[-122.066255277681,46.7475026738744],[-122.066432597851,46.7475291323235],[-122.066835756664,46.7475352015342],[-122.066953913176,46.7475508940949],[-122.067165490955,46.7476057638607],[-122.067386021901,46.7476777619979],[-122.067690606143,46.7477602394298],[-122.067851182435,46.7477926573807],[-122.068045288061,46.747813152188],[-122.068264779863,46.7478505238693],[-122.068425356766,46.747882941016],[-122.068831987657,46.7480102335553],[-122.069086949905,46.7481164517946],[-122.069266611054,46.748223699961],[-122.069436942176,46.7483021946042],[-122.069564080485,46.7483524011975],[-122.069724618937,46.7483848159823],[-122.070038096549,46.7484613520717],[-122.070173358944,46.7484999547092],[-122.070309163314,46.7485558556988],[-122.070605482367,46.7486268104671],[-122.070793659261,46.7486669923851],[-122.07118353106,46.7487828503037],[-122.07140507861,46.7488895207803],[-122.072024521426,46.7491120188729],[-122.072178259818,46.7491849779067],[-122.072347952997,46.7492577460733],[-122.072655789562,46.7494324828242],[-122.072835279681,46.7495513011812],[-122.073014952975,46.7496585426217],[-122.073178178975,46.7497833155056],[-122.07334039798,46.749873407824],[-122.073476853213,46.7499350288399],[-122.073654001419,46.7499730530382],[-122.073798309051,46.7500288602348],[-122.073926435938,46.7500963267627],[-122.074140167363,46.75022616528],[-122.074284770675,46.750293514255],[-122.074497371897,46.7503829965252],[-122.074685044393,46.750472819708],[-122.074863676596,46.7505453515775],[-122.075024601555,46.7505893281689],[-122.075142082484,46.7505992896066],[-122.075259243068,46.750580375246],[-122.075334186823,46.750550465978],[-122.075426067027,46.7505376311566],[-122.075619872857,46.7505638495079],[-122.075687671903,46.7505791276393],[-122.075835589248,46.7506231168994],[-122.075999907159,46.7506822125107],[-122.076208516829,46.7507385876407],[-122.076398730026,46.7508126859187],[-122.076508945822,46.7508636925785],[-122.076657183994,46.7509186479739],[-122.077004092139,46.7510146716953],[-122.077238287553,46.7510575013156],[-122.077621608204,46.7510828943509],[-122.078021547299,46.7511322469472],[-122.078120520302,46.7511396347165],[-122.078275621315,46.7511725526772],[-122.078406568089,46.7511817219224],[-122.078725266916,46.7511817247895],[-122.07893369556,46.7512139078506],[-122.0790036247,46.7512173060508],[-122.079093273929,46.7512292646167],[-122.079417103421,46.7512861869539],[-122.079655120681,46.7513573734807],[-122.079810184448,46.7514232279909],[-122.080053324382,46.7515688320211],[-122.08017396087,46.7516527129171],[-122.080399017569,46.751724076141],[-122.080473350324,46.7517581024937],[-122.080554719984,46.7518117521593],[-122.080626152292,46.7518502896684],[-122.080826274305,46.7519395749501],[-122.081051206297,46.7520065773152],[-122.081305208373,46.7520455878263],[-122.081398138084,46.752050917107],[-122.081601909328,46.7520436375253],[-122.081700799992,46.7520467454236],[-122.08176184196,46.7520546529398],[-122.081819709675,46.7520713257304],[-122.081861751878,46.752092687143],[-122.082006488755,46.752147682906],[-122.082096419149,46.7521705506506],[-122.082205495982,46.7521822389434],[-122.082559332179,46.7521882478486],[-122.082738273351,46.7522011107405],[-122.083038392016,46.7522123016237],[-122.083128005101,46.752224285269],[-122.083397619418,46.7522840565924],[-122.083522005699,46.7522911716036],[-122.083649645356,46.7522894100485],[-122.08388858134,46.7522729200784],[-122.084000194621,46.7522867100867],[-122.084073186096,46.752274732213],[-122.084184100949,46.7522468994378],[-122.084311357456,46.7522320321312],[-122.084482650309,46.7522043804346],[-122.084635759622,46.752188032111],[-122.085062394803,46.7521249825098],[-122.085260909189,46.7520907818671],[-122.085500871385,46.752058916177],[-122.085803632486,46.7520404155074],[-122.086076897536,46.7520052900378],[-122.086271380227,46.7519683187279],[-122.086788941224,46.7518954222832],[-122.087086626306,46.7518398811869],[-122.087198453626,46.7518269247673],[-122.087398388191,46.7518413004067],[-122.087523117847,46.7518423991442],[-122.087871957367,46.7518318404443],[-122.088130034513,46.7518054775061],[-122.088291842808,46.7517946536889],[-122.088611472877,46.7517881719025],[-122.088940585066,46.7518056376623],[-122.089206643995,46.7518133626374],[-122.089797385473,46.751819496354],[-122.090458878692,46.7518393731931],[-122.090836805152,46.7518341341191],[-122.091349463688,46.7518146834634],[-122.091773323424,46.7518273170193],[-122.09238721823,46.7518745019894],[-122.092982324724,46.7519096298337],[-122.093451202724,46.7519278856877],[-122.093603740436,46.7519071719524],[-122.09379122687,46.7518550087945],[-122.094036136949,46.7517364983769],[-122.094165906425,46.7516715329314],[-122.09452005724,46.7514685389888],[-122.094742320955,46.7513602151959],[-122.09485659487,46.7512596449476],[-122.094997817434,46.7511771856058],[-122.095150494887,46.7511626393078],[-122.095402593526,46.7511529633994],[-122.095628017456,46.7511684236064],[-122.095889272,46.7511647902328],[-122.09649396616,46.7512059102231],[-122.097017818188,46.7512605220956],[-122.097369546332,46.7512803915346],[-122.097630799704,46.7512767542185],[-122.09788201305,46.7512546615955],[-122.098011768695,46.7512219170665],[-122.098252882889,46.7511442333435],[-122.098697489877,46.7509647596479],[-122.099194772874,46.7507287921942],[-122.099621537389,46.7505371396117],[-122.100219143857,46.7503369042322],[-122.100710039105,46.7501876864983],[-122.101050959159,46.750145821686],[-122.101375209912,46.7501474676335],[-122.101971512692,46.7502072714345],[-122.102324514168,46.7502704141364],[-122.102650229101,46.7503215681358],[-122.102974847013,46.7503356291621],[-122.103416281399,46.750335631907],[-122.103839431765,46.7503420597482],[-122.104118446463,46.7503319883782],[-122.104442475169,46.7503274578357],[-122.104731237009,46.7503420144594],[-122.10510837795,46.7503119734183],[-122.105556586669,46.7502375749679],[-122.105931121682,46.7501519197168],[-122.106352547962,46.7500840636479],[-122.106656507714,46.7500055918569],[-122.106959649713,46.7499022551936],[-122.107264524448,46.7498547057003],[-122.107561697829,46.7498690553437],[-122.108277023115,46.7499890597399],[-122.108694500735,46.7501069554074],[-122.109103120831,46.7502126595935],[-122.109273183168,46.7502449689793],[-122.109472308622,46.750266969495],[-122.109705603546,46.7502450739457],[-122.109974907227,46.7502103581848],[-122.110181422565,46.7501950363475],[-122.110585930702,46.7501770171026],[-122.111171612415,46.750181136346],[-122.111586821198,46.7502063248321],[-122.111957599993,46.7502630174067],[-122.112464612228,46.750354875768],[-122.112698789296,46.7503640084982],[-122.112986408322,46.7503413706875],[-122.113389697774,46.7502676557816],[-122.113698112633,46.7501889925886],[-122.11407362872,46.7501032411024],[-122.114495270891,46.7500416057328],[-122.114890352589,46.7500112799894],[-122.115214090663,46.7499943814325],[-122.115736433759,46.749999368702],[-122.116097687267,46.7500376425832],[-122.116541702216,46.7501241985169],[-122.117958361789,46.7504645602051],[-122.118655511203,46.7506215635596],[-122.11901739613,46.7507021108448],[-122.119652578427,46.7508602831696],[-122.12028720845,46.7509998380347],[-122.121193127759,46.7511883798957],[-122.121802258244,46.7514076591608],[-122.122888237654,46.7517789357918],[-122.123457247644,46.7519918623898],[-122.123884420207,46.7521652695715],[-122.124320122945,46.7522903382949],[-122.124642449564,46.7523271621674],[-122.124883556491,46.7523168086384],[-122.124941629083,46.7523292335567],[-122.12515612902,46.7523750972594],[-122.125461931801,46.7525089132166],[-122.125764929839,46.7526661903949],[-122.126060243036,46.7528000714099],[-122.12637695297,46.7529820011588],[-122.126684311118,46.7531847142832],[-122.126931844583,46.7533883579548],[-122.127104108139,46.7535105411194],[-122.127463351023,46.753680126804],[-122.127876659675,46.7538892885895],[-122.12804553898,46.7539318990732],[-122.128499122572,46.7540204134461],[-122.128666773275,46.7540380008289],[-122.129001915253,46.7540533194673],[-122.129408347955,46.7540175444484],[-122.129856074296,46.7539111608562],[-122.130526308728,46.7537066638984],[-122.131348721731,46.7534699665746],[-122.132088458963,46.7532044890969],[-122.132615003573,46.7530669701115],[-122.133174064879,46.7529637888529],[-122.133584442766,46.752909621203],[-122.134165544271,46.7528599325737],[-122.134628378807,46.7528740745769],[-122.135040731752,46.7529026745236],[-122.135666363017,46.7529904373547],[-122.136475232013,46.7531653230261],[-122.13695137673,46.7532897398085],[-122.13738743075,46.7534422641721],[-122.13779063672,46.7535469837804],[-122.138154222659,46.7536108539502],[-122.138556466233,46.7536189337029],[-122.138824303465,46.7535911383747],[-122.139096995028,46.753562861127],[-122.139306668756,46.7535184784726],[-122.139834259729,46.7533659080052],[-122.14092701922,46.7529498568297],[-122.141332137234,46.7528104947735],[-122.141513486788,46.7527481106929],[-122.14201181839,46.7526167097395],[-122.142951014499,46.7524513773558],[-122.143470958779,46.7523749527044],[-122.143941629365,46.7523198573309],[-122.144312840847,46.7523075996501],[-122.14476627118,46.7523563925922],[-122.145239392253,46.7523978535825],[-122.145635854258,46.7524129031117],[-122.146038588555,46.752434744576],[-122.146370654746,46.7524645112464],[-122.146673094366,46.7525015579875],[-122.147016489877,46.7525587783623],[-122.147360348385,46.7526298692628],[-122.148269406085,46.7528032338473],[-122.149077891664,46.7529641311256],[-122.149936721524,46.7531244091278],[-122.150706171802,46.7533135573513],[-122.151221986469,46.7534304060261],[-122.15171073572,46.7535757006594],[-122.15207199081,46.7536777105718],[-122.15229323595,46.7537187368543],[-122.152801751985,46.7538249874632],[-122.153401144658,46.7539172283873],[-122.153768727374,46.7539308822945],[-122.154254835447,46.7539238752891],[-122.15465831165,46.7539054415071],[-122.154960206422,46.7538758008195],[-122.155740972181,46.753896187834],[-122.156201309934,46.753927337967],[-122.156588091023,46.7539658848999],[-122.15718959334,46.7540615857717],[-122.157534501211,46.7541022970475],[-122.157924504639,46.7541652296719],[-122.158132047924,46.7541924819768],[-122.158447368632,46.7542338649119],[-122.159071828684,46.7543467230302],[-122.159326865287,46.754350659399],[-122.159649363388,46.7543917707054],[-122.159820089859,46.754428631567],[-122.160028100922,46.7545102064556],[-122.160265056849,46.7546572967421],[-122.160716362995,46.7550927765086],[-122.160788114158,46.7551527078234],[-122.161081390831,46.7553977446612],[-122.161488534838,46.7556457949508],[-122.161821807679,46.7558102471402],[-122.162154736455,46.7559465083441],[-122.162429992538,46.7560083449957],[-122.162937504989,46.7560479743155],[-122.163539637664,46.7560486533591],[-122.164155402516,46.7560397249715],[-122.164729227236,46.7560126423303],[-122.165192488132,46.7559588559986],[-122.165847406657,46.755892960775],[-122.167035683593,46.7558286674793],[-122.167553689772,46.7557553165463],[-122.168084017371,46.7556441545098],[-122.168573520291,46.7555524258732],[-122.169295597046,46.7554478223403],[-122.169950834051,46.7553913337376],[-122.170620668377,46.7553721488058],[-122.171279150754,46.7554377923185],[-122.171954786284,46.7556066631954],[-122.172823569196,46.7558102620096],[-122.173775896181,46.7560879508189],[-122.174619612835,46.7563671340761],[-122.175198953374,46.7565185219469],[-122.175942320638,46.7566675109046],[-122.176533367762,46.7567623317226],[-122.177167897158,46.756922338312],[-122.17782921361,46.757063162078],[-122.178518081667,46.7572223670622],[-122.178874345169,46.7572973519325],[-122.179165776528,46.7573586927385],[-122.180468893445,46.7576613625622],[-122.180874725674,46.7577568164114],[-122.181741892259,46.7579228248143],[-122.182581949711,46.7580985493843],[-122.183283597662,46.7582199084283],[-122.18376432701,46.7582787633384],[-122.184054458467,46.7583685249908],[-122.184442891095,46.7585226682713],[-122.184928845401,46.7587507208044],[-122.185227524081,46.7588765030479],[-122.18571875472,46.7590776784204],[-122.186465985783,46.7593486758311],[-122.187063452679,46.7596314973982],[-122.187494656443,46.759860315943],[-122.187869105092,46.7600145989262],[-122.188274880202,46.7603096133322],[-122.188525899101,46.7604564399522],[-122.188974840983,46.7608070697977],[-122.189281679329,46.7610633560253],[-122.18990173034,46.7615740508578],[-122.190097947129,46.7617216808346],[-122.19036231264,46.7618494364258],[-122.190583106918,46.7619212519874],[-122.190859493711,46.7620018741179],[-122.191065305771,46.7620271188132],[-122.191245402472,46.7620902896393],[-122.191370310315,46.7621448386898],[-122.191676015748,46.7623002872376],[-122.191792839674,46.762334905604],[-122.192138985352,46.7623844917612],[-122.19228543764,46.7624054535155],[-122.192796619423,46.7624627240021],[-122.193345588437,46.7625324358977],[-122.194405337499,46.7626463874885],[-122.195236221985,46.7626858990167],[-122.196464527453,46.7627820643574],[-122.197468548909,46.7628685335086],[-122.198157546981,46.7628696684692],[-122.199462535613,46.7629454676956],[-122.200505969342,46.7631213156981],[-122.200605116756,46.7631380304143],[-122.202753947686,46.763601391522],[-122.203760876604,46.7638912444821],[-122.205693302833,46.7645291826295],[-122.207574001273,46.7652822025017],[-122.210372004585,46.7662784904994],[-122.213092575231,46.7672854657623],[-122.216036488527,46.7683462794809],[-122.217212684075,46.7687286032099],[-122.218470354091,46.7690526194086],[-122.220035674324,46.769448122132],[-122.221683333979,46.7698425333207],[-122.223080914099,46.7702024696213],[-122.223974889674,46.7704175412152],[-122.224650025164,46.7707312043343],[-122.227070613371,46.7720471601201],[-122.228364941143,46.7726562543384],[-122.229322868579,46.773137051865],[-122.230200487308,46.7736951903065],[-122.231280126328,46.7745169767482],[-122.232915218662,46.7753684386581],[-122.234182886767,46.775996906763],[-122.235200574398,46.7766099671702],[-122.235782477278,46.7769536097744],[-122.236682106687,46.7773399194494],[-122.238332477039,46.7777911586237],[-122.240148915644,46.7782398303352],[-122.241040687197,46.7783786944535],[-122.241819408561,46.7784620274929],[-122.242515295922,46.7785467761241],[-122.243376690843,46.7786098081144],[-122.243986101687,46.7785815173966],[-122.244508077824,46.7784403995671],[-122.245543287354,46.7778721675867],[-122.245946979331,46.7774851462278],[-122.246292422602,46.7770227053273],[-122.246793468162,46.7762342549949],[-122.247404515169,46.7754059203088],[-122.248093328244,46.7744049499844],[-122.24840892156,46.7738858801017],[-122.248792414572,46.7733841244633],[-122.24910270272,46.773041190692],[-122.249361995343,46.772664391906],[-122.249700002103,46.7722380655979],[-122.250073540856,46.7719837965329],[-122.250423355057,46.7719232786008],[-122.250866805224,46.7719648422117],[-122.251930371287,46.7722177590459],[-122.252251791882,46.7722198741911],[-122.252393342082,46.7722148059379],[-122.252998565943,46.7721198538556],[-122.253603052492,46.7720034892973],[-122.255882014226,46.771604358903],[-122.257152281495,46.7713384291726],[-122.257660944262,46.7711592199728],[-122.258910714676,46.7707543632196],[-122.259618854236,46.7704649560066],[-122.260752087806,46.7698369605965],[-122.261296290226,46.7695250430152],[-122.261936562696,46.769128297023],[-122.26262219018,46.7687308776464],[-122.263222578,46.7685049792968],[-122.26362452717,46.7683904653933],[-122.264275810022,46.7683340209636],[-122.264929652095,46.7683549889938],[-122.265765988584,46.7684504637121],[-122.267736052308,46.7687760105434],[-122.268624871436,46.7690873342523],[-122.269221505495,46.7694341751547],[-122.270670698001,46.7703558563861],[-122.272041280632,46.771634577258],[-122.272624618284,46.7722445826087],[-122.273252338764,46.7728538986474],[-122.273921894741,46.7733542260902],[-122.274288086655,46.773518782146],[-122.274923078659,46.7736483241491],[-122.276142628112,46.7737532401927],[-122.277650875091,46.7737298924578],[-122.278483774373,46.7737015491886],[-122.279183548154,46.7737525814465],[-122.280153691927,46.7737994444696],[-122.280793970467,46.7739520211577],[-122.281616131787,46.7742951365236],[-122.282601003726,46.7747905202404],[-122.284206178397,46.7756633144756],[-122.285602234284,46.7763224970002],[-122.286772872221,46.7769851724156],[-122.287891726524,46.7774993265316],[-122.290192398761,46.7786634302878],[-122.291426733683,46.7792725968824],[-122.292496215534,46.7797252715543],[-122.293427441179,46.7801607053773],[-122.294227565334,46.7805853444931],[-122.29507016318,46.7811635674608],[-122.296031892737,46.7819456556065],[-122.297055538454,46.7828938835449],[-122.297173980426,46.7829737913547],[-122.297503872997,46.7834396967672],[-122.29783919417,46.7839487156426],[-122.298163316876,46.784420880537],[-122.298413480536,46.785146372674],[-122.298645725985,46.78593213005],[-122.298807017082,46.7863545671624],[-122.29908398946,46.7867144943136],[-122.299506659859,46.7870114674023],[-122.299984949646,46.787226462923],[-122.300730039163,46.787477919633],[-122.301327308403,46.7876212958664],[-122.301733015366,46.7877678390087],[-122.302212360002,46.7878928190069],[-122.302915385466,46.7880652183399],[-122.304186415522,46.7883409509223],[-122.304830965453,46.7885245152215],[-122.30525041704,46.7886504507881],[-122.305867902178,46.788905939156],[-122.306308181864,46.7892048325916],[-122.306765776794,46.7895749284922],[-122.307437855305,46.7901351760868],[-122.308016241397,46.7905644191975],[-122.308427595408,46.7908944238702],[-122.308810356462,46.7912350260735],[-122.309256759283,46.7917173857164],[-122.309631031239,46.792251813175],[-122.310174612988,46.7929671720634],[-122.310588516462,46.7933581834394],[-122.311046175718,46.7937282619172],[-122.311562209724,46.7940667532804],[-122.31212093303,46.7943536349382],[-122.312299530038,46.7944395998481],[-122.312329089693,46.7953229909835],[-122.312239471851,46.7959568059831],[-122.312172589798,46.7962854580851],[-122.311975211541,46.7970123065216],[-122.311908074372,46.7973334197534],[-122.311738055401,46.7978921981247],[-122.311603525776,46.7985114436588],[-122.311313508378,46.7994531663145],[-122.311119069111,46.7999688015731],[-122.310995987167,46.8003192378219],[-122.310900286566,46.8005329823746],[-122.310807308351,46.8007242206535],[-122.310526128006,46.8009298905021],[-122.310501046478,46.800943094349],[-122.310354875611,46.8010200020915],[-122.310184155935,46.8011248608155],[-122.309959123842,46.8012479100707],[-122.309818108945,46.8013464582563],[-122.309686044367,46.8014738559603],[-122.309505552181,46.8016604648232],[-122.309371681649,46.801852181504],[-122.309281017959,46.8019324371388],[-122.309148206121,46.8020219681072],[-122.308792271744,46.8023075013985],[-122.308355193259,46.8025709966354],[-122.308200712343,46.8026552186463],[-122.308025985677,46.8027599724959],[-122.307901483255,46.8028436941595],[-122.30778102342,46.8029300945346],[-122.307670564583,46.8030456577534],[-122.307580500765,46.803160735847],[-122.307484966455,46.8033489114212],[-122.307437765769,46.8034605709402],[-122.307392794656,46.8036390377892],[-122.307346857049,46.8037885551723],[-122.307184396627,46.8041425414655],[-122.307092227357,46.8044328320157],[-122.307065784597,46.8045381583461],[-122.306979643039,46.8047553408436],[-122.306915997036,46.804881796255],[-122.306680742771,46.8052091429726],[-122.30651618728,46.8055005986997],[-122.306419278907,46.8056478182361],[-122.306367174373,46.8057478978663],[-122.306304167501,46.8058947763626],[-122.306231188065,46.8062516326151],[-122.306200075091,46.8063367908266],[-122.306039242682,46.8066046811691],[-122.305852164365,46.8068642356044],[-122.305701876309,46.807059111985],[-122.305606860917,46.8071590163665],[-122.305511472357,46.8072333634887],[-122.305415210134,46.8072815032339],[-122.305267327993,46.8073102132463],[-122.305086646196,46.8073567722143],[-122.30483455655,46.8074481453659],[-122.304687575987,46.807488359477],[-122.304568764795,46.8075047902474],[-122.30438322737,46.8075399325045],[-122.304164193165,46.8075900000861],[-122.303868844117,46.8076587651293],[-122.303662887282,46.8077260977035],[-122.303407639049,46.8078439297018],[-122.303245183395,46.8079280772536],[-122.303083086877,46.8080386319237],[-122.302871926612,46.8082053047045],[-122.302704884638,46.8083665399616],[-122.302630331057,46.8084369374112],[-122.302530252358,46.808531405069],[-122.30240718177,46.8086587890822],[-122.302271769383,46.8088066369201],[-122.302190130813,46.8089042433504],[-122.302141552213,46.8089749734407],[-122.302089531163,46.8090779291813],[-122.302059374415,46.8091920625244],[-122.302045900772,46.8092973484804],[-122.30204627091,46.809428501363],[-122.302064492548,46.8096003229144],[-122.30209380938,46.8097165944944],[-122.302131140434,46.809818011475],[-122.302171780237,46.8098975999015],[-122.302223580225,46.8100292346596],[-122.302320146965,46.8102744568966],[-122.302831469144,46.811819351579],[-122.303009577304,46.812323608479],[-122.30308561542,46.8125831405793],[-122.303215154125,46.81287406066],[-122.303229336299,46.8129844251946],[-122.303235281783,46.8131629406149],[-122.303279903715,46.8134087580114],[-122.303333909063,46.8136364093015],[-122.303407496196,46.8138066754092],[-122.303512270179,46.8139836660913],[-122.303631584248,46.8141317666442],[-122.303736352782,46.8143085646737],[-122.303830390903,46.8146429103916],[-122.303876003466,46.8149171551143],[-122.30391349234,46.8150986296143],[-122.304008145695,46.8157811035387],[-122.304109441828,46.8164386225811],[-122.304129636266,46.8166394037998],[-122.30422224729,46.8169607157602],[-122.304281484743,46.8173151630875],[-122.304230870895,46.8176246823428],[-122.304228577311,46.8179754610261],[-122.304241195847,46.8183540906722],[-122.304318630595,46.81901354789],[-122.304349194663,46.8194666362825],[-122.304336977213,46.8198792822156],[-122.304316969643,46.8202224400845],[-122.304308872884,46.8205680984733],[-122.304317543249,46.8208546338903],[-122.304345761648,46.8210862816312],[-122.304377195932,46.8212357890052],[-122.304379761128,46.8213571152333],[-122.304360587767,46.8215610655249],[-122.304294253936,46.8219085429692],[-122.304278392506,46.8227117858985],[-122.304262288069,46.8228232294153],[-122.304213625216,46.8229205105314],[-122.304134400376,46.8230467148992],[-122.304054741037,46.8231443181019],[-122.303841205324,46.8234512652566],[-122.303701788341,46.8236142337122],[-122.303606985484,46.823737088126],[-122.303429315395,46.8240256438093],[-122.303280289546,46.8243956753346],[-122.30319349634,46.8245934725097],[-122.303129961599,46.8247266421278],[-122.302947921144,46.8250641137346],[-122.302806900393,46.8253591145522],[-122.302778202263,46.8254416822652],[-122.302751295242,46.8255636350668],[-122.302760286723,46.8256848600432],[-122.302825091931,46.8259053201697],[-122.302995045492,46.8261634058175],[-122.303076687614,46.8262762775634],[-122.303167791969,46.8263745188076],[-122.303286838707,46.8264970346427],[-122.303374381264,46.8265746787849],[-122.303444379709,46.8266522691052],[-122.303623848198,46.8268815425884],[-122.303679572403,46.8269948487384],[-122.303730903196,46.8271262153932],[-122.303777435887,46.8272790510068],[-122.303791388214,46.8273823701933],[-122.30376756852,46.8274470339884],[-122.303718501193,46.8275335154754],[-122.303540105843,46.827800660626],[-122.303448269214,46.8280127725658],[-122.303425995137,46.8281238466105],[-122.30342908956,46.8282167215485],[-122.303463491474,46.8283197197809],[-122.303523974828,46.8284115033293],[-122.303620455793,46.8284886778743],[-122.30387309944,46.828587208382],[-122.304155188542,46.8286758675893],[-122.304340407987,46.8287620983078],[-122.304502935913,46.8288281153598],[-122.30490171859,46.8289528176334],[-122.305160809805,46.8290528066316],[-122.305524744395,46.8291809618272],[-122.305634099202,46.829209085036],[-122.306315450845,46.8293442623177],[-122.306529505991,46.829397452503],[-122.306998310312,46.8295388745565],[-122.307455326133,46.8297161366434],[-122.307604381619,46.8297674399728],[-122.307743889436,46.8298009009265],[-122.307922185173,46.8298159236037],[-122.30835549538,46.8298061975357],[-122.308611796144,46.8298080054362],[-122.308989762023,46.8298318695607],[-122.30965086474,46.8298987774717],[-122.310178008396,46.8299619502363],[-122.310255991648,46.829963629009],[-122.310338254804,46.8299594256802],[-122.310407134862,46.8299434199275],[-122.310475458411,46.8299095953322],[-122.310749353336,46.8298101608008],[-122.310973547291,46.8297767868162],[-122.311306444368,46.8297388187523],[-122.311669537522,46.8297063528183],[-122.312023922507,46.8296680164405],[-122.312740301358,46.8295644782859],[-122.313038447321,46.829533032579],[-122.313288359674,46.8294932687698],[-122.313751504575,46.8294652236208],[-122.314043071998,46.8294902703081],[-122.314286116646,46.829498418842],[-122.314434115745,46.8295168450823],[-122.314742365641,46.8295328763841],[-122.314950339481,46.829523612942],[-122.315135747399,46.8294968497489],[-122.315445419135,46.8294206454718],[-122.315600110956,46.8293705325961],[-122.31565541008,46.8293369103767],[-122.315701223422,46.8292885448911],[-122.315738366959,46.8292343097651],[-122.315871678524,46.8290686526267],[-122.316019700911,46.8289531748381],[-122.316125825253,46.8288860280791],[-122.316296455856,46.8288060131688],[-122.316428976727,46.828750270116],[-122.316562061712,46.8287125104322],[-122.316820896651,46.8286696633013],[-122.317023781246,46.8286577052408],[-122.318037998427,46.8286476696135],[-122.318332860087,46.8286519177806],[-122.318624229576,46.8286711410375],[-122.31886796896,46.8287000312034],[-122.31933168763,46.8288236559932],[-122.319969870004,46.8289801723489],[-122.320546783252,46.829113820901],[-122.320799858369,46.8291516376137],[-122.321268444387,46.8291678810317],[-122.321498905844,46.8291880352995],[-122.321586579391,46.8292104799749],[-122.321727075611,46.8292588287142],[-122.322215761427,46.8294862716976],[-122.322617489835,46.8296970712736],[-122.322806841837,46.8297863062166],[-122.323040493359,46.8298868246922],[-122.323316943753,46.8299955767161],[-122.323519117148,46.8300667522755],[-122.323690774359,46.8301502599713],[-122.323916083341,46.8302687362021],[-122.324051908179,46.8303111496769],[-122.324361730644,46.8303748007978],[-122.324550105494,46.8304194786655],[-122.324725037886,46.8304672770175],[-122.324914054411,46.8305475727857],[-122.325055758724,46.8306315541873],[-122.325154151117,46.8307192963641],[-122.32519530223,46.8307841394729],[-122.325274712099,46.8309465657951],[-122.325361428704,46.8312071220686],[-122.325534077138,46.8318233914318],[-122.325564652111,46.8319597146295],[-122.325612185322,46.832081011824],[-122.325656850478,46.8322499965055],[-122.325653781567,46.8324255813476],[-122.325667889368,46.8325772512831],[-122.325666021477,46.8326545720815],[-122.325557011603,46.8330222971812],[-122.32552481035,46.8331031988908],[-122.325447137731,46.8332293924239],[-122.32533850941,46.8333561055905],[-122.325103735483,46.8335950255284],[-122.324957360567,46.8337579656237],[-122.324860045798,46.833833894531],[-122.324745114972,46.833892303156],[-122.324469386034,46.8340723816864],[-122.324330014195,46.8341906402607],[-122.324181632166,46.8342941479843],[-122.324063726216,46.8343971448805],[-122.32403523462,46.8344423594018],[-122.324021399482,46.8344907417433],[-122.324015609818,46.834511074882],[-122.324018415676,46.8345943280214],[-122.324039278476,46.8346951221647],[-122.324077163652,46.8347958375507],[-122.324131794573,46.8348751967148],[-122.324383264419,46.8351182444647],[-122.324420105978,46.8351891357097],[-122.324453390534,46.8352719049531],[-122.32451193899,46.835467437956],[-122.324562664393,46.8355648505629],[-122.324677658335,46.8357594883753],[-122.32478774962,46.8359272695479],[-122.32487852668,46.8360567953223],[-122.324987619898,46.8361949427316],[-122.325099969868,46.8363123033852],[-122.325340554423,46.8364989115908],[-122.325487714571,46.8366244691679],[-122.325719215817,46.8368083133033],[-122.326136910826,46.8371052722988],[-122.326506446536,46.8373820672278],[-122.327016573757,46.8377221234879],[-122.327203075513,46.8378300481512],[-122.327618334331,46.8380697991413],[-122.327900814867,46.8382230145714],[-122.327991018618,46.8382878998656],[-122.328172702626,46.8384329813858],[-122.328283651301,46.8385085071928],[-122.328411179488,46.8385719750082],[-122.328613633613,46.8386491439582],[-122.328759099387,46.8387241480744],[-122.328988627036,46.8388336337695],[-122.329112462219,46.8389060466708],[-122.329232026052,46.8389845337853],[-122.329339412702,46.8390870488691],[-122.329363793602,46.8391579721082],[-122.32937552455,46.8392531237752],[-122.329360668351,46.8394497962768],[-122.329342113274,46.8395512169556],[-122.329314868767,46.8396320684249],[-122.329252247375,46.8397163625891],[-122.329147022412,46.8398102758902],[-122.328569234355,46.8401587214276],[-122.328454677294,46.8402438414319],[-122.328315012384,46.84033827496],[-122.328246490472,46.8403662982857],[-122.328031772626,46.8404291768923],[-122.327732830863,46.840564074985],[-122.327455057348,46.8406913948201],[-122.326948222753,46.8409671997987],[-122.326676314288,46.8411263229055],[-122.3264032778,46.8412674431212],[-122.325976549915,46.8414737583943],[-122.325818576915,46.8415446728206],[-122.325682520698,46.8416301586081],[-122.325556194599,46.8417363625429],[-122.325455156841,46.8418362120887],[-122.325416650328,46.841889128175],[-122.325318853643,46.8420317412409],[-122.325297301076,46.8421630495009],[-122.325292727452,46.8422940881021],[-122.325313295073,46.8423859726586],[-122.325341471259,46.8424510225525],[-122.325385349618,46.8425218016987],[-122.325457576003,46.8426188721089],[-122.325569975528,46.8427360669884],[-122.325672759946,46.8428206389261],[-122.325801420981,46.842902084938],[-122.326119642103,46.8430785715942],[-122.326264423693,46.8431685640984],[-122.326368268284,46.843250156421],[-122.326670059558,46.8435756973416],[-122.326879910944,46.8437873937488],[-122.32710114007,46.8440152277261],[-122.327204132031,46.8441058016641],[-122.327323868155,46.844190294405],[-122.327460940648,46.8442685330137],[-122.327610188511,46.8443225508352],[-122.32789476786,46.8444044217081],[-122.328088738868,46.8444073162031],[-122.328107675426,46.8444070150129],[-122.328215359671,46.8443844024619],[-122.328326298339,46.8443409757007],[-122.328621240002,46.8442113239403],[-122.329062780559,46.8440325475121],[-122.329396039267,46.8438953990712],[-122.329797917394,46.8437223802313],[-122.330366872071,46.843495957325],[-122.330555474012,46.843425317104],[-122.331299485583,46.8431192503722],[-122.331402492011,46.843077811459],[-122.331861043949,46.8429309250916],[-122.332067242409,46.8428618674762],[-122.332448010792,46.8427009957336],[-122.332598667773,46.8426243198415],[-122.332920984184,46.8424584546699],[-122.333036240011,46.8423940274266],[-122.333198681841,46.8423230594086],[-122.333516805638,46.8422435733243],[-122.333748777147,46.8421743759934],[-122.334484350224,46.841867983511],[-122.33458640271,46.8418127062363],[-122.334861092527,46.841602943295],[-122.335021150919,46.8414606721062],[-122.335248514702,46.8412545982585],[-122.335315182911,46.8411731434391],[-122.335437129211,46.8410550950913],[-122.335578875208,46.8408891715058],[-122.336004836633,46.8404364498929],[-122.336169616534,46.840275641944],[-122.336516435376,46.8398950278258],[-122.336724476715,46.8396357768373],[-122.3369624553,46.8393612900431],[-122.337415998566,46.8389163777603],[-122.337804691314,46.8384887925941],[-122.338137305376,46.8381907107549],[-122.338259588883,46.8380994505075],[-122.338416358475,46.8379927172806],[-122.338595105673,46.8378857976083],[-122.338761428404,46.8377967398262],[-122.338885025207,46.8377441856681],[-122.33901416104,46.837706462542],[-122.339160532322,46.8376772147744],[-122.339294170962,46.8376543404456],[-122.339402645814,46.8376555107938],[-122.339650608,46.8376753771692],[-122.339931933106,46.8376619594507],[-122.340288778176,46.837694972722],[-122.340476165209,46.837724721301],[-122.340702460555,46.8377538452957],[-122.340972231112,46.8377673520529],[-122.34124097433,46.8377659542743],[-122.341752904469,46.8377755791627],[-122.342073254453,46.8377497091898],[-122.342236804731,46.8377261605249],[-122.342435466382,46.837690226582],[-122.342779844884,46.8376223350354],[-122.342955887418,46.8375689357206],[-122.343215123372,46.8375066861041],[-122.343386411001,46.8374756328191],[-122.34352417666,46.8374437464653],[-122.343674556846,46.8373996985592],[-122.343948363878,46.8372970873642],[-122.344128674065,46.8372376110773],[-122.344278988378,46.8371904643654],[-122.344454374102,46.837147193782],[-122.344593930717,46.8371526610237],[-122.345034096927,46.8372110641313],[-122.345357310512,46.8372833857274],[-122.345509775001,46.8373016727434],[-122.345604968391,46.8372943021803],[-122.345898266633,46.8372359429604],[-122.346273315048,46.8371733620363],[-122.34646355242,46.8371553852138],[-122.346836259452,46.8371554026231],[-122.347340594537,46.8371920311778],[-122.347454151373,46.8372109413248],[-122.347611504203,46.8372529813741],[-122.347847601902,46.8373057415338],[-122.348004792816,46.8373301473695],[-122.348134619418,46.8373280596048],[-122.348277118301,46.8373166624365],[-122.348490079768,46.8373192435759],[-122.34900074842,46.8374241674482],[-122.34916664707,46.8374542468302],[-122.349467051503,46.8374881406546],[-122.349598312164,46.8375127981611],[-122.349851940452,46.837580192507],[-122.349970886686,46.8376257551913],[-122.35013373597,46.8376975444366],[-122.350327945102,46.8377957085325],[-122.350633433005,46.8379781760176],[-122.351030112584,46.8381682245547],[-122.351392361411,46.8383588264358],[-122.351524430037,46.8384221967155],[-122.351704986118,46.8384996783108],[-122.351959595931,46.8385967288167],[-122.352078041836,46.8386275413189],[-122.352458124237,46.8387107472458],[-122.35265876819,46.8387491484682],[-122.353181574554,46.8388122236546],[-122.353442729542,46.8388376615573],[-122.353972640466,46.8388618629221],[-122.354376244694,46.8388731789889],[-122.354723576837,46.8388764880658],[-122.354866900147,46.83888906875],[-122.355037321445,46.8389190665034],[-122.355452049642,46.8390076826463],[-122.355876374516,46.8391138058142],[-122.356170163071,46.8392014658272],[-122.356385464047,46.8392871284854],[-122.356597346681,46.8393908383076],[-122.357021493619,46.8396220856424],[-122.357172869911,46.8397387862862],[-122.357417682864,46.8399132746707],[-122.35777424821,46.8401992879396],[-122.358241492724,46.8406679352084],[-122.358376268576,46.8408085446415],[-122.358522241244,46.8410144711804],[-122.358843306998,46.8413872599597],[-122.358959776897,46.8415045229015],[-122.359090928204,46.841657038676],[-122.359263284964,46.8418745234578],[-122.359700918657,46.8424984457964],[-122.359834123305,46.8427105837381],[-122.360126489911,46.8431491392579],[-122.360262474529,46.8433106552119],[-122.360384857194,46.8434694555873],[-122.360528082077,46.8435950325656],[-122.360647701847,46.8436734877252],[-122.360740602661,46.84371655358],[-122.360840413668,46.8437269507285],[-122.360926894919,46.8437135374432],[-122.361021446056,46.8436883637783],[-122.361274104634,46.8435949676442],[-122.361387820186,46.8435377765417],[-122.361470063521,46.8434964548744],[-122.361775960449,46.8433099831717],[-122.362103177268,46.8429892625107],[-122.362246590045,46.84285887887],[-122.36240322773,46.8427492081334],[-122.362520977923,46.8426432384515],[-122.362663463129,46.8425010479037],[-122.36292998546,46.842303197953],[-122.363335298608,46.8419872140067],[-122.363392315092,46.8419365904373],[-122.363516156658,46.8418265721132],[-122.363643705183,46.8417440853531],[-122.363754862853,46.8416917062416],[-122.363891428883,46.841638941838],[-122.36401645006,46.8416130794657],[-122.364172219726,46.8415956325282],[-122.364372410187,46.8416191273659],[-122.364513183669,46.8416734269754],[-122.364729393636,46.8417859668071],[-122.365115463861,46.8420416372749],[-122.365204811487,46.842111499603],[-122.365843493196,46.8425207782925],[-122.365932122657,46.8425848096096],[-122.366412382993,46.8429703543974],[-122.366592113824,46.8431039706997],[-122.366766350352,46.8432439577628],[-122.367217669681,46.8436384440164],[-122.36769585248,46.8440443137014],[-122.367940618516,46.8442158734895],[-122.368162489938,46.844361064152],[-122.368414741221,46.8445177454067],[-122.368684965461,46.8446739693484],[-122.368821544736,46.8447372460721],[-122.368979729677,46.8447883227666],[-122.369188918196,46.8448265835682],[-122.369388879792,46.8448291744217],[-122.369532121869,46.8448388308101],[-122.369724024692,46.8448684577655],[-122.370224397859,46.8449798194314],[-122.370423882612,46.8450356805567],[-122.370861333996,46.8451446080686],[-122.371044970238,46.8451802092575],[-122.371271312263,46.8452092461483],[-122.371466397341,46.8452002551507],[-122.371853690798,46.8451383521751],[-122.372850009763,46.8449543463423],[-122.373581190613,46.8448425097765],[-122.374041754846,46.8446952831239],[-122.374329990031,46.8446208068629],[-122.374634203854,46.8445160903136],[-122.37476744145,46.8444503941485],[-122.375123996086,46.8442746068646],[-122.375575626611,46.8439840454928],[-122.375920557102,46.8437867498555],[-122.376137325742,46.8436066037252],[-122.376227505411,46.8435316523143],[-122.376557169738,46.843226263955],[-122.377004200216,46.8428024164478],[-122.377727477351,46.8423071851365],[-122.378371038707,46.8419467709814],[-122.378754153035,46.8417987613902],[-122.379176205152,46.841708535868],[-122.379756927185,46.8416407548786],[-122.381282231554,46.8415074564025],[-122.381875837832,46.8414643314248],[-122.382276331087,46.8414577729745],[-122.382629567153,46.8414853939504],[-122.382982471938,46.8415046548432],[-122.383153126631,46.8415268730447],[-122.383457608575,46.8415467605071],[-122.383751372418,46.8416170162961],[-122.384034555429,46.8417289433134],[-122.384564503206,46.8419537490387],[-122.384899568832,46.8421481219742],[-122.38513608045,46.8423108672648],[-122.385264123203,46.8425004342285],[-122.385341156466,46.8426325251315],[-122.385384018406,46.8428152605733],[-122.385400834848,46.8429399465501],[-122.385481681524,46.8431803152881],[-122.385533809513,46.8432710152287],[-122.385603421264,46.8433483720458],[-122.385940967423,46.843584885056],[-122.387502328539,46.8443121525712],[-122.387896282112,46.844480782789],[-122.388107504583,46.8445711988368],[-122.388671379265,46.8447931794961],[-122.389045747504,46.8449536527273],[-122.389387038584,46.8450826046426],[-122.389698671902,46.8451784436141],[-122.389994060244,46.8452509059545],[-122.390622914866,46.8453792395052],[-122.391320280475,46.8455107487933],[-122.391501973108,46.8455326086422],[-122.391727615095,46.8455412376956],[-122.39192536052,46.8455225683555],[-122.392050820276,46.845495626238],[-122.392671906641,46.8454233583692],[-122.392921337075,46.8454115154932],[-122.39344351742,46.8454258996886],[-122.393643008439,46.8454149058948],[-122.393831116279,46.8453927715409],[-122.394133739924,46.8453154291158],[-122.3948498898,46.845147477151],[-122.395208188389,46.8450767575085],[-122.395950617587,46.8448740804589],[-122.396188487969,46.8448199076542],[-122.396605613574,46.8447146408464],[-122.397210270354,46.84454472884],[-122.397486467127,46.8444561575295],[-122.397739090941,46.844405577816],[-122.398268907901,46.8442971824217],[-122.398659145843,46.8442255949146],[-122.399061831584,46.8441385503798],[-122.399761648918,46.8440186445429],[-122.400256147517,46.8439701782833],[-122.400419161043,46.8439610094219],[-122.400566853343,46.8439526981981],[-122.400810360689,46.8439579416967],[-122.400986908498,46.8439767725263],[-122.40104884293,46.8439908335812],[-122.402146902393,46.844183176524],[-122.403426557223,46.8444659494408],[-122.404039662835,46.8445935933888],[-122.404552178698,46.8447309917295],[-122.405280382922,46.8449337128622],[-122.405916761089,46.8450692164753],[-122.406086764276,46.8451097340194],[-122.406703436585,46.8452588081977],[-122.406892777004,46.8452717945202],[-122.407206348586,46.84527874264],[-122.407436413364,46.8452710023341],[-122.407636598471,46.8452513876731],[-122.407819522976,46.8452524657066],[-122.408035256462,46.8452656977581],[-122.408539462129,46.8453052985869],[-122.409069823882,46.845296490661],[-122.409443577592,46.8452688607248],[-122.409724759367,46.8452641891178],[-122.410005039684,46.8452487253814],[-122.410247333957,46.8452748694195],[-122.410481179665,46.845317610556],[-122.41081804516,46.8453898515552],[-122.411207973641,46.8455078099827],[-122.411667065226,46.8456597799897],[-122.412178286114,46.8458456596102],[-122.412759675488,46.8460927958482],[-122.413226761108,46.8463145688621],[-122.413580743578,46.8465460938829],[-122.413732348764,46.8466640889353],[-122.413935545896,46.8468007546828],[-122.41420146954,46.8469442734082],[-122.414886749108,46.8472323195179],[-122.41515092957,46.8473253158182],[-122.41543844721,46.8474180323377],[-122.41633587724,46.8476399978663],[-122.416782668431,46.8477688392801],[-122.417202153574,46.8479291549231],[-122.417471493977,46.8480141329058],[-122.417683177954,46.8480649643825],[-122.417797811233,46.8480981873394],[-122.417937126319,46.8481453704528],[-122.418273556125,46.8482112890683],[-122.418576508643,46.8482857742672],[-122.418932943681,46.8483881654494],[-122.419231444995,46.848491523986],[-122.419509099251,46.8485988221757],[-122.41972844565,46.8486964782788],[-122.419918128707,46.8487896380582],[-122.42006930711,46.8488387053054],[-122.420453410093,46.8489883007654],[-122.420866281076,46.8491745789256],[-122.42139563185,46.8494255315508],[-122.422094448716,46.8497595259641],[-122.422820734796,46.8500742963823],[-122.423589894288,46.8503509873343],[-122.423807846453,46.850429267966],[-122.424049665603,46.8505254981943],[-122.424184805308,46.850604451665],[-122.424408008405,46.8507089466994],[-122.424561301137,46.8507620870133],[-122.42479549998,46.8507991431522],[-122.425007578512,46.8508178634715],[-122.425651474368,46.8508106719177],[-122.426446851657,46.8507899937192],[-122.426911542838,46.8507599060095],[-122.427613138053,46.8507058484352],[-122.428045247268,46.8506702680005],[-122.428272212226,46.8506590829213],[-122.429014718546,46.8506973669159],[-122.42925137921,46.8507047227348],[-122.429878489905,46.8506607609973],[-122.430528210757,46.850592772624],[-122.431082122037,46.8505534341896],[-122.431492772141,46.8505237694617],[-122.431893266683,46.850501953868],[-122.432327167827,46.850490874665],[-122.433273017568,46.8505013845894],[-122.433862902451,46.8505480183498],[-122.434595455121,46.850588492025],[-122.434854766278,46.8506142986399],[-122.435406986946,46.8506842148512],[-122.435554950326,46.8507076703962],[-122.435731498394,46.8507455933833],[-122.435996258869,46.8508119539331],[-122.436214426151,46.8508777832543],[-122.436437177882,46.8509555482803],[-122.436759056223,46.851085127756],[-122.437607038992,46.8514202194313],[-122.438695422454,46.8518721549744],[-122.439369499491,46.8521209969688],[-122.439570133718,46.8522105385868],[-122.439825921581,46.8523061721821],[-122.440158174401,46.8524291213573],[-122.440626344372,46.8525905336688],[-122.441007448535,46.8527266175853],[-122.441244099041,46.8527901772292],[-122.441467265858,46.8528668008789],[-122.442143252297,46.8531670234826],[-122.442360793432,46.8532550404284],[-122.442627974136,46.8533614733846],[-122.442774951172,46.8534038900275],[-122.442954263259,46.8534426874344],[-122.443167111818,46.8534968538397],[-122.443747025538,46.8535996982517],[-122.443963467798,46.8536281020366],[-122.444475773804,46.8536708653699],[-122.444775573317,46.8536690309039],[-122.445276984209,46.8536734106723],[-122.445742398493,46.8537040982388],[-122.446052803331,46.8537470081202],[-122.44631627589,46.8537778750306],[-122.446588684268,46.8537926269656],[-122.446808508957,46.8537760406869],[-122.447042489999,46.8537784409842],[-122.447352497129,46.853795818259],[-122.447624631464,46.8538040446982],[-122.448139613489,46.853807716068],[-122.448421251411,46.8538034087969],[-122.448864660538,46.8537636639648],[-122.449309591,46.8537672562453],[-122.449598924804,46.8537812200651],[-122.449861753953,46.8538208123182],[-122.450715610736,46.8539793174785],[-122.451218871211,46.8540902543916],[-122.45147741068,46.8541360872074],[-122.451689894125,46.8541797939737],[-122.451866712433,46.8542323344659],[-122.452089058447,46.8542457294456],[-122.452214996388,46.8542588133072],[-122.452406192645,46.8543120139484],[-122.452494638456,46.8543398333196],[-122.452674118605,46.854405136196],[-122.452826871534,46.8544699056837],[-122.454089532048,46.8549461112869],[-122.454503232184,46.8551263867537],[-122.454671736176,46.8552219904852],[-122.454780862288,46.8553229916836],[-122.45499286605,46.855505900663],[-122.455386835747,46.8559210766185],[-122.455669994068,46.8562637512403],[-122.455939395965,46.856636144857],[-122.456179168895,46.8570194925625],[-122.456413669578,46.8574648078672],[-122.456688233137,46.8577595988295],[-122.456831198199,46.8579513321473],[-122.4571618669,46.8583765768333],[-122.457413839599,46.8586822289514],[-122.457607968299,46.8588390506558],[-122.457837859572,46.8589487720345],[-122.458134379666,46.8590212071355],[-122.458431310764,46.8591193632166],[-122.458749013277,46.859241191451],[-122.459126264916,46.8593864151465],[-122.459500709212,46.8595401617061],[-122.459784016517,46.8596748882206],[-122.460137832215,46.859880549134],[-122.460423677078,46.8600719812169],[-122.460686359032,46.8602586233827],[-122.460911784185,46.860451084416],[-122.461066420998,46.8605670750298],[-122.461169384389,46.8607048471478],[-122.461236547648,46.8608896937496],[-122.461257335936,46.8610494671857],[-122.461209807535,46.8611999275054],[-122.461095619381,46.8613724536124],[-122.460993935495,46.86147737398],[-122.460817739164,46.86159404248],[-122.460656945985,46.8617363410485],[-122.46057051803,46.8618617367663],[-122.460038201223,46.8620969327133],[-122.459504182695,46.8624089556242],[-122.459184819024,46.8626315764268],[-122.459002244259,46.8627523011904],[-122.458911558669,46.8628287534321],[-122.458833528158,46.8629653323117],[-122.458766655341,46.8631339774454],[-122.458731102396,46.8632984678545],[-122.458702365562,46.8635230478406],[-122.45869613545,46.8636160269724],[-122.45870405528,46.8636978210958],[-122.458721869322,46.8637469157005],[-122.459234854184,46.8640129532893],[-122.459371933506,46.8640713170343],[-122.459529604143,46.8641184940771],[-122.460053275923,46.864237823731],[-122.460430989993,46.8643417833294],[-122.460841025446,46.8644702063507],[-122.46109803292,46.8645405655663],[-122.461684435485,46.8646802115858],[-122.461956615181,46.8647288881466],[-122.462332272781,46.8647759628986],[-122.462676361482,46.8648093399435],[-122.46315692422,46.8648830925457],[-122.463489294534,46.8649571511454],[-122.463707013661,46.8650125418571],[-122.464385058033,46.8651007438519],[-122.465120018182,46.8651737071478],[-122.466297933948,46.8652746116455],[-122.466573994702,46.8653055470652],[-122.466819949263,46.8653476390856],[-122.467069516991,46.8653647913906],[-122.467334160791,46.8653566703997],[-122.467603803088,46.865334227863],[-122.467851038147,46.8652872910766],[-122.468244019429,46.8652342923774],[-122.469019073711,46.8651176434474],[-122.469302277902,46.8650558789916],[-122.469822934006,46.8649542246141],[-122.470080810321,46.8648964855402],[-122.470492037816,46.8647824673414],[-122.470619854705,46.8647233616891],[-122.470813569945,46.8646202569074],[-122.471190062948,46.8644036455914],[-122.471477759664,46.8642238830161],[-122.47188586632,46.8639783935258],[-122.472131014253,46.8638601957674],[-122.472372370344,46.8637236025402],[-122.472538600234,46.8636466387993],[-122.472728351299,46.8635720692251],[-122.472942914568,46.8634794095577],[-122.473219805366,46.8633819218228],[-122.473538884968,46.8633052949785],[-122.474113073057,46.863231337802],[-122.474438743317,46.8631972738648],[-122.474759805155,46.8631739312666],[-122.475117439251,46.8631533880783],[-122.47562620826,46.8631376251736],[-122.475787361085,46.8631418776504],[-122.475974805316,46.8631564849214],[-122.476346078903,46.8632214178736],[-122.476581600641,46.8632778766331],[-122.476822991934,46.8633450416928],[-122.477065623997,46.8634308078465],[-122.477210138608,46.863488555677],[-122.477522569247,46.8635911688442],[-122.477612320095,46.8636199883271],[-122.477865174449,46.8637260398449],[-122.478222958511,46.8638910384965],[-122.478715893646,46.864121102602],[-122.479135306436,46.86436691338],[-122.479341905123,46.864480805732],[-122.479555065878,46.8646231938945],[-122.479698856845,46.8647276895099],[-122.479806542602,46.8648290217814],[-122.479945728236,46.8649442387051],[-122.480063410484,46.8650313556973],[-122.480176611433,46.8651478701263],[-122.480225263851,46.8653429548621],[-122.480290462477,46.8656764614045],[-122.480434601994,46.8660087996818],[-122.48058459253,46.8663228243924],[-122.480636310209,46.8664803343387],[-122.480868696557,46.8670643452079],[-122.48095506965,46.8672529646285],[-122.481018310136,46.8673559400707],[-122.481082836335,46.8674361536351],[-122.481239566997,46.8676370283378],[-122.481291620448,46.8676856674883],[-122.481396431611,46.8677836472782],[-122.481598243941,46.8678886770802],[-122.481817375299,46.8679347928087],[-122.48204868592,46.8679443552655],[-122.482298320621,46.8679083175267],[-122.482572154616,46.8678221879331],[-122.482740349548,46.8677334087333],[-122.482869088564,46.8676451174186],[-122.483120740374,46.8675005351356],[-122.483658348019,46.8672199104915],[-122.483812736163,46.8671222609813],[-122.483946662595,46.8669977284895],[-122.484030272516,46.8669330353679],[-122.484265778974,46.8667856570236],[-122.484598693383,46.8666074397255],[-122.484860884887,46.8664811309983],[-122.484983377538,46.8664244059469],[-122.485209026952,46.8663605234514],[-122.485432442242,46.8663469281117],[-122.485488824986,46.866343514178],[-122.486168208684,46.866371881252],[-122.486676743887,46.8663751092005],[-122.487186021401,46.8663985372799],[-122.487626777794,46.8664629192141],[-122.488003853215,46.8665486154672],[-122.488376005758,46.866650523426],[-122.48853623004,46.8667118813587],[-122.489252258705,46.8671546743608],[-122.489349323513,46.8672069478259],[-122.489431763895,46.8672334712999],[-122.489563310736,46.867303360075],[-122.489694042861,46.8673652256476],[-122.489744455448,46.8673832239466],[-122.489865787153,46.8674265193021],[-122.490030937847,46.8674716613341],[-122.490384706548,46.8675497164351],[-122.490514749221,46.8675917083249],[-122.490636249972,46.8676602335351],[-122.490903285743,46.8678254761194],[-122.491017292082,46.86790768048],[-122.491096328716,46.8679904913801],[-122.491184385827,46.8681010944923],[-122.491299346179,46.8682634838509],[-122.491381037923,46.8684184123887],[-122.49149366328,46.8686129338497],[-122.491551452273,46.8687562627577],[-122.491626025,46.8690436584309],[-122.491649281381,46.8695122862703],[-122.49167504714,46.8697362335615],[-122.491724332052,46.8704370608728],[-122.491729251246,46.870733535154],[-122.491749059726,46.8709455992234],[-122.491780894902,46.8711855701846],[-122.491804249271,46.8714939023276],[-122.491854664327,46.8717496523234],[-122.491887771275,46.8718612067347],[-122.491932336841,46.8721210074633],[-122.491932283767,46.8722694523706],[-122.491906712968,46.8725383674358],[-122.491916879629,46.8729631708784],[-122.491907276263,46.8731237946618],[-122.491917543505,46.8735382839435],[-122.491884542329,46.8739052199552],[-122.49185806029,46.874056042849],[-122.491816186769,46.8744786206288],[-122.491765872767,46.8748501083464],[-122.491737963656,46.8751109988084],[-122.491695982769,46.8753688700405],[-122.491640411404,46.8755976542797],[-122.491580540221,46.8757499058238],[-122.491424316036,46.876083647504],[-122.491340452369,46.8762361215232],[-122.491242450659,46.8763729042269],[-122.491088392843,46.8765200936462],[-122.490743151386,46.8768121782375],[-122.490230904814,46.8771585812046],[-122.489987864293,46.8773074726593],[-122.489795598484,46.8774361202047],[-122.489487390215,46.877592475161],[-122.489241863104,46.8776738787282],[-122.489020080245,46.8777613716811],[-122.488767446537,46.8778942985971],[-122.488616323631,46.8779997696533],[-122.48849417514,46.8781176027142],[-122.488311967894,46.8782621748608],[-122.487900029343,46.8785360393773],[-122.487809793839,46.8786243554323],[-122.487746242751,46.8786768821825],[-122.487672465145,46.8787515287867],[-122.487623610987,46.8788230022896],[-122.487551579126,46.8789723612628],[-122.487525874584,46.8791034204125],[-122.487525580157,46.8792445178706],[-122.487556622617,46.8793816460195],[-122.487625108103,46.8795710905581],[-122.487681481713,46.8797041597641],[-122.48774772151,46.8798194223924],[-122.487866486518,46.8799760988879],[-122.487994826135,46.8801081154928],[-122.488245762194,46.8803508272248],[-122.488421279258,46.8804995000671],[-122.488615666527,46.8806195683288],[-122.488810228984,46.8807291821297],[-122.489087869064,46.8808548308532],[-122.489649106278,46.8811451101284],[-122.489842467446,46.8812230355677],[-122.490222533691,46.881346909495],[-122.490409766099,46.8813930408761],[-122.490648062077,46.8814418813049],[-122.490835553374,46.8814950572211],[-122.491307966876,46.8816139005188],[-122.492041526449,46.8818305552699],[-122.492339826907,46.881932469597],[-122.492385890889,46.8819482116396],[-122.492637001228,46.8820602409765],[-122.492889586386,46.882211192304],[-122.493074857783,46.8823526683805],[-122.49328247308,46.8825326770419],[-122.493280126263,46.8826317901318],[-122.493296309847,46.8829210463417],[-122.493267818117,46.8830434325773],[-122.493193647451,46.8832962111178],[-122.493165899027,46.883452869908],[-122.493138009106,46.8837543824041],[-122.493102164884,46.8839757763449],[-122.493066647057,46.8843688127603],[-122.493057467222,46.884879472828],[-122.493002898648,46.8856652325939],[-122.49296840429,46.8859363307082],[-122.492953147097,46.8861193519889],[-122.492910470805,46.8863182626409],[-122.492864330958,46.8864709618052],[-122.492815175313,46.8866102177808],[-122.492765401801,46.8867512129791],[-122.492691650143,46.8868668401381],[-122.492537177483,46.8870447301224],[-122.492402306034,46.8871574660951],[-122.492249666192,46.8872363887834],[-122.491912070756,46.8874249653869],[-122.491651281506,46.8875819008902],[-122.491407181132,46.8877422779497],[-122.491233892432,46.8878711206541],[-122.491084188291,46.8880298897211],[-122.491034301625,46.8881831462627],[-122.491023853896,46.8883470483923],[-122.491036340687,46.8885372686702],[-122.491119859905,46.8886997362746],[-122.491235355937,46.8888081366376],[-122.491481632049,46.8890172944163],[-122.49159816593,46.8890930096092],[-122.491647108591,46.8891248298911],[-122.491827223623,46.8891942320103],[-122.492101870538,46.8892503127624],[-122.492770599251,46.889307301073],[-122.492916004388,46.8893315245619],[-122.493023304745,46.8893792014905],[-122.493103798781,46.8894463782128],[-122.493201828769,46.8895550793051],[-122.493283300973,46.8897063080408],[-122.49338929889,46.8899595014255],[-122.493519490355,46.8903306030549],[-122.493763259731,46.8909053130627],[-122.494160954948,46.891599383389],[-122.494343482609,46.8918705048841],[-122.494622225457,46.8923494565879],[-122.49485145487,46.892692260649],[-122.495096934987,46.8930156101555],[-122.495271507421,46.893233547378],[-122.495412146339,46.8934253292888],[-122.495758384424,46.8937812153865],[-122.495932780057,46.8939801464571],[-122.496096264644,46.8941945160474],[-122.496336037931,46.8945254780184],[-122.496413841152,46.8946689780289],[-122.496705728219,46.895353411177],[-122.496877793882,46.8957999236777],[-122.496956860047,46.8959775219685],[-122.497003846721,46.8961121210828],[-122.497147370184,46.8963285374017],[-122.49731494163,46.8966532339988],[-122.497470787623,46.8971077354454],[-122.49751316111,46.8973469991945],[-122.497571984871,46.8978830557836],[-122.497583034997,46.8984072977752],[-122.497579896516,46.898557331481],[-122.497548337678,46.8990568869328],[-122.497501844381,46.8994501137956],[-122.497480375158,46.8996141799646],[-122.49745140501,46.8997365750048],[-122.497406301636,46.899870743217],[-122.497204497672,46.9002703963156],[-122.497104711853,46.9004397992268],[-122.497038632327,46.9006008815961],[-122.496978356893,46.9007695988358],[-122.496905574997,46.9009117620475],[-122.496840302512,46.901095815343],[-122.496806414254,46.9012335465601],[-122.49672246121,46.9015207534162],[-122.496660732614,46.901651259479],[-122.496435738532,46.9020323055822],[-122.49629378328,46.9022519751688],[-122.49611915309,46.902495003948],[-122.495834387806,46.9029113711992],[-122.49565513958,46.9031074673958],[-122.495540865772,46.90324028321],[-122.495413731753,46.9034139157938],[-122.495203289786,46.9037299206081],[-122.494847645369,46.9041780148115],[-122.494725701881,46.9043438488527],[-122.494658909879,46.9044859347293],[-122.494619353852,46.9046199776187],[-122.494583501725,46.9048045069296],[-122.494631049136,46.9049911013562],[-122.494822837282,46.9054847253358],[-122.494847826399,46.905584926837],[-122.494890526881,46.9056651004856],[-122.494931608317,46.9057209457213],[-122.495013109526,46.9058146825331],[-122.495116944711,46.9059171100401],[-122.495320816248,46.9061546164865],[-122.495446787087,46.9062744883559],[-122.495587333178,46.9064357439868],[-122.495906698739,46.9067248964453],[-122.49604064031,46.9068297086293],[-122.496152951349,46.9069318236421],[-122.496455790811,46.9072480037978],[-122.496852595867,46.9076429454067],[-122.496946773116,46.907727545863],[-122.497049626487,46.9078032462668],[-122.497191435101,46.9078900921339],[-122.497905846729,46.9082973458334],[-122.498342221098,46.9085842684638],[-122.498525166153,46.9087151610592],[-122.498637088123,46.9088054596567],[-122.498708611468,46.908872596536],[-122.499343291426,46.9092335832179],[-122.499627510075,46.9094101934425],[-122.499787176919,46.9094937910485],[-122.500048049455,46.90962022816],[-122.500229743939,46.9097182265345],[-122.500492670441,46.9099011844752],[-122.500634929588,46.9100063957602],[-122.500854307613,46.9101686881014],[-122.501387991898,46.9106236344264],[-122.501486337492,46.9106994091336],[-122.501602195903,46.9107746876972],[-122.502040523003,46.911005196765],[-122.502280063733,46.9111378149379],[-122.50254168582,46.9112851609197],[-122.502772713273,46.9114299404685],[-122.502967532445,46.9115307776871],[-122.503193019875,46.9116339884322],[-122.503515085124,46.9117651675555],[-122.503886224153,46.9119373474231],[-122.504447992014,46.9122191556034],[-122.504607385968,46.9122938646547],[-122.504828690002,46.9124060871183],[-122.505090094143,46.9125472329903],[-122.505259292719,46.9126574271011],[-122.505473555841,46.9128085003586],[-122.505727805998,46.913000511942],[-122.506055784396,46.9132894872248],[-122.506216904447,46.9134116424836],[-122.506487797166,46.9135795543863],[-122.506824800336,46.9137610427738],[-122.507412320059,46.9140336661618],[-122.507822482154,46.9141931387933],[-122.508002407863,46.9142405774344],[-122.508244213989,46.914325665309],[-122.508521022806,46.9144101418009],[-122.509277748794,46.9146706966833],[-122.509638409516,46.9147893635957],[-122.510037635608,46.9148955338705],[-122.510437742193,46.9150253590406],[-122.510916084787,46.915159959003],[-122.511149088572,46.9152363075941],[-122.511455170271,46.9152993376479],[-122.511853070921,46.9153697043408],[-122.512834140654,46.9155817420606],[-122.513192934746,46.9156498796203],[-122.513498471493,46.9156981847213],[-122.513795298528,46.9157286482979],[-122.51424732502,46.9157474806347],[-122.51461645932,46.9157439548438],[-122.515036604314,46.9157129287639],[-122.515716237687,46.9156502834508],[-122.516415734484,46.9155428803137],[-122.517113332967,46.9154919261812],[-122.517732335547,46.9154394114918],[-122.518152030205,46.915396395294],[-122.518475621249,46.9153696000264],[-122.518801398134,46.9153402700464],[-122.519079080855,46.915326484374],[-122.519317614891,46.9153222992432],[-122.519456697959,46.9153229310499],[-122.519537548945,46.9153302620153],[-122.519700044372,46.9153275749761],[-122.519900466524,46.9153478926598],[-122.520106590795,46.9154008327813],[-122.520322383137,46.9154714580177],[-122.520516950806,46.9155631928917],[-122.520751634574,46.9156840368704],[-122.520977799243,46.9158050302594],[-122.521204083041,46.9159409420153],[-122.521574604947,46.9162023842635],[-122.521730063519,46.9162918687083],[-122.522078296084,46.9165447869224],[-122.522520828307,46.9168358453482],[-122.523138433316,46.9172492554806],[-122.523393031537,46.9174472308463],[-122.523711786784,46.9177153908854],[-122.524069295337,46.9179888765071],[-122.524564431935,46.9184504036716],[-122.52474487982,46.9186316865118],[-122.52498979669,46.9189042423816],[-122.52509604937,46.9190690012123],[-122.525174778487,46.9192075027194],[-122.525344686345,46.9194546068114],[-122.525582494585,46.9197658780891],[-122.525662156715,46.9199281700748],[-122.525783247654,46.9202622045352],[-122.52585368647,46.9203919638141],[-122.526073427184,46.9207005898406],[-122.526157620646,46.9208330965333],[-122.526387250889,46.9211832945206],[-122.526484327533,46.9213422350544],[-122.526610047005,46.9215721221776],[-122.52684260633,46.9220888142651],[-122.526969059933,46.9224587662777],[-122.527157689749,46.9229642450271],[-122.527221321347,46.9231535891529],[-122.527261838277,46.923313688932],[-122.527334776071,46.9237498905655],[-122.527376553296,46.9239424989674],[-122.527469283279,46.9244409444805],[-122.527500683391,46.9245831844154],[-122.527553034033,46.9247267830304],[-122.527569624159,46.9247933345711],[-122.527598195694,46.9248612379375],[-122.527643443084,46.9249200978221],[-122.527738655617,46.9249853471776],[-122.527817759765,46.9250449271353],[-122.528124788044,46.9252388689101],[-122.528270435053,46.9253048738174],[-122.52844263129,46.925373153826],[-122.528539520191,46.9254072961185],[-122.528649252998,46.9254380848357],[-122.528794855399,46.9255039253111],[-122.529074204755,46.9256173832338],[-122.529289495847,46.9257094780954],[-122.529698927195,46.9258570669274],[-122.5305245177,46.9260924624846],[-122.530735810789,46.926174971181],[-122.53091197932,46.9262284211823],[-122.53126723908,46.9263203742526],[-122.53152117612,46.9263784847198],[-122.531894632137,46.926487943352],[-122.5321224825,46.9265315649384],[-122.532345550336,46.9265811122685],[-122.53280244824,46.9267129313242],[-122.533009151416,46.9267807867216],[-122.5331669427,46.9268107224222],[-122.533411239744,46.9268391567024],[-122.533747791073,46.9268986832101],[-122.534054337336,46.9269587661088],[-122.534650204863,46.9270999428566],[-122.535256090829,46.9272678751928],[-122.536021121056,46.9275013692928],[-122.536443547548,46.9276487036831],[-122.536781225177,46.9277378519144],[-122.537071261551,46.927824961979],[-122.537532030409,46.9279388652016],[-122.53780895433,46.9280232709451],[-122.538063085218,46.928087178668],[-122.538370094988,46.9281592286574],[-122.538680803556,46.9282221331695],[-122.538935051886,46.9282891092051],[-122.539474368949,46.9284163698274],[-122.540075518834,46.9285767903115],[-122.540490744049,46.9287057245103],[-122.540835029272,46.9288358861452],[-122.540946681717,46.9288704419141],[-122.54150939968,46.9290402859175],[-122.541926385672,46.9291954876636],[-122.542090679661,46.9292583201303],[-122.542594645902,46.9294297223046],[-122.543485526941,46.9297866124035],[-122.543888063445,46.929923631075],[-122.544132723962,46.9300394517716],[-122.544395070351,46.9301750365139],[-122.544603450193,46.930271615013],[-122.545045616928,46.9305161052461],[-122.545265780722,46.9306203724363],[-122.545460024186,46.9306618491656],[-122.545542817771,46.9306795509739],[-122.545758423469,46.930734252261],[-122.545808635567,46.93074699228],[-122.546120861936,46.9307975071895],[-122.546479589526,46.9308473594571],[-122.546872909229,46.9308844172007],[-122.547148085622,46.9308954881404],[-122.547609760726,46.9308872772535],[-122.547919560127,46.9308737023868],[-122.548205655272,46.9308686124858],[-122.548532335562,46.9308387995177],[-122.548772298887,46.9308282750846],[-122.549180466933,46.9308113000935],[-122.549624459565,46.9307992815559],[-122.549910254182,46.9308010230688],[-122.550531678854,46.930807318074],[-122.550877489917,46.9308331940698],[-122.551047821276,46.9308500732515],[-122.551199573505,46.9308394699143],[-122.551321757467,46.9308410779196],[-122.551857001646,46.930938675519],[-122.552127107029,46.931009098272],[-122.552524978244,46.9310909837215],[-122.552761842511,46.9311474598827],[-122.553456920929,46.931327915686],[-122.553666062875,46.9313871062483],[-122.553968136415,46.9314651830931],[-122.554210552768,46.9315359571029],[-122.554664852428,46.9316884726182],[-122.554838021846,46.9317282535034],[-122.555022194304,46.9317678097388],[-122.55516937448,46.931793817975],[-122.555294822879,46.9318022204511],[-122.555451013749,46.931803024967],[-122.555627899086,46.9317962733998],[-122.555779766627,46.9318149833885],[-122.555911832227,46.9318520401131],[-122.556285106487,46.9319417303812],[-122.556851901308,46.9320387417987],[-122.557383797272,46.9321792456677],[-122.557794500252,46.9322790420043],[-122.558354761121,46.932479706436],[-122.558958866581,46.932729642474],[-122.559729115723,46.9331088088101],[-122.56044226898,46.9334804622258],[-122.560952751795,46.9337475878555],[-122.561155455603,46.9338653320099],[-122.561422683355,46.9340463774088],[-122.561929450741,46.934340720473],[-122.562095356879,46.9344520992011],[-122.562411856286,46.934678560264],[-122.562524582609,46.9347730625972],[-122.562786432362,46.9349325876447],[-122.563065475303,46.9351490757112],[-122.563302415992,46.9353608590736],[-122.563432993744,46.9354791777268],[-122.563715916849,46.9357970814504],[-122.56387953122,46.9359907861359],[-122.563996786697,46.9361386921357],[-122.564099685983,46.9363112127662],[-122.56424806211,46.9365975427792],[-122.564324762581,46.9368169142917],[-122.564438933015,46.937137567414],[-122.564511629681,46.9372595018973],[-122.564614033617,46.9373843599198],[-122.564755824834,46.9375318249138],[-122.565041701894,46.9378867014828],[-122.56534666592,46.9383478777487],[-122.565531429676,46.9385979230838],[-122.565663446717,46.9387388708221],[-122.565831943703,46.9389425785206],[-122.566080855834,46.9393514372486],[-122.566169785484,46.9395164713006],[-122.566238775831,46.939658549431],[-122.566282126426,46.9397710799691],[-122.566321498565,46.9399104518827],[-122.566340187043,46.9400199969391],[-122.56637985704,46.9405460831055],[-122.566369409911,46.9409282713214],[-122.566350692375,46.9411833112985],[-122.566307370856,46.9413207117193],[-122.566174165894,46.9416597908907],[-122.566101216796,46.9417942942513],[-122.566047903162,46.941918681117],[-122.565990339719,46.9420764142567],[-122.565887558146,46.9424382618305],[-122.565833186043,46.9426658538952],[-122.565801811879,46.9428664827717],[-122.565783392074,46.9430267505989],[-122.565768557476,46.9433823297207],[-122.565764955535,46.9434337133531],[-122.565774165651,46.943543619344],[-122.565792473282,46.9436432142831],[-122.565825697167,46.9437526905363],[-122.565856049275,46.9439053904067],[-122.565893929858,46.9440120122336],[-122.5659600905,46.9442035401962],[-122.566039121619,46.9443587952038],[-122.566127260978,46.9445039854801],[-122.566336930191,46.9448934692192],[-122.566369900052,46.9449962572429],[-122.566383378057,46.9450993942234],[-122.566411437783,46.9451921214194],[-122.566464319887,46.9453045076298],[-122.566589636184,46.9455189463704],[-122.566722594635,46.9456965478206],[-122.566760568717,46.9457992450917],[-122.566797114514,46.9459818414455],[-122.566870354678,46.9462472712886],[-122.566873416836,46.9463272815063],[-122.566864625453,46.9464774470669],[-122.566843315808,46.9465611307765],[-122.566747042439,46.9470512276645],[-122.56673030294,46.9471664275368],[-122.566715977191,46.9474200448282],[-122.566722605691,46.9475932477577],[-122.566746018768,46.9478261641458],[-122.566862364225,46.9481974369937],[-122.566915380308,46.9483132220076],[-122.56700117693,46.9484315180556],[-122.567073745138,46.9485003234057],[-122.567259376956,46.9486536919843],[-122.567436723986,46.9488270671729],[-122.567541598268,46.9488985559869],[-122.567848413854,46.949039791468],[-122.56797795036,46.9491141013405],[-122.568196389562,46.9492234864389],[-122.568407580576,46.949402944708],[-122.568504211144,46.9495080172488],[-122.568633340003,46.9497023340874],[-122.56869093768,46.9498079150837],[-122.568728407052,46.9498972637795],[-122.568786108627,46.9501362284515],[-122.568798831434,46.9502320554619],[-122.568796146019,46.9506460315929],[-122.568813957946,46.950732468265],[-122.568893359129,46.9510276022443],[-122.568925528082,46.9513570472597],[-122.568954495429,46.9514732636797],[-122.569000643282,46.9517890722686],[-122.569042708288,46.9519983108697],[-122.56921452759,46.9525485999181],[-122.569268439504,46.9526875176492],[-122.569342714762,46.9528361903962],[-122.569460513163,46.9531275616771],[-122.569558819305,46.9534057327619],[-122.569612300912,46.9536514661847],[-122.569642027412,46.953746658884],[-122.569673351733,46.9538469780948],[-122.569765508138,46.9540952804265],[-122.569845715737,46.9542805187505],[-122.569937492262,46.954518871406],[-122.570211441588,46.9551873226668],[-122.570381132541,46.9555509672521],[-122.570489597792,46.9557156475588],[-122.57068379335,46.9560788514508],[-122.570753229423,46.95624423212],[-122.570832035848,46.9563927955674],[-122.570944148126,46.9566900818983],[-122.571031859659,46.9569026411913],[-122.571388206376,46.9575629164785],[-122.571489963877,46.9578010872932],[-122.57168969346,46.9581285872183],[-122.571739353895,46.9582064967295],[-122.571918830253,46.958446698601],[-122.571981521213,46.9585655712964],[-122.572120251108,46.9588797131648],[-122.572169784877,46.9590221368893],[-122.572228846614,46.9591643891703],[-122.57226900995,46.9593236040726],[-122.572289900175,46.9594900223524],[-122.572294122181,46.9597451158887],[-122.572289853998,46.9598666742557],[-122.572265805764,46.9600104217594],[-122.572219307532,46.9601945101991],[-122.572162137911,46.9603489747402],[-122.572070806292,46.9605006257629],[-122.57194569192,46.9606729342471],[-122.571810957073,46.9608419601483],[-122.571709359185,46.9609871300379],[-122.571480731945,46.9612411721191],[-122.571108021728,46.9615513184706],[-122.570936820643,46.9616575834688],[-122.570789391314,46.9617569199543],[-122.570551158679,46.9618913241295],[-122.570299700188,46.9620590453324],[-122.570017897604,46.9622075892207],[-122.569802666843,46.9623014504924],[-122.569563018788,46.9623990137968],[-122.569322606185,46.9624767045248],[-122.568981365999,46.9626028357004],[-122.568798758773,46.9626594366228],[-122.568581568196,46.9627032733999],[-122.56812310085,46.9628148842583],[-122.567635514499,46.9629235881908],[-122.567370429631,46.9629984538746],[-122.566974639024,46.9630854562038],[-122.566658018302,46.9631443215038],[-122.565809172058,46.9632930430188],[-122.565644048857,46.9633093620072],[-122.565431351768,46.963339918988],[-122.565247326991,46.9633732255078],[-122.565039914991,46.9634235735827],[-122.564826861403,46.9634573995565],[-122.56463034899,46.9635308647372],[-122.564400601409,46.9636383607117],[-122.564185183342,46.9637287859514],[-122.563998318867,46.9638188637158],[-122.56377006461,46.9639529107776],[-122.563541798122,46.9641003144944],[-122.563342574264,46.9642339771906],[-122.563134139605,46.9643877171141],[-122.563035225106,46.9644728173574],[-122.562904782106,46.9646251331103],[-122.56281230209,46.9647601742915],[-122.562763568741,46.9648877402547],[-122.562660335242,46.9652394672502],[-122.562663647773,46.9653261651441],[-122.562676357586,46.9654092384879],[-122.562709171447,46.9654952152908],[-122.562756516832,46.9655944818715],[-122.562823790213,46.9656899627251],[-122.56289465167,46.9657619012288],[-122.563015234154,46.9658631198773],[-122.56306064617,46.9658939591825],[-122.563125264598,46.965937757629],[-122.563298999976,46.9660280945824],[-122.56351131182,46.9661192493771],[-122.563740017177,46.9661801311845],[-122.563994795977,46.9662282019581],[-122.564181949405,46.9662774837069],[-122.564373834321,46.9663174097706],[-122.56462682157,46.9663793350169],[-122.564319256312,46.9666137667592],[-122.564039411949,46.9668334375058],[-122.564032007123,46.9668396834691],[-122.563580900647,46.9671944660504],[-122.56327497167,46.9674782366569],[-122.568684421976,46.9690930698465],[-122.567859593283,46.9703752723767],[-122.56556219949,46.9740502232835],[-122.565649331925,46.9740484965288],[-122.565123310556,46.9754565085773],[-122.56514419088,46.9755623647737],[-122.565121126501,46.9755963232881],[-122.564953752684,46.9758428885968],[-122.564784998767,46.9761780450785],[-122.564684390087,46.9764948649724],[-122.564592708498,46.9767171975174],[-122.564275140585,46.9772543149256],[-122.564111316672,46.9775551241351],[-122.563428713907,46.9784544979821],[-122.562534792407,46.9795590576542],[-122.56186804584,46.9804079705761],[-122.561746435279,46.9805628412],[-122.561436290614,46.9810018150955],[-122.560943818633,46.9816620497552],[-122.560378052898,46.9824435927815],[-122.56024919077,46.9825462300729],[-122.560315032106,46.9825659804709],[-122.559692547755,46.983775265403],[-122.558986832873,46.9852378248772],[-122.558675979034,46.9859063779395],[-122.558432316079,46.9865209021002],[-122.558390279374,46.9866619497227],[-122.558371640197,46.9867575142883],[-122.558364783888,46.9868730551297],[-122.558371283765,46.9869930207772],[-122.55846072473,46.9874873560605],[-122.558534659921,46.9879660317713],[-122.558516841684,46.9883321897441],[-122.558508568745,46.9885963534497],[-122.558508460532,46.9885989701294],[-122.558483482205,46.9893973904047],[-122.558499032085,46.9926504444838],[-122.558478925568,46.9932907887155],[-122.558450973532,46.9938337377947],[-122.558455932445,46.994317842046],[-122.558449137471,46.9946451553359],[-122.558451002511,46.9948957900096],[-122.55856393542,46.99588462099],[-122.558587740543,46.9964581058128],[-122.558522571916,46.9975292478791],[-122.558470263274,46.9980790491747],[-122.558442966402,46.998526782402],[-122.558451703978,46.9993116516595],[-122.558465788767,46.9996808039715],[-122.558432663615,47.000379335768],[-122.558466144031,47.0006505246534],[-122.558495654408,47.0010194013529],[-122.558544158513,47.0012797625479],[-122.55854964518,47.0012944928356],[-122.558559999552,47.0013919994612],[-122.558632000201,47.0015489988625],[-122.558737000611,47.0018089991066],[-122.5586953594,47.0019795289785],[-122.558690123514,47.001981060278],[-122.55365399963,47.0020439986087],[-122.553418000823,47.0020479995988],[-122.553324000624,47.0020569990227],[-122.553256999378,47.002088998756],[-122.553216000103,47.0021919986959],[-122.553212000555,47.0024709994907],[-122.553219000494,47.0031089994791],[-122.553219999476,47.0031949987314],[-122.553220999868,47.0032759994406],[-122.553220999618,47.0033389995609],[-122.553185000322,47.0034139991625],[-122.553167999974,47.0034259992622],[-122.553104999747,47.0034769987027],[-122.552472000398,47.003481998665],[-122.552290913163,47.0034382207159],[-122.552289999816,47.0034379994483],[-122.552212999872,47.0034379988704],[-122.548186000387,47.0034589992839],[-122.547789000272,47.0034609987538],[-122.547786875337,47.0034612644296],[-122.547774969315,47.0034627529856],[-122.547773000408,47.0034629991583],[-122.547775611526,47.0034846358263],[-122.547789205413,47.0039480488641],[-122.547801082614,47.0043529027978],[-122.54780109564,47.0043533515652],[-122.547810443785,47.0046721114705],[-122.547841754648,47.0057398308233],[-122.547870137038,47.0067557580422],[-122.547876625176,47.0074072530077],[-122.547870655517,47.0076798579743],[-122.547866034315,47.0078908345899],[-122.547810927473,47.0104064222521],[-122.547810618905,47.0104205809046],[-122.547800377665,47.0108879998369],[-122.542312055571,47.0108533134859],[-122.540966119397,47.0108397914897],[-122.540773887394,47.0108378455977],[-122.540576628717,47.0112202821432],[-122.540444040823,47.0114529967072],[-122.540318063675,47.0116877611814],[-122.540266190111,47.0117909587834],[-122.54020655392,47.0119095980041],[-122.540156468104,47.0120092251446],[-122.539385971196,47.0120271074526],[-122.539108599622,47.0120335496491],[-122.53853486196,47.0120468485211],[-122.53721666911,47.012077390177],[-122.534518565356,47.0121066289925],[-122.531510300644,47.0107638666562],[-122.531749009217,47.0107638015705],[-122.531755051116,47.0102088002251],[-122.530483965946,47.010210266161],[-122.5287222503,47.0102122879106],[-122.527229908745,47.0102139909051],[-122.526443198937,47.0102148751805],[-122.524746790368,47.0102068298981],[-122.52400253956,47.010203276786],[-122.523607581335,47.0102026392018],[-122.523361437185,47.0102022145598],[-122.5229694448,47.0102015882923],[-122.522961749341,47.0102015757597],[-122.52279280263,47.0103350923585],[-122.521475860276,47.0113758231017],[-122.520363129076,47.0122446503292],[-122.518258454836,47.0138878850321],[-122.515220062893,47.0162488025021],[-122.512007085347,47.0187605976186],[-122.511387027278,47.0192522229781],[-122.510874120887,47.0196427699923],[-122.509945896745,47.020336444213],[-122.509290879226,47.0208391441323],[-122.50855019164,47.0214217750748],[-122.50679128604,47.022830252163],[-122.504793878752,47.0243875277668],[-122.503444094757,47.0254394090533],[-122.501696657591,47.026813647853],[-122.500884712955,47.0274521528905],[-122.498437789058,47.0293201261522],[-122.495163908818,47.0318972267938],[-122.494309596101,47.0325633032392],[-122.492957507041,47.0336051269887],[-122.491807347535,47.0344870369325],[-122.490572931914,47.0354098571256],[-122.489355954841,47.0363095979324],[-122.488259393107,47.0371325642575],[-122.487383376353,47.0378261578271],[-122.486147825832,47.0388573122008],[-122.485334466946,47.0395085048237],[-122.484340631602,47.0402939523139],[-122.482795362471,47.0414519799241],[-122.4816984021,47.0422936735511],[-122.481215487947,47.042673525357],[-122.47922618484,47.0442803206587],[-122.476494109645,47.0464292327008],[-122.476159976718,47.046698229703],[-122.464028364419,47.0561576702136],[-122.463327342372,47.0566735149564],[-122.461932311103,47.0577391357471],[-122.461264349977,47.0582889093525],[-122.460925421378,47.0585613954306],[-122.460689871596,47.0587367337562],[-122.46044582792,47.0589081018279],[-122.460195188855,47.0590746988417],[-122.460003628517,47.0591950385742],[-122.459538249955,47.0594682696909],[-122.459264556408,47.0596158109168],[-122.458984536774,47.0597583025953],[-122.458479849344,47.0599948956724],[-122.458183704118,47.0601211482835],[-122.457883211205,47.0602415770906],[-122.457342209893,47.0604399994951],[-122.457104761329,47.0605160498647],[-122.456781015216,47.06061295356],[-122.456205393156,47.0607678548523],[-122.45587180427,47.0608468756397],[-122.455535411771,47.060919470765],[-122.454936371807,47.0610308805676],[-122.454754598551,47.061053048756],[-122.454420154688,47.0611097271594],[-122.454253175221,47.0611447814615],[-122.454008989758,47.0612090084557],[-122.453825726161,47.0612709413264],[-122.453581784168,47.0613862323005],[-122.453316263476,47.0615517491198],[-122.453073072855,47.061703339909],[-122.452895702258,47.0618072168266],[-122.452787875627,47.0618598367187],[-122.452594201243,47.0619834620647],[-122.445094788619,47.0665585828524],[-122.443189163903,47.0677277376169],[-122.443040303608,47.0678396759271],[-122.442865277164,47.0679862558347],[-122.442699285721,47.0681385526879],[-122.442525077819,47.0683313053187],[-122.442392768162,47.0684970767127],[-122.442273458383,47.0686683070413],[-122.44217001727,47.0688432196442],[-122.438635816883,47.0763087775167],[-122.436913787927,47.0799111144715],[-122.436038979896,47.081724665796],[-122.435724103345,47.0824305003109],[-122.435382547135,47.0831762758654],[-122.435285740685,47.0834221585596],[-122.435233249526,47.083647606671],[-122.435189171768,47.0839465365032],[-122.435097238853,47.0841959742747],[-122.435084703595,47.0853115252758],[-122.435054472408,47.0876372325084],[-122.435019670388,47.0900241589551],[-122.434998877168,47.0918463331803],[-122.434976291815,47.0936186759777],[-122.434940002957,47.0964415397183],[-122.434950192285,47.0968190572843],[-122.434952086733,47.0973088052664],[-122.437709947444,47.097321337559],[-122.439925772585,47.0973449684414],[-122.442118016202,47.0973749864177],[-122.442784666891,47.0973946838238],[-122.443710616171,47.097404580754],[-122.444566271984,47.0974219908076],[-122.448270527223,47.0974694549832],[-122.449241477328,47.097480826179],[-122.449457257902,47.0974893060254],[-122.449951383167,47.0974704593282],[-122.450594466538,47.0974791537308],[-122.451004344194,47.0974706668073],[-122.451558870388,47.097466124725],[-122.453125219117,47.0974747226147],[-122.453251536461,47.0974826234521],[-122.457084041475,47.0975485072319],[-122.457174394699,47.0976674887193],[-122.45753283513,47.0981034737416],[-122.457660575429,47.0982288968886],[-122.457675403364,47.0982434561297],[-122.457800535643,47.0983445954553],[-122.457919671056,47.0984067263591],[-122.458494237802,47.0986105818935],[-122.459048630344,47.0987952211879],[-122.459970293965,47.0991543665078],[-122.460635894796,47.0994035928664],[-122.461415513285,47.0996688991394],[-122.46196559088,47.0998293252325],[-122.462400104844,47.0999299210127],[-122.462712570597,47.1000153661199],[-122.463238635451,47.1001449011899],[-122.463949799535,47.1003034848441],[-122.463953445207,47.1049220258985],[-122.463928949846,47.1085631197424],[-122.463940624442,47.112209078606],[-122.463911790139,47.1158755795223],[-122.463907318221,47.1187166203544],[-122.46388114946,47.1231193553168],[-122.463874705307,47.1259405385665],[-122.463884914342,47.1259934618733],[-122.463853626461,47.1259983001441],[-122.463797798419,47.1259968629209],[-122.463745290039,47.125990624222],[-122.46369951023,47.1259771403012],[-122.462618897564,47.1255800193688],[-122.461360085739,47.1251266728038],[-122.460092989505,47.1246780875808],[-122.458548716867,47.1241406923772],[-122.457700166124,47.1238587860848],[-122.457033918175,47.1236505263576],[-122.456630877144,47.1235342081271],[-122.456084261642,47.1233879014569],[-122.453379843734,47.1227650033533],[-122.453258051951,47.1227380610443],[-122.453141220725,47.1227111957439],[-122.452886428725,47.1226558508143],[-122.452576534673,47.1226023408092],[-122.452377814814,47.1225729800088],[-122.451954708971,47.1225321878708],[-122.451807015349,47.1225192963181],[-122.451611189956,47.1225120728812],[-122.45142514811,47.1225074775079],[-122.451128268608,47.1224982881872],[-122.450006826157,47.1224724339666],[-122.44879237734,47.1224358507253],[-122.446445316047,47.1223376259779],[-122.446029106941,47.1223173754218],[-122.44539740339,47.1222937312065],[-122.445206528762,47.1222811469299],[-122.444994712561,47.122258356615],[-122.44462751246,47.1222065863392],[-122.444467011888,47.1221794205207],[-122.444252992771,47.1221312407506],[-122.443770160515,47.122012903221],[-122.443011199406,47.1218008840774],[-122.44274583228,47.1217192834473],[-122.441981611948,47.1215038358153],[-122.439198002275,47.1207252000395],[-122.438396008195,47.120495416405],[-122.434848362817,47.1195074241054],[-122.434399597167,47.1193653298649],[-122.433670488879,47.1191567824954],[-122.433511480616,47.1191193187782],[-122.433307214104,47.1190880705638],[-122.432971992775,47.1190553659852],[-122.432179070877,47.1190421908282],[-122.43146812659,47.1190315619485],[-122.431467328302,47.1190315637755],[-122.431402277788,47.1190305509986],[-122.430557832134,47.1190337218292],[-122.430486197521,47.1190326970619],[-122.429275756417,47.1190177300743],[-122.42908054779,47.1190093339432],[-122.426906687686,47.118986123794],[-122.423389065546,47.118936187649],[-122.418523329111,47.118878041797],[-122.417126078984,47.1188678872402],[-122.414476388628,47.1188351972099],[-122.412936471416,47.1188205813424],[-122.409865129587,47.1187803141712],[-122.409700782444,47.1187741446509],[-122.409123771862,47.1187738903475],[-122.407167870721,47.1187484078856],[-122.403425623427,47.1187052203811],[-122.400863984079,47.118678036431],[-122.399900835037,47.1186609956177],[-122.397869911293,47.1186507975945],[-122.397646606311,47.1186441261778]]]},"properties":{"OBJECTID":4,"District_Number":3,"Maplabel":"District #3","Council_Member":"Amy Cruver","Phone":"798-6626","Email":"amy.cruver@piercecountywa.gov","council_homepage":"http://www.co.pierce.wa.us/index.aspx?NID=1382","Address":"930 Tacoma Ave. S., Room 1046 Tacoma, WA 98402"}},{"type":"Feature","id":5,"geometry":{"type":"MultiPolygon","coordinates":[[[[-122.229668850636,47.2557000058236],[-122.229623683749,47.2550116797871],[-122.229580134551,47.2543456293759],[-122.229535357924,47.253659707379],[-122.229535349758,47.2536595788863],[-122.229468720377,47.252620221094],[-122.229410453908,47.2517633275974],[-122.229923383771,47.2516697951522],[-122.229999788838,47.251655771931],[-122.235145144464,47.2507117937499],[-122.235004100399,47.2503509724548],[-122.235003677623,47.2503510506367],[-122.235003300024,47.2503500838651],[-122.23378996536,47.2505740177566],[-122.23369631308,47.2501566485703],[-122.233695711664,47.250156644958],[-122.233695512721,47.2501557596975],[-122.231901009518,47.2501463425151],[-122.229892184262,47.2501676215493],[-122.229304871468,47.2501738369929],[-122.22930412945,47.2501738445067],[-122.229300562456,47.2501190458873],[-122.229295187299,47.2500367506977],[-122.229291892616,47.2499636940322],[-122.229291431421,47.249955363169],[-122.229276194952,47.2496798756172],[-122.229131987125,47.2470903729179],[-122.229096819969,47.2463856166371],[-122.228705462754,47.2463839383708],[-122.228645016657,47.2463836789597],[-122.227779653418,47.2463799638286],[-122.227506375076,47.2463787886072],[-122.223922075473,47.2463633219961],[-122.223930969795,47.2454286379558],[-122.223942526326,47.2442141294191],[-122.223947804184,47.2436594244605],[-122.223952981617,47.2431153059711],[-122.22395676089,47.2427180672741],[-122.223554195795,47.24271428411],[-122.222869836098,47.2427078542242],[-122.218682948704,47.2426666180381],[-122.218685860097,47.2424280961521],[-122.218693991658,47.241761893667],[-122.218727533618,47.2390137749179],[-122.218748460686,47.2372991284397],[-122.218771799213,47.2353866837935],[-122.218816453186,47.2338645890788],[-122.218851514668,47.2326694277802],[-122.218852577152,47.2326332028342],[-122.218855378724,47.2325377089713],[-122.218860293963,47.2323701553328],[-122.218880384084,47.2316853042362],[-122.218875444518,47.2311458683714],[-122.21887456583,47.2310500106105],[-122.218863937868,47.2298894437611],[-122.218862496759,47.2297319943839],[-122.218861739734,47.2296493868158],[-122.219031174523,47.2296304451929],[-122.219025429284,47.229542079563],[-122.218938054673,47.2280961554861],[-122.218847509124,47.2280952513729],[-122.218846476955,47.2271733518649],[-122.218845915704,47.2266710973273],[-122.218845466717,47.226270468995],[-122.218844454347,47.2253639950384],[-122.218844072755,47.2250234270908],[-122.218843421521,47.2244405860467],[-122.218842397869,47.2235250495843],[-122.218841897369,47.2230780154081],[-122.218841397766,47.2226312605891],[-122.218840873718,47.2221626153272],[-122.218839335544,47.2207872200112],[-122.218836383179,47.2198826797747],[-122.218834023719,47.219160067375],[-122.218832842992,47.2187983643008],[-122.2188316588,47.2184355834888],[-122.218830484355,47.2180757617477],[-122.218827514749,47.2171661425911],[-122.218151840316,47.2171665544361],[-122.217502688291,47.2171669464208],[-122.216838392196,47.2171673435651],[-122.2161721066,47.2171677384231],[-122.215375107424,47.2171682051467],[-122.214568941142,47.2171686716376],[-122.214156227896,47.2171684116362],[-122.213788680212,47.2171694446963],[-122.213554557322,47.2171699239097],[-122.213506975357,47.2171692785188],[-122.213505011363,47.2167552049587],[-122.213502673129,47.2162626510399],[-122.213498171756,47.2153141297853],[-122.21349655099,47.2149725230532],[-122.213494741131,47.2144417807051],[-122.213123903408,47.2140086450044],[-122.213089001371,47.2139677656255],[-122.21305409818,47.2139268862532],[-122.212734982473,47.213554148778],[-122.21173530316,47.213553986848],[-122.210866141258,47.2135538396384],[-122.209153973238,47.2135535296402],[-122.20834919869,47.2135533755498],[-122.208229038508,47.2135533522628],[-122.208226807094,47.2129018797444],[-122.208224249224,47.2121550175879],[-122.208219075124,47.2106445229951],[-122.208216526808,47.2099004482244],[-122.208213727445,47.2090070770833],[-122.208208134094,47.2072220135374],[-122.208205338259,47.2063296553194],[-122.208144979227,47.2063306282427],[-122.20808461895,47.2063316000558],[-122.202903980265,47.2064149149336],[-122.202855260271,47.2027931035331],[-122.20281489955,47.1997923181851],[-122.202813718471,47.1997045372843],[-122.202806511029,47.1991686327192],[-122.204040439889,47.1991481220384],[-122.20417777799,47.1991458386186],[-122.204603423794,47.1991387591435],[-122.203877859437,47.1984148337731],[-122.203273308898,47.19769525179],[-122.203163120771,47.1977193561211],[-122.203090525055,47.1976049455554],[-122.202805982715,47.1976121175967],[-122.202805771235,47.1973780926859],[-122.203244886499,47.1971084604465],[-122.203215407641,47.1970865867071],[-122.203156794808,47.1970430932822],[-122.203075666779,47.196979963605],[-122.203011184613,47.1969278670764],[-122.202913136745,47.1968451393578],[-122.202818270407,47.1967607067089],[-122.202805481097,47.1967489692523],[-122.202747902474,47.19669526022],[-122.202619440164,47.1965685474012],[-122.202497913556,47.1964386955074],[-122.202444789676,47.1963784249661],[-122.202363576951,47.1962815763382],[-122.202286183321,47.196183286029],[-122.202272578705,47.1961653350921],[-122.202245009721,47.1961282233691],[-122.202169554854,47.1960215937557],[-122.202098595528,47.1959135391238],[-122.202061471272,47.1959241137615],[-122.201792060465,47.1954921670983],[-122.202803534692,47.1949622476844],[-122.202803499992,47.1949537348263],[-122.203735695333,47.1949508813632],[-122.206534000565,47.194942271119],[-122.207476388567,47.1949393891063],[-122.207484621413,47.1953857987788],[-122.207485666521,47.1954425515508],[-122.207487964926,47.1955701727776],[-122.207493584216,47.1958822267233],[-122.207499706152,47.1962225913526],[-122.207944247891,47.1962200688665],[-122.2080336607,47.1962198862392],[-122.208073814082,47.1962196823516],[-122.208154247177,47.1962188440392],[-122.208234736619,47.1962185760723],[-122.208234460259,47.1961878753362],[-122.208250550079,47.1961877960221],[-122.208274736866,47.1961876755926],[-122.209511294073,47.19618154061],[-122.209498451935,47.1956610168557],[-122.209492843217,47.1954336785487],[-122.210077889391,47.1954314329153],[-122.210801285414,47.1954286519702],[-122.211916243272,47.1954243572411],[-122.213062373927,47.1954199311097],[-122.213454329562,47.1954184143778],[-122.215795537624,47.1954068081501],[-122.215799505064,47.195924101622],[-122.215804367435,47.1965742264936],[-122.216147326278,47.1964811374596],[-122.216496526872,47.1963862523312],[-122.216895062686,47.1962765605272],[-122.217203678587,47.1961924271227],[-122.21750396318,47.1961106504793],[-122.217807194997,47.1960281491777],[-122.2181280805,47.1959409274777],[-122.218858952005,47.195742528267],[-122.218917339154,47.1957295206807],[-122.218978443139,47.195710734572],[-122.219018270413,47.1956998518513],[-122.219059609059,47.1956885857659],[-122.219477565553,47.1955782905661],[-122.219773131453,47.1955005303399],[-122.220167505448,47.1953965321396],[-122.220179338149,47.1953934032377],[-122.220538654719,47.1952983615733],[-122.22082684382,47.1952217369609],[-122.220920282893,47.1951967932752],[-122.221166818823,47.1951308156261],[-122.221535481363,47.1950315651149],[-122.221832061392,47.1949540822575],[-122.222128520161,47.1948759296462],[-122.222507023937,47.1947751616032],[-122.223327516629,47.1945545956952],[-122.224073213349,47.1943538331827],[-122.224166786161,47.1943278320332],[-122.225982284949,47.193824788413],[-122.225986261063,47.1938334331191],[-122.226245669151,47.1937796802968],[-122.226683063486,47.193690623329],[-122.226873896715,47.1936565518622],[-122.227066465945,47.1936282224749],[-122.22725841914,47.1936092625107],[-122.227450988022,47.193597472024],[-122.227625933247,47.1935930081882],[-122.22842878813,47.1935878614375],[-122.22919183996,47.1935831210905],[-122.229372375131,47.1935821150393],[-122.229596235069,47.1935803576547],[-122.229596291119,47.1935638433181],[-122.229596415374,47.1935245026073],[-122.229551642399,47.1916718469822],[-122.229548078504,47.1915149670648],[-122.229546629657,47.1911786474094],[-122.229428037441,47.1911774979616],[-122.229427627348,47.1910899541744],[-122.229467085947,47.1910914400286],[-122.229466222239,47.1909035985608],[-122.229426713649,47.1909025678679],[-122.22942580837,47.1906876180364],[-122.229465243916,47.1906890592567],[-122.229464206536,47.1904695200886],[-122.229462937371,47.1901946924938],[-122.229462121063,47.1900451643312],[-122.229456467803,47.1890101351675],[-122.229455122589,47.1888730518242],[-122.22945489988,47.1886258244898],[-122.229454850149,47.1885709929498],[-122.22945467273,47.1883750200366],[-122.229454582053,47.1881797802228],[-122.229453711804,47.1878359522027],[-122.229452544959,47.1876852417027],[-122.229450178626,47.1873795414033],[-122.229409306674,47.1873797791822],[-122.229407325826,47.1870362816733],[-122.229400819592,47.1860183113703],[-122.229440507236,47.1860178919129],[-122.229438987032,47.1856166373828],[-122.229398748325,47.1856130093695],[-122.229279684045,47.1806745080646],[-122.240016082888,47.1805345478462],[-122.240020244386,47.1770200459198],[-122.238041916131,47.1770363714578],[-122.237756148025,47.1770387272783],[-122.235834693401,47.1770390315491],[-122.234806171056,47.1733918241754],[-122.236229339205,47.1733969597438],[-122.23628793899,47.1700899200282],[-122.236293730962,47.1694098535738],[-122.236276103371,47.16542959509],[-122.236350486754,47.1654305898556],[-122.237163318906,47.1647982678567],[-122.236826685412,47.1638970124604],[-122.237436844651,47.1616679453707],[-122.236464199407,47.1616515944985],[-122.23378380266,47.1616070011326],[-122.233033564251,47.161610793741],[-122.234837582993,47.1514641260543],[-122.234978326809,47.150702500209],[-122.236210037201,47.1507466454262],[-122.239145542952,47.1507953243669],[-122.239573799672,47.1507767865095],[-122.239891814745,47.1507342374607],[-122.24005978837,47.1506999248042],[-122.240137471319,47.1506743481741],[-122.240402424517,47.150563541818],[-122.24058240084,47.1504579365411],[-122.240768671989,47.1502735551036],[-122.240956935186,47.1500588680245],[-122.241016075774,47.1499671750097],[-122.241092499325,47.149815711783],[-122.241135613481,47.1496859211879],[-122.241152324878,47.1495625895576],[-122.241152425882,47.149473815613],[-122.241137084688,47.1492742878728],[-122.241142505664,47.1491672789104],[-122.241162803668,47.1490640772387],[-122.241196863587,47.1489737779094],[-122.241224804981,47.1489229234929],[-122.241318051866,47.1487883457161],[-122.241360868836,47.1487412991033],[-122.241539531116,47.1485953430993],[-122.241652715676,47.1485290810744],[-122.241750526584,47.1484448685328],[-122.241787475978,47.1483979101544],[-122.241843902289,47.1483143479563],[-122.241951624058,47.1481240734872],[-122.242265581099,47.1474999082344],[-122.242357778966,47.1473330676863],[-122.242494462475,47.1471695886765],[-122.242588814567,47.1470693011422],[-122.242756073257,47.1469376661733],[-122.243284631342,47.146500998267],[-122.243814899494,47.1461186586425],[-122.244030518105,47.1459277680395],[-122.244575086235,47.1453929201239],[-122.244765043951,47.1452326926179],[-122.244880667759,47.145150237423],[-122.244996550954,47.1450758406768],[-122.24532367309,47.1448827159086],[-122.245340263226,47.1436258532974],[-122.245385108227,47.1413863319195],[-122.244729054083,47.1413857602447],[-122.245273706527,47.1400472100276],[-122.245412602697,47.1400485351666],[-122.245413200252,47.1399654109772],[-122.245413584534,47.13990997358],[-122.245418514981,47.1392256423877],[-122.245420360772,47.138969520611],[-122.245421148488,47.1388602160844],[-122.245425841509,47.1382078878738],[-122.246754034267,47.1382203838234],[-122.246755629415,47.1379479955299],[-122.246755865532,47.1379076245539],[-122.246757561032,47.1376180223097],[-122.246759704544,47.1372519473222],[-122.246760440117,47.1371262132065],[-122.246760685498,47.13708429534],[-122.24676146715,47.1369506822983],[-122.246763249034,47.1366462724637],[-122.246763488107,47.1363652172717],[-122.2454392208,47.1363520205494],[-122.245452721368,47.1353758561208],[-122.245463995989,47.1345616587596],[-122.245465138589,47.1344791983526],[-122.245466254496,47.1343986410558],[-122.245477515765,47.13358545695],[-122.245489051898,47.1327522343279],[-122.24549014312,47.1326707569893],[-122.245558300181,47.1292916496931],[-122.245561962276,47.1291100109028],[-122.245564226476,47.1289977865697],[-122.245568115813,47.128675922213],[-122.245572102572,47.1283460854107],[-122.245577796566,47.1278749598664],[-122.245582572428,47.1274796541814],[-122.24558615311,47.1271834795867],[-122.245587306133,47.1270879820067],[-122.245592212733,47.1266819304009],[-122.245596865807,47.1262969572313],[-122.245602341397,47.1258438531252],[-122.245608185815,47.1253601721317],[-122.266568425862,47.125471018011],[-122.266604938603,47.1245508048039],[-122.26662286418,47.1236959022466],[-122.266623114628,47.1236839694828],[-122.26663182088,47.1232687493446],[-122.266649698846,47.1224160822422],[-122.266651053737,47.1223514433491],[-122.266660444809,47.1219035296505],[-122.266677626548,47.1210307899072],[-122.266697034765,47.1201582698023],[-122.266716652256,47.1192225126569],[-122.266735293267,47.1183333626416],[-122.26673485466,47.1177211615324],[-122.267537368861,47.117714294086],[-122.267950987903,47.1177162684201],[-122.268072833903,47.1177227066256],[-122.268195155748,47.1177436679005],[-122.268274586303,47.1177549066178],[-122.268345104357,47.117772508224],[-122.268472701759,47.1178151843179],[-122.268715056656,47.1178799729114],[-122.269067715207,47.1179700572229],[-122.269906986933,47.1182011024013],[-122.27030599052,47.1183133060629],[-122.270575636018,47.1183755968499],[-122.270716332942,47.1184004254507],[-122.270832102376,47.1184069539067],[-122.270973738448,47.1184141235007],[-122.271183658593,47.1184171325665],[-122.2713447444,47.1184146629111],[-122.271618423374,47.1184146181093],[-122.272596222575,47.1184193393048],[-122.273595094065,47.1184175022057],[-122.274184025564,47.1184169896777],[-122.275401367599,47.1184159199291],[-122.277949615948,47.118406048638],[-122.279937774747,47.1183988364638],[-122.28043508529,47.1184025897808],[-122.281000472053,47.118395951173],[-122.282534471775,47.1183920135889],[-122.283194283663,47.1183901344266],[-122.283504365891,47.1183874238042],[-122.285356286382,47.1183878800347],[-122.285869934416,47.1183799413204],[-122.288503377953,47.1183807194379],[-122.289937217077,47.118382384559],[-122.290226022687,47.1183799855297],[-122.291299459537,47.1183799531981],[-122.291748072023,47.1183823381795],[-122.29321831461,47.1183813224905],[-122.29325385522,47.1169487758615],[-122.293257024937,47.1168210350304],[-122.293263460781,47.1159768773627],[-122.293290645254,47.1151241934525],[-122.293309545158,47.1147414142828],[-122.293306432536,47.1142901465342],[-122.293328223295,47.1134560061752],[-122.2933667365,47.1126728847573],[-122.293354483256,47.1125305182411],[-122.293355530821,47.1119756595812],[-122.293381861744,47.1113229769575],[-122.293399398815,47.1111278422743],[-122.293399238447,47.1111160209997],[-122.293398478724,47.1110603377159],[-122.293392119067,47.1105936238315],[-122.29338928157,47.110282915053],[-122.293395199062,47.1092880024173],[-122.293396450978,47.108739292789],[-122.293401990428,47.1075977262809],[-122.293411357648,47.1067514698471],[-122.293413560083,47.1059607055721],[-122.293420128352,47.1051206454984],[-122.293425266681,47.1044180360282],[-122.293426037952,47.103764723669],[-122.293426476051,47.1037319057225],[-122.293435066533,47.1030887191986],[-122.293458819594,47.1017725170119],[-122.293477125043,47.101014320203],[-122.293477321159,47.1010047364559],[-122.293494814283,47.1001474205364],[-122.293498999329,47.0995966130843],[-122.293523916153,47.0985860173637],[-122.293526075165,47.0985860386849],[-122.293775665541,47.0985884643373],[-122.29388262317,47.0985868000007],[-122.293972668863,47.0985722915064],[-122.29407870286,47.0985425357401],[-122.294175606568,47.0984867002319],[-122.294258440542,47.0984198397296],[-122.29445971635,47.0982434122079],[-122.294605542146,47.0981036446192],[-122.294656451582,47.0980548544964],[-122.294656906772,47.0980544736176],[-122.294979515358,47.0977875361612],[-122.295379218916,47.0975134059909],[-122.295598528978,47.0973854036572],[-122.295941016807,47.0972058186219],[-122.296251798828,47.0970642156639],[-122.296555099937,47.0969452163398],[-122.296792649864,47.0968693928649],[-122.297132319883,47.0967704230089],[-122.297575838644,47.0966604562927],[-122.298031103984,47.096572821064],[-122.298380749076,47.0965261560699],[-122.298878301879,47.09647702271],[-122.299070355354,47.0964555737769],[-122.299364130743,47.0964424129891],[-122.3004224451,47.0964186230667],[-122.302047805974,47.0964170772308],[-122.302902545324,47.0964364542214],[-122.304203990701,47.0964821691311],[-122.307281576722,47.0964967425964],[-122.307284187197,47.0964967557712],[-122.307305989491,47.0964967661629],[-122.308949780305,47.0964984031167],[-122.31358542914,47.096511320065],[-122.31488177723,47.0965090276508],[-122.314885166791,47.0970493913389],[-122.314864260762,47.0973704870979],[-122.314860773104,47.0981464870329],[-122.314870713986,47.1019630588888],[-122.314970294909,47.1019848604203],[-122.314926184237,47.1020227151647],[-122.314904453094,47.1020953494941],[-122.314910769222,47.103538808781],[-122.314867197642,47.103906087629],[-122.314883843754,47.1043105956646],[-122.31488297226,47.1051821298044],[-122.314870016061,47.1056056976954],[-122.314868854323,47.105929964987],[-122.31488450055,47.1070222047573],[-122.314909868716,47.1110913284501],[-122.31518658926,47.1110978685446],[-122.316130836679,47.1110983302649],[-122.317337000817,47.1111082669075],[-122.318546543095,47.111108785497],[-122.31978877594,47.1111173056912],[-122.32058734957,47.1111217470055],[-122.321818538002,47.1111295492469],[-122.324416088191,47.1111429647699],[-122.324863631033,47.111150979465],[-122.325444893281,47.1111526838674],[-122.328778343387,47.1111386002913],[-122.330832180851,47.1111391696923],[-122.332862601609,47.1111291580147],[-122.335550653996,47.1111255846791],[-122.33602001842,47.1111172752772],[-122.336392550088,47.111119005272],[-122.338144518472,47.1111106662699],[-122.341344072389,47.1110810182827],[-122.342862354651,47.1110653913933],[-122.346670141651,47.1110308547959],[-122.349023608803,47.1110051096075],[-122.34987148125,47.1109923849256],[-122.350796325947,47.1109716195217],[-122.352032652044,47.1109586874928],[-122.354160870547,47.1109060340854],[-122.354866071685,47.1109020899679],[-122.357547415004,47.1108529701588],[-122.357582903919,47.1118338235073],[-122.357587666138,47.1133900102641],[-122.357583335416,47.1153125281733],[-122.35758570303,47.1159062797291],[-122.357595214385,47.1163391215512],[-122.357586795857,47.1175132613805],[-122.357591753746,47.1180772964486],[-122.357592846342,47.1183185141908],[-122.35757684911,47.1190634829533],[-122.357579577184,47.1192997369064],[-122.35757204685,47.1196066395736],[-122.357566432663,47.120600109037],[-122.357544197107,47.1216359149739],[-122.357552130957,47.1221813626151],[-122.357508973426,47.123094117737],[-122.357475922323,47.1241123257538],[-122.357459873916,47.1251901021002],[-122.357468516935,47.1253520743881],[-122.35743474334,47.1280832024899],[-122.357441323006,47.1285416501581],[-122.357421634022,47.1303419231398],[-122.357422104663,47.1308108617768],[-122.357423997186,47.1339676843613],[-122.357400964685,47.1360973284296],[-122.357391494795,47.1366392429023],[-122.357373164419,47.1386676127396],[-122.357383972024,47.13938247175],[-122.35738341587,47.1398670589484],[-122.357391888292,47.140966046165],[-122.357386883473,47.1425770332348],[-122.357377959606,47.1436739404045],[-122.357359294825,47.1443372734952],[-122.357358977898,47.1452887704035],[-122.357353740577,47.1459812874875],[-122.357316333268,47.1469250142967],[-122.357311619636,47.1475209309038],[-122.357244741381,47.1492238772503],[-122.357217919988,47.1507258938312],[-122.357211700422,47.1527106446735],[-122.357190928866,47.1532490606017],[-122.357163508659,47.1543914573949],[-122.357182135346,47.1556507136183],[-122.357198882257,47.1562708562905],[-122.357187328989,47.1568480665936],[-122.35716476625,47.1573532986445],[-122.357172117647,47.1579994263475],[-122.356710350983,47.1579834486567],[-122.355986998488,47.1579511828852],[-122.355100417785,47.1579215314753],[-122.35176153979,47.1577844521684],[-122.349656056192,47.1576916430604],[-122.347709305229,47.1576113705545],[-122.346851267462,47.1575918136679],[-122.346047842279,47.1575819093802],[-122.344888526738,47.1575983574661],[-122.343448021538,47.1576598392885],[-122.338146274035,47.1578213970936],[-122.336067959421,47.1578781708759],[-122.334353408552,47.1579424646886],[-122.328115476543,47.1581428200477],[-122.328116252991,47.1583987091395],[-122.328111742428,47.1621086246621],[-122.328167795554,47.1651526090567],[-122.328169885705,47.1656577406667],[-122.328208096509,47.1684754812227],[-122.328208105603,47.1684762692675],[-122.32822163179,47.1698713741845],[-122.328996140605,47.1698748436447],[-122.330904216972,47.1698833720898],[-122.330929824096,47.1722006904089],[-122.330966993465,47.176174579654],[-122.328227687421,47.1761727170111],[-122.328230093481,47.1752497822519],[-122.325505451138,47.1752447719235],[-122.325509048544,47.1755604557424],[-122.325539159883,47.176041092231],[-122.325564273721,47.1762038724976],[-122.325601940726,47.1763656052646],[-122.325652137678,47.1765256033511],[-122.32571381508,47.1766836935306],[-122.325788003756,47.176839528498],[-122.325873630485,47.1769922486807],[-122.325982316913,47.1771583450639],[-122.326245244132,47.1775847882935],[-122.327016534305,47.1788551496785],[-122.327208713469,47.1791604503762],[-122.327364549259,47.1794508289028],[-122.327427535718,47.179635389144],[-122.327459705467,47.179773594893],[-122.327465351118,47.1800841172784],[-122.32745787242,47.1802049045425],[-122.327438871869,47.1803251876713],[-122.327388858963,47.1804963395908],[-122.327332033534,47.1806292048405],[-122.329198318954,47.1806312991365],[-122.329835669065,47.1806267858957],[-122.330969536876,47.1806422731906],[-122.331916193736,47.1806514389593],[-122.334392678159,47.1806930121262],[-122.334978047011,47.1806810321335],[-122.335482593742,47.1806859007597],[-122.335964222177,47.1806608425402],[-122.336214439829,47.1806557185009],[-122.336355586477,47.1806404789385],[-122.33633906014,47.1824873857615],[-122.336341130478,47.1843005102874],[-122.336352215317,47.1857404050956],[-122.336383890652,47.1862472858345],[-122.336378800204,47.186552850731],[-122.336400169195,47.187893358694],[-122.336436758975,47.191403544539],[-122.335933706857,47.1914673378411],[-122.336156333803,47.1917236525114],[-122.332560517403,47.1952322418141],[-122.332146963056,47.1956588812981],[-122.332067518648,47.1955968982685],[-122.332002946285,47.1955321017934],[-122.331954669476,47.1954732177911],[-122.331888297304,47.1954146197282],[-122.3318348528,47.1953811852131],[-122.331729693181,47.1953355427631],[-122.331594584603,47.1952965451334],[-122.331216073724,47.1951990088862],[-122.331083582988,47.1951777949209],[-122.331005098328,47.1951769801695],[-122.330891682563,47.1951842598918],[-122.330685075047,47.1952314084623],[-122.330347724872,47.1953382163312],[-122.33024859114,47.1953809213836],[-122.330014040941,47.1954641626562],[-122.329866440402,47.1955309453626],[-122.329737357201,47.1955802941482],[-122.329439538667,47.1956665913264],[-122.329322777819,47.195693805169],[-122.329146586096,47.1957185304025],[-122.329014701515,47.1957151304274],[-122.328876127736,47.1957221202372],[-122.328792569029,47.1957200129522],[-122.328756120643,47.1957130473138],[-122.328693067407,47.1956927899035],[-122.328529837192,47.195625437438],[-122.328423348253,47.1955702144482],[-122.328246978323,47.1955010113035],[-122.328116245965,47.1954427433285],[-122.327877617801,47.1953765809884],[-122.327825600577,47.1953554634229],[-122.327787727834,47.1953361789504],[-122.327678670812,47.1952645411457],[-122.327573377499,47.19518530232],[-122.32746675779,47.1950670033068],[-122.327261690365,47.194745262368],[-122.327198779895,47.1946711670147],[-122.32614953916,47.1953184970916],[-122.325843284807,47.1955024396514],[-122.32631098249,47.1956625666836],[-122.326304105252,47.1962784659323],[-122.326396112253,47.1962947295591],[-122.32669491764,47.1962964563548],[-122.32669980373,47.1982268449488],[-122.335781651434,47.1998349625812],[-122.335755095107,47.2025835412813],[-122.33653361273,47.2025786199923],[-122.336540375206,47.2036373730352],[-122.337874267637,47.2036322658038],[-122.337884090177,47.2061483092501],[-122.33689047397,47.2061323546403],[-122.336556088322,47.2061321221621],[-122.334812238318,47.206148321473],[-122.333386760444,47.2061519361591],[-122.330644460373,47.2061779349713],[-122.32873965444,47.2061875102267],[-122.328824722446,47.2025792759925],[-122.326887883515,47.202580132816],[-122.326210169361,47.2025781422146],[-122.325656030652,47.2025806608926],[-122.325713895271,47.204641873334],[-122.324793473217,47.2044837544942],[-122.324794794748,47.2045084424993],[-122.32320891938,47.2044846793752],[-122.32324622756,47.2055132464491],[-122.321697071108,47.2055514106609],[-122.321732386398,47.2056957376885],[-122.321756203836,47.206032709664],[-122.321769348209,47.2064204758203],[-122.321751351879,47.2066387005493],[-122.321756217629,47.2067679841236],[-122.321770603687,47.207218504165],[-122.321751317641,47.2072111023448],[-122.321743511569,47.2071957027666],[-122.321695324223,47.2071987926612],[-122.321674696108,47.2071921515895],[-122.321646738285,47.2071901234864],[-122.321613209226,47.2071721400976],[-122.321561434228,47.2071667297354],[-122.321549492124,47.2071705920227],[-122.321464298136,47.20715043172],[-122.321403027968,47.2071237254385],[-122.321378955206,47.2071258866253],[-122.321324120281,47.2071026436377],[-122.321284387399,47.2070725811051],[-122.321182475822,47.2070555089548],[-122.321140469509,47.2070272098856],[-122.321121882064,47.2070214416073],[-122.321097666301,47.207019381636],[-122.321069343443,47.2070243800483],[-122.321024754754,47.207005390732],[-122.321012354807,47.206995741059],[-122.320949742168,47.2069768984838],[-122.320917050675,47.2069527309646],[-122.320853413672,47.2069369214096],[-122.320829275956,47.2069371635262],[-122.320792415206,47.2069182181732],[-122.320719383675,47.2069006909519],[-122.320690145419,47.2068822555785],[-122.320677874663,47.2068680777229],[-122.320559633172,47.2068179964811],[-122.320474585502,47.2068021393319],[-122.320468353806,47.2068022922114],[-122.320477961073,47.207179774102],[-122.320487004512,47.2075346674259],[-122.320492266467,47.2077410630806],[-122.320546214406,47.209857482015],[-122.320534020585,47.2124306501618],[-122.32054187596,47.2136057673863],[-122.320512083802,47.2162880274021],[-122.320517233474,47.2171730092948],[-122.320535312678,47.2178111344766],[-122.320531164235,47.2182126077668],[-122.320532441509,47.2183061161176],[-122.320532435384,47.218307147091],[-122.32054315108,47.2190902420563],[-122.320571032169,47.2198323418554],[-122.32059252998,47.2204037984175],[-122.320612074793,47.2205529255626],[-122.320627667624,47.2207707853579],[-122.32062648812,47.2209046612113],[-122.320600148117,47.2242451245241],[-122.32059380714,47.2245980889116],[-122.320549620731,47.2259041195414],[-122.320518563207,47.2267244533345],[-122.320475124683,47.2273612118136],[-122.320444114661,47.2281782531941],[-122.320442294142,47.2282896786562],[-122.320455636281,47.2283946952604],[-122.320495464986,47.228534041744],[-122.320554405744,47.2286635717713],[-122.320598044575,47.2287347639074],[-122.320714004838,47.2288776851476],[-122.320786293822,47.2289484546157],[-122.321100075696,47.2292144148744],[-122.321224164333,47.2293286309922],[-122.321369486642,47.229492041735],[-122.321781727421,47.2299816578703],[-122.321872258211,47.2300749842059],[-122.322051602537,47.2302311943931],[-122.322130452049,47.2302899300256],[-122.322323582212,47.230419266584],[-122.322699981913,47.2306566200823],[-122.322848775434,47.2307571188142],[-122.322987476279,47.2308687168571],[-122.323136816582,47.2310268241642],[-122.323744260591,47.2317271582731],[-122.323837503503,47.231838512615],[-122.323890567064,47.2319190986662],[-122.32392363745,47.2319871385623],[-122.323946042763,47.2320505735666],[-122.323959089038,47.2321051342908],[-122.323970500681,47.2322349174345],[-122.3239547581,47.2323475492125],[-122.323890699984,47.232582321526],[-122.323872018991,47.2326902283144],[-122.323859933694,47.2328489572293],[-122.32386148276,47.2329360592399],[-122.323887637871,47.2331431109204],[-122.323966657811,47.2335351278696],[-122.323984060445,47.2336776782027],[-122.323987984202,47.2338347299211],[-122.323973760129,47.2339920932963],[-122.323957822739,47.2340907146193],[-122.323887879084,47.2344474527071],[-122.323867738204,47.23458475334],[-122.323868812907,47.2350694024406],[-122.323875431083,47.2351397772853],[-122.323895662715,47.2352422997611],[-122.323936104092,47.2353660858159],[-122.323979958489,47.2354599798577],[-122.324050857995,47.2355712197405],[-122.32453190999,47.2361511745311],[-122.324643202521,47.2363408132302],[-122.324877583086,47.236777989437],[-122.324930960023,47.2368676205212],[-122.325011504388,47.2369758557044],[-122.325104226268,47.2370715298075],[-122.325134800889,47.2370973141234],[-122.325153274769,47.2371155125221],[-122.325229457786,47.2371771402409],[-122.325403911783,47.2372915192612],[-122.325520566199,47.2373496835452],[-122.325591748243,47.237379968184],[-122.325627012732,47.2373965733626],[-122.325649182007,47.2374044033373],[-122.325673779097,47.2374148680543],[-122.325941725624,47.2375077248873],[-122.326105631036,47.2375746873347],[-122.326263355047,47.2376493432446],[-122.326466688969,47.2377713575096],[-122.327196027008,47.2382335721988],[-122.327297071866,47.2383062421226],[-122.327416453835,47.2384243382517],[-122.327509862601,47.238581430419],[-122.327535011361,47.2386424360377],[-122.327554221899,47.2387135451626],[-122.327567067198,47.2387833566647],[-122.327573676774,47.2389160660861],[-122.327568390874,47.2390529962298],[-122.328844301305,47.2390506226981],[-122.328808006768,47.2427197960811],[-122.330924569272,47.2426656466934],[-122.330946877851,47.2443582907835],[-122.333584628615,47.243456427991],[-122.334223755224,47.2432421785094],[-122.334704178518,47.2431017118104],[-122.335133688261,47.2429946409803],[-122.335733359683,47.2428487018528],[-122.335848358776,47.2432382754009],[-122.335952303935,47.2435730121247],[-122.336053359461,47.2438927104699],[-122.336367378485,47.2448827327911],[-122.336404359241,47.2449537232635],[-122.336551085261,47.2450460093437],[-122.336669376368,47.2449616139932],[-122.337318068743,47.2453216046478],[-122.337122650584,47.2454932121376],[-122.336972115135,47.2456375745422],[-122.336829690899,47.2457857025759],[-122.336610883103,47.2460406552198],[-122.336460313071,47.2462413840614],[-122.336281591678,47.2462357710808],[-122.336248070962,47.2467300456149],[-122.336244868898,47.2481110077522],[-122.336216132748,47.2499913818369],[-122.336210566849,47.2511901747837],[-122.336210884501,47.2517600952374],[-122.338945844163,47.251773966094],[-122.33893736978,47.2521204114174],[-122.3388476098,47.2529230844742],[-122.338838397845,47.2535244202143],[-122.338861504772,47.253598153082],[-122.338821904462,47.2535979584955],[-122.338870610369,47.2538228580699],[-122.33890600066,47.2539341856632],[-122.338779745072,47.2539347088764],[-122.338749104573,47.2569742960168],[-122.340066385843,47.2569970925513],[-122.340074375142,47.2573735788063],[-122.340097213048,47.2573735453814],[-122.340151653335,47.2585564641084],[-122.340255128401,47.261068858042],[-122.340117332679,47.264611723562],[-122.336837847719,47.2645813305093],[-122.335850421297,47.2638803410277],[-122.334796424166,47.2631320496675],[-122.334924573453,47.2609940268514],[-122.334864834308,47.257595941205],[-122.33486106245,47.2573806686523],[-122.33090169268,47.2573837530382],[-122.330313081848,47.2573759971688],[-122.329777546394,47.2573689364917],[-122.327403278576,47.2573376096584],[-122.32580993169,47.2573165537341],[-122.317601174856,47.2572993153283],[-122.314233783931,47.2572900719754],[-122.30911455533,47.2572859461409],[-122.30403416009,47.2572815915618],[-122.298269027771,47.2572468129613],[-122.294559715055,47.257224151547],[-122.293747966242,47.2572201057509],[-122.288343387753,47.2572606422874],[-122.282870255598,47.2573146522213],[-122.277428387108,47.2573239087384],[-122.2721164884,47.2573300440931],[-122.271962951747,47.2573302189908],[-122.26900340965,47.2573342625085],[-122.268442336049,47.2573350210153],[-122.267881262395,47.2573357757085],[-122.266603856966,47.2573374874478],[-122.262652999016,47.2573426857944],[-122.262422906795,47.2573429837403],[-122.262292051755,47.2573431533909],[-122.262257047237,47.2573431983392],[-122.262213047739,47.2573432558884],[-122.262161196723,47.2573433231678],[-122.262134891587,47.2573433572262],[-122.262126403625,47.2573433665058],[-122.261995761686,47.2573435364192],[-122.261238001107,47.257344513711],[-122.261219235486,47.2573446290046],[-122.260287230871,47.2573503805361],[-122.259657632371,47.2573542611826],[-122.259612512669,47.2573545390647],[-122.259051953846,47.2573579918161],[-122.258782795757,47.25735964855],[-122.258725250872,47.2573600023039],[-122.258370914741,47.2573621820564],[-122.258299887547,47.2573626187692],[-122.255872292354,47.2573775220845],[-122.250512219582,47.2574102479664],[-122.248566737411,47.2574194104413],[-122.246603688666,47.2574286230171],[-122.24640233456,47.2574295661899],[-122.246200982032,47.2574305081662],[-122.245090934579,47.257435699041],[-122.244970092682,47.2574362634683],[-122.244849284199,47.2574368272661],[-122.244241391615,47.2574396644954],[-122.244015298276,47.2574407187992],[-122.243826613081,47.2574415981122],[-122.243637926664,47.257442476862],[-122.240690632454,47.2574561700373],[-122.239800037864,47.2574602930821],[-122.239729886576,47.2574606342247],[-122.238759806925,47.2574653421577],[-122.234799734009,47.2574844775385],[-122.234514431419,47.2574858509894],[-122.234031526104,47.2574880749815],[-122.229786743782,47.2575075298608],[-122.229668850636,47.2557000058236]]],[[[-122.229083844355,47.2575092767959],[-122.2289991162,47.2575091426217],[-122.22978244813,47.2575075490327],[-122.229586261773,47.2575084505211],[-122.229386956376,47.2575093595756],[-122.229322725586,47.257509652645],[-122.229306131787,47.2575096266856],[-122.229205394736,47.2575094678412],[-122.229201756457,47.2575094620957],[-122.229083844355,47.2575092767959]]]]},"properties":{"OBJECTID":5,"District_Number":2,"Maplabel":"District #2","Council_Member":"Paul Herrera","Phone":"798-2222","Email":"paul.herrera@piercecountywa.gov","council_homepage":"http://www.co.pierce.wa.us/index.aspx?NID=1375","Address":"930 Tacoma Ave. S., Room 1046 Tacoma, WA 98402"}},{"type":"Feature","id":6,"geometry":{"type":"Polygon","coordinates":[[[-122.2238958267,47.2575009808902],[-122.222966064813,47.2575026946836],[-122.222965975066,47.2575026971154],[-122.222697081869,47.2575031918863],[-122.222493663101,47.2575035653192],[-122.222453059266,47.2575036400908],[-122.222350752169,47.2575038279834],[-122.222248625895,47.2575040147426],[-122.222207797317,47.2575040900274],[-122.222206228501,47.2575040927842],[-122.221947142856,47.257504566971],[-122.221541476598,47.2575053096184],[-122.221159790368,47.2575060060722],[-122.221159711027,47.2575060064284],[-122.22096398324,47.2575063629945],[-122.220508326395,47.2575071925811],[-122.220018738063,47.2575080816006],[-122.219365973894,47.2575092645372],[-122.219325823161,47.2575093369721],[-122.219304007602,47.2575093763887],[-122.219229681728,47.2575095106701],[-122.217872368866,47.2575097314076],[-122.217850265848,47.2575097120146],[-122.217728905082,47.2575096052422],[-122.217728847045,47.2575096041832],[-122.217681956696,47.2575095634589],[-122.217681763707,47.2575095619329],[-122.216144150212,47.2575081975913],[-122.213459780579,47.2575057309681],[-122.212490849978,47.2575007253435],[-122.21160043702,47.2574961151498],[-122.209653472933,47.2574860356183],[-122.208316888361,47.2574790718737],[-122.202814203704,47.2574757108037],[-122.197464880766,47.2574534425767],[-122.192082377208,47.2574337153512],[-122.186822735762,47.2574754334294],[-122.181379721503,47.25752678518],[-122.176098414485,47.2575339145504],[-122.174588578151,47.2575351839568],[-122.160289032979,47.2575455755579],[-122.154847650839,47.2575216163163],[-122.151232385136,47.2574835073411],[-122.149476408431,47.2574649497784],[-122.143968120635,47.2573794586955],[-122.143798973109,47.2573802405906],[-122.143729545683,47.2572649278255],[-122.143618212954,47.257099065027],[-122.143583416751,47.2570597692574],[-122.143508154201,47.256974839627],[-122.143278395937,47.2567876779774],[-122.143079345807,47.256683882339],[-122.142887539179,47.2566180468682],[-122.142537276125,47.2565087170605],[-122.142039265856,47.2563253561298],[-122.141463971302,47.2561658758043],[-122.14106824694,47.2560343705889],[-122.140768012123,47.2559130015408],[-122.140547757788,47.2558400229218],[-122.140165176117,47.2555940045036],[-122.139999368332,47.2554745140518],[-122.139633996187,47.2550493180436],[-122.139370304643,47.2548396482736],[-122.139083063138,47.2546000098648],[-122.138855790836,47.2544776026838],[-122.138589960656,47.254378529144],[-122.138234556224,47.2542807221655],[-122.137709909344,47.254147244132],[-122.13715802773,47.2540292587429],[-122.136804527166,47.2539924352469],[-122.136289517252,47.2539767318343],[-122.13575163765,47.2539387527136],[-122.135574330314,47.2538193913093],[-122.135481388789,47.2537101636768],[-122.135364687842,47.2535481264098],[-122.135102636425,47.2532090447996],[-122.134822260251,47.2528129633978],[-122.134696396177,47.2525482484975],[-122.134610260727,47.2522827802911],[-122.134591888883,47.252043093468],[-122.134609393798,47.2518904594655],[-122.134700471022,47.2517560105639],[-122.134868476819,47.2515860334188],[-122.134995168757,47.2515155243909],[-122.135129395966,47.2514253557888],[-122.13530476738,47.2512830255321],[-122.135629308564,47.2509634134484],[-122.135795071497,47.250786089853],[-122.135931927748,47.2506355549966],[-122.136078856709,47.2504507901378],[-122.136156844913,47.2503826681712],[-122.136246626559,47.2502892054098],[-122.136390850125,47.2501822767963],[-122.136553176453,47.2500416636196],[-122.136695909732,47.2498845453111],[-122.136755480221,47.2498081001903],[-122.13696526294,47.2494236331376],[-122.13715360152,47.2491443324533],[-122.137426822344,47.2488091791367],[-122.137712205553,47.2484781302011],[-122.137843748919,47.2483504829219],[-122.13810392862,47.2480514900336],[-122.138318091511,47.2478613022188],[-122.138452810397,47.2476886905765],[-122.138537930826,47.2474598797634],[-122.138257359362,47.2470255810561],[-122.138110293955,47.2468739304012],[-122.137964930496,47.2467621830046],[-122.13775262519,47.2466513820686],[-122.1376581409,47.246573192997],[-122.137538805128,47.246489541101],[-122.137233398588,47.2463457765518],[-122.136888127749,47.2462483434312],[-122.136166183252,47.2458658813725],[-122.135953748011,47.2457492383114],[-122.135705467978,47.2455636938343],[-122.135542476518,47.2453528128369],[-122.135435853185,47.2451561629169],[-122.13536078302,47.2449059778308],[-122.135275121802,47.2446557497228],[-122.135142366836,47.2443453640545],[-122.134929478168,47.2439675251432],[-122.134836035258,47.2438240248995],[-122.134707221201,47.2436429627189],[-122.134590360912,47.2434590162923],[-122.134374013852,47.243247816958],[-122.134219164063,47.2431215006135],[-122.13415879342,47.2430722517595],[-122.133821457589,47.2428866154136],[-122.133502997037,47.2427601653529],[-122.133186026887,47.2426813266765],[-122.132659595613,47.2426174508528],[-122.132490027832,47.2426028661874],[-122.132295778177,47.2426056042762],[-122.131970836189,47.2425956232855],[-122.131601809576,47.2426270379097],[-122.131348778974,47.2426645524884],[-122.130981320737,47.2427304139914],[-122.130742903044,47.2427863679368],[-122.130567235882,47.2428520778256],[-122.130321929391,47.2429292429614],[-122.129946125269,47.2430346256257],[-122.129592144993,47.2430975507037],[-122.129199286495,47.2431558664706],[-122.129014291471,47.2431637616523],[-122.128789253953,47.2431458661254],[-122.128292139947,47.2430860008594],[-122.128021449106,47.2430060032807],[-122.127738704087,47.2429108998881],[-122.127442312973,47.2427322120631],[-122.127154788765,47.2424619996539],[-122.126886598736,47.2421001976636],[-122.126674320374,47.2417376105236],[-122.126566083886,47.2414876934214],[-122.126591124079,47.2412016263982],[-122.126578369548,47.2411128740105],[-122.126408992491,47.2408211468526],[-122.126175416719,47.2405714539499],[-122.125880956559,47.2402883372547],[-122.125557339474,47.2400568823783],[-122.125378565144,47.2399532942551],[-122.125168262663,47.2398057507043],[-122.125044417803,47.2397050106797],[-122.12491374322,47.2395289264209],[-122.12465947517,47.23925895479],[-122.124423567222,47.2390980850333],[-122.124171649294,47.2389067343457],[-122.123869530173,47.2387022241964],[-122.123634371763,47.238565323362],[-122.123287747184,47.2383539438994],[-122.123173915775,47.2382845280807],[-122.122829602363,47.2380329537547],[-122.122486100998,47.2377914793825],[-122.12219857815,47.2375869241628],[-122.122047283678,47.2374601568147],[-122.121960558973,47.2373549395304],[-122.121778410987,47.2371730744616],[-122.121507857623,47.2368469346224],[-122.121296262575,47.2365731020309],[-122.121133101929,47.2363865142209],[-122.120976976321,47.2363496219524],[-122.120728030474,47.2362555838527],[-122.120386667729,47.2361510141971],[-122.119942061984,47.2360441165359],[-122.119478971424,47.235874920259],[-122.119188575888,47.2357579797106],[-122.118810309106,47.2355642827488],[-122.118623548062,47.2354458911036],[-122.118431576963,47.2353549953383],[-122.11825191116,47.235271640972],[-122.118092152063,47.2351139648542],[-122.117948938543,47.2349207527402],[-122.117752620901,47.2346854330457],[-122.11761011489,47.234515689803],[-122.117335816142,47.2343479609082],[-122.117072727862,47.2341680741676],[-122.116868135408,47.2340422181092],[-122.116635961863,47.2339362828715],[-122.116438929899,47.233860878885],[-122.116249317285,47.2337644629705],[-122.116126288325,47.2335726808045],[-122.115938145929,47.2332239551922],[-122.115804526037,47.2329644480642],[-122.115703583484,47.2326535822546],[-122.115650417795,47.2324085490658],[-122.115540487899,47.2321836775164],[-122.115461583132,47.2320365242226],[-122.115318035764,47.231831658956],[-122.115167990274,47.2316114573318],[-122.115065038978,47.2314176800145],[-122.115025238966,47.2313384139026],[-122.114984210279,47.2312566675428],[-122.115000426247,47.2311767478643],[-122.115033778697,47.2309637573285],[-122.11510469053,47.2306777433572],[-122.115150398133,47.2304237967376],[-122.115208643758,47.2301516670362],[-122.115227867473,47.2299207114831],[-122.115232952579,47.2298827960326],[-122.115259502113,47.2296847739374],[-122.115269633008,47.2295356989929],[-122.115268438597,47.2295276534215],[-122.115236177789,47.2293100962693],[-122.11517724375,47.2291073055867],[-122.115098460534,47.228913877409],[-122.114979444358,47.2287211839728],[-122.114868417991,47.2285599069786],[-122.114624326309,47.2283914052468],[-122.114378610586,47.2281687677163],[-122.114227031139,47.2279808074112],[-122.114114790406,47.2277789318781],[-122.113875768994,47.2273435038626],[-122.113706137101,47.2270066828637],[-122.113620691257,47.2268088903432],[-122.11357006852,47.22666476928],[-122.113390486144,47.2264321231056],[-122.113306168574,47.2262886442458],[-122.113230519965,47.2261992030388],[-122.113173772154,47.2260688820015],[-122.113109164542,47.2259114162349],[-122.113070402389,47.2257265113335],[-122.113077507778,47.2255274255037],[-122.113106090106,47.2253732909791],[-122.113141071952,47.2252144375085],[-122.113195225509,47.2250237817017],[-122.113224619931,47.2248967128702],[-122.113312595188,47.2247767144176],[-122.113423137395,47.2246541708279],[-122.113530057068,47.2244446122041],[-122.11365960293,47.224117162808],[-122.113782746041,47.2237944286546],[-122.11383448932,47.2235403914657],[-122.113920202799,47.2232949657545],[-122.113934569534,47.2231681187433],[-122.11391081293,47.2229829901887],[-122.113836138853,47.222708105306],[-122.113792761668,47.2225866732818],[-122.113793031589,47.2225740701926],[-122.113795477493,47.2224599760595],[-122.11380004688,47.2224540768247],[-122.114057540642,47.2221216023852],[-122.114118766645,47.2219488356563],[-122.114107592297,47.2217952604324],[-122.113957979299,47.2214536859228],[-122.113847084014,47.2212968665062],[-122.113673172941,47.2210213070335],[-122.113588950082,47.2208934303639],[-122.11349767444,47.2207183199036],[-122.113358929173,47.2205212752578],[-122.113298694561,47.220291407742],[-122.113244416697,47.2200253149379],[-122.113237359434,47.2197902635078],[-122.113262271087,47.2195139898595],[-122.113332909595,47.2192190619144],[-122.113394134646,47.2190462962058],[-122.113435453537,47.2188647301829],[-122.113436717851,47.2186883576825],[-122.113337460193,47.2182646897962],[-122.113280428105,47.218125299988],[-122.113196685017,47.2179998012356],[-122.113116547472,47.2177611350279],[-122.113048972955,47.2172691541474],[-122.113044494201,47.2169027941842],[-122.112948091469,47.216574023319],[-122.112901966849,47.2163621407913],[-122.112874773613,47.2161091886624],[-122.112911130498,47.2157784308866],[-122.113048903136,47.2154246501534],[-122.113163804709,47.215179151105],[-122.113220865947,47.2150354018508],[-122.113312290251,47.2148793533193],[-122.113359054695,47.2146942843612],[-122.113485285319,47.2145259590083],[-122.11354914026,47.2143404591886],[-122.113561901035,47.2141796939043],[-122.113554755905,47.213941736396],[-122.113540752488,47.2137514808587],[-122.113499596237,47.213561658947],[-122.113451525541,47.2134015770824],[-122.113356247293,47.2132280856501],[-122.112963045906,47.2128311374451],[-122.112698999825,47.2126502068062],[-122.112374069578,47.2124828481737],[-122.112063917306,47.2123908329579],[-122.111624348496,47.2122776648502],[-122.111397849448,47.2122400417248],[-122.110678733681,47.2121641631021],[-122.110351203109,47.2120964066626],[-122.109929425061,47.2119710020321],[-122.109103944072,47.2116705206718],[-122.10886246735,47.2115693422576],[-122.108523260816,47.2113613667475],[-122.108251884582,47.2111700799983],[-122.107769864635,47.2107121268973],[-122.107586716248,47.2105090280852],[-122.107430249053,47.2103233280654],[-122.107305379497,47.2101512848459],[-122.107238893728,47.2100138874674],[-122.107171665225,47.2098516562106],[-122.107123592333,47.2096396334988],[-122.107123800903,47.2094622328033],[-122.107158077388,47.2090433956077],[-122.107202322099,47.208791013755],[-122.10722274016,47.2085990996805],[-122.107198585704,47.2083121829096],[-122.107174983968,47.2082132670017],[-122.107160568918,47.207915602066],[-122.107091290695,47.2076860480936],[-122.106884216798,47.2072031848446],[-122.106806557786,47.2070445259391],[-122.106715263579,47.2069359379637],[-122.10655494929,47.2068068632189],[-122.10620922831,47.2065492815432],[-122.105863560694,47.2063094946491],[-122.105597136068,47.2060969084492],[-122.105389765687,47.2059402121251],[-122.105244747368,47.2058003113643],[-122.105100886735,47.2056816467151],[-122.104877452327,47.2055111047048],[-122.104658176722,47.2053261353664],[-122.10447632353,47.2051478586918],[-122.104352640602,47.2050148449639],[-122.10429882703,47.2049658738416],[-122.103688673565,47.2042226181367],[-122.103617810087,47.2041065329985],[-122.103566732677,47.2039617357117],[-122.10341443096,47.2035773498891],[-122.103331512684,47.2034119061151],[-122.103236152554,47.2031827111289],[-122.103179273723,47.2030133135486],[-122.103158311511,47.2028326132513],[-122.103163292753,47.2026623589164],[-122.103152240296,47.2024604343078],[-122.103245354742,47.2019237143839],[-122.103247941245,47.201824271038],[-122.10329055306,47.2016853607877],[-122.103312996305,47.2015609620966],[-122.103282626794,47.2014196340482],[-122.103227694128,47.2013316276384],[-122.103136358927,47.2012372426843],[-122.102954943142,47.2010729974641],[-122.102763422771,47.200940922537],[-122.102541493076,47.2008199356203],[-122.102393515349,47.2007474226207],[-122.102151992763,47.2006763683655],[-122.101957833687,47.2006257745546],[-122.101583692718,47.200468253705],[-122.101473410542,47.2004197614601],[-122.101146599513,47.200289583369],[-122.100946929775,47.2002213753599],[-122.100684711964,47.200147012851],[-122.100334075541,47.2000773273361],[-122.100104421109,47.2000492963989],[-122.099903884988,47.1999708430327],[-122.09972033286,47.1999195501349],[-122.099524398263,47.1998766820889],[-122.099358504168,47.1998292571264],[-122.099235486592,47.1997853812929],[-122.09912456267,47.1997246914933],[-122.098940322665,47.1996691289325],[-122.098566143768,47.1995666647196],[-122.098234635372,47.1994634451455],[-122.098020109772,47.1994041852051],[-122.097763490189,47.1993662662284],[-122.097507240403,47.1993408178346],[-122.097300515556,47.1993395582254],[-122.096848988861,47.1992918222366],[-122.096586423037,47.199258232976],[-122.096378463137,47.1992153607728],[-122.096261359236,47.1991672591279],[-122.096156600514,47.1991107874031],[-122.09604474688,47.1990376035822],[-122.095926046876,47.1989357199316],[-122.095794417208,47.1988048638299],[-122.095687442273,47.1986736952876],[-122.095360874992,47.1983299291794],[-122.095182357838,47.1980588490396],[-122.095131003892,47.1979051118286],[-122.095058089725,47.1977529063714],[-122.094963234704,47.1976110940522],[-122.094940036503,47.1976062314679],[-122.09493009359,47.1975965511776],[-122.094886875765,47.1975800625097],[-122.094845903751,47.1975538352197],[-122.094780632671,47.197522210921],[-122.094744048466,47.197509607344],[-122.094707190227,47.1974877660674],[-122.094682981027,47.1974854394358],[-122.094656896452,47.1974741722299],[-122.094622501362,47.197441738127],[-122.094507723195,47.1973714999677],[-122.094417856715,47.1973001228937],[-122.094386092542,47.1972804597137],[-122.094356049938,47.1972374363219],[-122.094336245014,47.1972235588024],[-122.094313592048,47.1971909636384],[-122.094287795772,47.19718394263],[-122.094268860819,47.1971586729473],[-122.09424629474,47.1971425302204],[-122.094229392076,47.1971098558117],[-122.094200403787,47.1970860957693],[-122.094194753618,47.1970691989362],[-122.094182283807,47.1970611439171],[-122.09417463407,47.1970365691148],[-122.094154193986,47.1970039426091],[-122.094119330488,47.1968784159597],[-122.094085232562,47.1968655028758],[-122.094060440127,47.1968489248729],[-122.093987177898,47.1967635248038],[-122.093741933299,47.1965646057008],[-122.093591106133,47.1964643688131],[-122.093489757065,47.1963706353762],[-122.093370611399,47.1961854718567],[-122.093299282339,47.1960526036559],[-122.093225212991,47.1956412405287],[-122.093151687909,47.1954341967658],[-122.093053073292,47.1952452949372],[-122.092874329471,47.1949658229927],[-122.092713130968,47.1947705976725],[-122.092565229682,47.1946493961862],[-122.092433617515,47.1945701459803],[-122.092213117429,47.1944603901903],[-122.092008845497,47.1943714996209],[-122.091867724161,47.1943107254495],[-122.091658822854,47.1942529399766],[-122.091324618078,47.1941413198993],[-122.090912512429,47.1940306044093],[-122.090658599696,47.1939988023771],[-122.090341874519,47.1939680005655],[-122.089895415208,47.1939035227993],[-122.089454628506,47.1938607390552],[-122.088924028103,47.1937737750255],[-122.08870537479,47.1937424994303],[-122.088214228768,47.1937149639416],[-122.087795245504,47.193729270675],[-122.087636652223,47.1937400300203],[-122.087347716715,47.1937469012018],[-122.087116799002,47.1937444199328],[-122.086903260681,47.1937500911918],[-122.0864162001,47.1937082596554],[-122.086096444145,47.1936754582777],[-122.085856639701,47.1936444672764],[-122.085629089485,47.1936019811634],[-122.085387977036,47.1935252386061],[-122.084891365182,47.1933121672848],[-122.084649118765,47.1931982524445],[-122.08441083267,47.1930644025006],[-122.084168467483,47.1929450048533],[-122.084053281116,47.19287511834],[-122.083925623374,47.1928106944842],[-122.083694288538,47.1926395627283],[-122.083556814852,47.1925300264504],[-122.083229860577,47.1922374850027],[-122.083087611177,47.1921023181702],[-122.082987986936,47.1919979395596],[-122.082910569808,47.1919304419715],[-122.082816462927,47.1918604295666],[-122.082626538263,47.1916772393485],[-122.082500274561,47.1915219716653],[-122.082299536266,47.1912446489701],[-122.082172095089,47.1910493047428],[-122.08205789525,47.1908595923764],[-122.081985578831,47.1906919320411],[-122.081956543524,47.1905610285105],[-122.081672843057,47.1898906650802],[-122.08152355874,47.1896527575628],[-122.081380524329,47.1894918760449],[-122.081036173288,47.189188076437],[-122.080899992243,47.1891042416438],[-122.080734600218,47.1890379447517],[-122.080485121125,47.1889671475857],[-122.080219746525,47.18891935502],[-122.079891819675,47.1888839062146],[-122.07957324858,47.1888738593041],[-122.07923053641,47.1889157231972],[-122.079047578159,47.1889524989128],[-122.078731507413,47.1890454152814],[-122.078424648844,47.1891438810367],[-122.078045680732,47.1892347465298],[-122.077737773692,47.189298919742],[-122.077491519783,47.1893365561325],[-122.077177766114,47.1893550667613],[-122.076959555295,47.1893379953359],[-122.076719696269,47.1893042438867],[-122.076395321922,47.1892514050663],[-122.076071206189,47.1892073104842],[-122.075788387922,47.1891311432858],[-122.075568505541,47.1890569985203],[-122.075377657815,47.1889797425835],[-122.074918673942,47.1887602749785],[-122.07473519593,47.1886599374586],[-122.074372472903,47.1884305752157],[-122.074270400895,47.1883778035838],[-122.073914962432,47.1882597320575],[-122.073505326477,47.1881453571693],[-122.07318050662,47.188078284234],[-122.072760002724,47.1880212856707],[-122.0719785871,47.1879518588066],[-122.071251458147,47.1878816902201],[-122.070940606655,47.1878602163787],[-122.070109854824,47.1878229837743],[-122.06979485647,47.1877986294689],[-122.069472112636,47.1877831269436],[-122.068806026444,47.1877892543117],[-122.068727277789,47.1877966570722],[-122.068651884061,47.1877976793801],[-122.068471279251,47.187777339878],[-122.068344912955,47.1877533577416],[-122.067453194541,47.1875054213972],[-122.066883267011,47.1873588897892],[-122.066684809172,47.1872959548717],[-122.066511664132,47.1872554382113],[-122.066342314342,47.18718917379],[-122.066143329462,47.1871260536828],[-122.065590436362,47.186993682069],[-122.065417357815,47.1869387931506],[-122.065229674037,47.1868299147133],[-122.06488437013,47.1867660287017],[-122.064597162899,47.1866928020114],[-122.064424064883,47.1866551876071],[-122.064028955055,47.1866062057545],[-122.063902224391,47.1865708984706],[-122.063813166036,47.1865349172752],[-122.063723568009,47.1864790347461],[-122.063538066982,47.1862901040288],[-122.063442433058,47.1861829128387],[-122.063342632604,47.1860527977042],[-122.063267983646,47.1859424157084],[-122.063179086695,47.185772224903],[-122.063103133852,47.185598953151],[-122.062978447078,47.185200761116],[-122.062958704671,47.1851096830176],[-122.06290010561,47.1849618708472],[-122.06282331971,47.1846201259335],[-122.062803610282,47.1844443656543],[-122.062799955601,47.1843186273202],[-122.062787781721,47.184193168881],[-122.062707911086,47.1840399946102],[-122.06224734047,47.1834691336633],[-122.062001165734,47.1832153700298],[-122.061871746687,47.1830885877691],[-122.061640195061,47.1829060902127],[-122.061276087661,47.1826424272641],[-122.061079898738,47.1825348639067],[-122.060853696087,47.1823978962303],[-122.060675143901,47.1823089604629],[-122.060416433052,47.1821952182146],[-122.059825751417,47.1819032356994],[-122.05935352409,47.1816554493031],[-122.059119593557,47.1815471848553],[-122.058834526273,47.1813911244492],[-122.058425349869,47.1811508493771],[-122.058117356418,47.1809321888158],[-122.057941344985,47.180791797483],[-122.057837937165,47.180693262302],[-122.057734115212,47.1805803628618],[-122.057651320615,47.1804644099402],[-122.057541905307,47.1802972342195],[-122.057492280396,47.180180835367],[-122.057199364602,47.1797533932025],[-122.057115221472,47.1796088287929],[-122.057023410384,47.17947585873],[-122.056723467694,47.1790999271618],[-122.056418893016,47.1787041757176],[-122.056315161199,47.178594153731],[-122.056190655797,47.1784959278368],[-122.0560366707,47.1783865805997],[-122.055850013875,47.1782948397703],[-122.055654391707,47.1782059346157],[-122.055450323589,47.1781031020362],[-122.055088579977,47.1779022955361],[-122.054695229551,47.1776333572038],[-122.054335655184,47.1773696119246],[-122.054254027634,47.1772935962899],[-122.054167237701,47.1771948345825],[-122.054004121308,47.1769084024058],[-122.053940109915,47.1767516640723],[-122.053796370768,47.1763827863427],[-122.053769819621,47.1761946116175],[-122.05377572003,47.1759631675458],[-122.053864036248,47.1756791707815],[-122.053877584765,47.1755732471952],[-122.053866136039,47.1754734730401],[-122.053825413061,47.1753682782795],[-122.05377669338,47.1752660971851],[-122.053715282655,47.1751755772042],[-122.053524816976,47.1749695590064],[-122.053413473845,47.1748740333144],[-122.053281196549,47.1748014395186],[-122.053153921627,47.1747460541401],[-122.052804031881,47.1746594074667],[-122.05259252855,47.1745936901336],[-122.052110118657,47.1744258666332],[-122.05187840487,47.1743746515968],[-122.05161661243,47.1743096075286],[-122.051337106772,47.1742048448061],[-122.051103091142,47.174073804287],[-122.050892192919,47.1738908441226],[-122.050614679329,47.1736974505926],[-122.050320373363,47.1735157716031],[-122.050084316043,47.1733304049681],[-122.04991691254,47.1731898862943],[-122.049425061434,47.1726936267154],[-122.049114890882,47.1723978323979],[-122.048805528179,47.1719707540889],[-122.04864436119,47.1717672427391],[-122.04853729547,47.1716800728393],[-122.048392359557,47.171587734465],[-122.048290468582,47.1715406149881],[-122.048095623606,47.1714774091276],[-122.047681000834,47.171323029068],[-122.047478434045,47.1712709222844],[-122.047257521177,47.171245056193],[-122.046877397958,47.171224610531],[-122.046539587819,47.1712226288674],[-122.046306813931,47.171273731841],[-122.046224864094,47.1713089133281],[-122.045994912374,47.1713700966214],[-122.045510158495,47.1714701688324],[-122.04507211845,47.1715502273765],[-122.044281565955,47.1717116103618],[-122.044108549838,47.1717264251789],[-122.043660174339,47.1717267615605],[-122.0433539291,47.1717051265198],[-122.042955021952,47.1717224327822],[-122.04278906644,47.1717268950821],[-122.042541235339,47.1717103193994],[-122.042074413421,47.1716450813409],[-122.0416588647,47.1716163433173],[-122.041410947918,47.1715939256195],[-122.041130279022,47.1715891098502],[-122.040527427315,47.1716000483158],[-122.040330576396,47.171608319573],[-122.039848955786,47.1716061768912],[-122.03971103838,47.1716165692159],[-122.039497667294,47.1716250855868],[-122.039397337625,47.1716322349276],[-122.039052073552,47.1717225256847],[-122.038865828664,47.1718021440508],[-122.038635265557,47.1719308346132],[-122.038237801339,47.172253181296],[-122.038099621653,47.1723950665335],[-122.037809819626,47.1726673049313],[-122.037632706212,47.1727668462661],[-122.037439320033,47.1728950397656],[-122.03720850745,47.1730153390564],[-122.03697216892,47.1731012685342],[-122.036560484492,47.1732066671396],[-122.036230828817,47.1732624636374],[-122.036023180673,47.1733138966352],[-122.03588700873,47.1733870034516],[-122.03570969437,47.1734980062194],[-122.035570198459,47.1735941368974],[-122.03543816875,47.1736700949574],[-122.035070280622,47.1738321378797],[-122.034852590758,47.1739010325113],[-122.034176957384,47.1741472022245],[-122.033827523701,47.1742345980703],[-122.033657090032,47.1742853686592],[-122.033363348322,47.1744035873888],[-122.033264637846,47.1744677761801],[-122.033140638432,47.1745265133985],[-122.032929373486,47.1746093605974],[-122.032651213791,47.1747100404425],[-122.03220302639,47.1748589048981],[-122.032012048899,47.1749128516694],[-122.031804433816,47.1749841857954],[-122.031625021917,47.1750036728791],[-122.030870320534,47.1751221756328],[-122.030694766013,47.1751359611668],[-122.030447042746,47.1751221282289],[-122.030195542058,47.1751168725928],[-122.02993985478,47.1751058584899],[-122.029376012957,47.1750248770286],[-122.0290562369,47.1749691047592],[-122.028811151309,47.1749065308045],[-122.028603369221,47.1748122836589],[-122.028428262755,47.174700272774],[-122.028292974311,47.1746449942514],[-122.027718260842,47.1744811964504],[-122.027456369243,47.1743931464829],[-122.027291738776,47.1743497171898],[-122.026820083505,47.1742729913656],[-122.026454126669,47.1742207555379],[-122.0260596294,47.174188748756],[-122.02566984694,47.1741825927035],[-122.025314558012,47.1742044178481],[-122.025025555176,47.1742053217861],[-122.024841198574,47.1742106595244],[-122.024660892187,47.1741986397103],[-122.024421333423,47.1741704263441],[-122.023261475555,47.1740552864008],[-122.022736742849,47.1740097642824],[-122.022463900809,47.1739962170712],[-122.022204890844,47.1740081823096],[-122.021958025297,47.174025827598],[-122.021649290239,47.1740754931229],[-122.021303734534,47.1741400120573],[-122.021029499934,47.1742180165245],[-122.020498066285,47.174393460327],[-122.020411440891,47.1744403669093],[-122.020299727582,47.1744903454412],[-122.020178605047,47.1745090765126],[-122.019823795921,47.1745480174615],[-122.019527520733,47.1745947441273],[-122.019256044063,47.1746125426718],[-122.018987944212,47.1746246197812],[-122.018820468781,47.174621170114],[-122.018598601752,47.174632666343],[-122.018351889055,47.1746359053614],[-122.018095848332,47.1746306833371],[-122.017769618614,47.1746491970281],[-122.01743623638,47.1746993391663],[-122.017072902617,47.1747383834725],[-122.016785145395,47.1747849913395],[-122.016481151039,47.1748604683654],[-122.016194276787,47.1749384341525],[-122.015739602735,47.1750014596039],[-122.015359661801,47.1750407161167],[-122.014755160158,47.1751572821296],[-122.014448139991,47.1752497398685],[-122.014061486109,47.1753548934873],[-122.013779472835,47.1754614465239],[-122.013567887657,47.1755355135145],[-122.013024038787,47.1757169255698],[-122.012832757059,47.1757622616848],[-122.012620169095,47.1757993200568],[-122.012345551035,47.1758658186465],[-122.012049020008,47.1759039735148],[-122.01152273291,47.1759593623012],[-122.011279711522,47.1759510482049],[-122.011144959454,47.1759329275881],[-122.010951227467,47.1758896905733],[-122.010731930131,47.1758325823659],[-122.010536877359,47.1757608969342],[-122.010368190974,47.1757144253636],[-122.010194363366,47.1756481391773],[-122.009825568279,47.1754930542643],[-122.009439449577,47.1753124715352],[-122.009273747085,47.1752289389643],[-122.009111381583,47.1751224100889],[-122.008949144768,47.1750018119046],[-122.00883269306,47.174883357643],[-122.008581422906,47.1745980152538],[-122.00827649042,47.1743191848477],[-122.008177206878,47.1742205797837],[-122.00812535557,47.1741641627748],[-122.008076963668,47.1740876820224],[-122.008036531718,47.1739910237301],[-122.007965412971,47.1736949396985],[-122.007958668875,47.1735978421424],[-122.007943842996,47.1735179897677],[-122.007890914087,47.1734216868526],[-122.007790509731,47.1732829771142],[-122.007704294803,47.1731841741247],[-122.007502849556,47.1728839471052],[-122.00737204162,47.1725399650721],[-122.007278405102,47.1723384245139],[-122.00719682941,47.1721166803811],[-122.007124613319,47.1719433249853],[-122.007086009782,47.1717496503031],[-122.007043823868,47.1715902723086],[-122.00699913344,47.1715022528672],[-122.006963007775,47.1713969828087],[-122.006910042538,47.1713006521992],[-122.006875032712,47.1712524335909],[-122.006840385566,47.171218607008],[-122.006564948682,47.171022724778],[-122.006504896502,47.1709590643919],[-122.006435405279,47.1709015047335],[-122.006188938089,47.1707880050882],[-122.006001791182,47.1707105613188],[-122.005856012095,47.1706571208535],[-122.005638006514,47.1705891551122],[-122.005483014333,47.17052982862],[-122.005101315614,47.1704148231587],[-122.004866132715,47.1703810279081],[-122.004541236688,47.1703760136713],[-122.004361477131,47.1703814236514],[-122.004230580823,47.1703740491504],[-122.004135075089,47.1703567811974],[-122.004044382605,47.1703303737583],[-122.003834440581,47.1702285428256],[-122.003646722007,47.1701650053374],[-122.00336586095,47.170080904982],[-122.003239036274,47.1700580373618],[-122.003098148796,47.1700168707832],[-122.002713547452,47.1699603323682],[-122.002311807608,47.1699379645026],[-122.001616385722,47.1700361195527],[-122.001329214102,47.1700859448599],[-122.000972047122,47.1702011204769],[-122.000514880159,47.1704622449001],[-122.000289213106,47.1706065899908],[-121.999973225075,47.1707580836115],[-121.999675250539,47.1708878990219],[-121.999377352975,47.1710393209094],[-121.999225574059,47.1710935835134],[-121.998993046893,47.171155034584],[-121.998537315445,47.1713052365736],[-121.998346069773,47.1713877599553],[-121.997483092956,47.1717891845155],[-121.996947291172,47.1719712948832],[-121.99661581489,47.1720523672822],[-121.996315820916,47.1721116143029],[-121.99589866168,47.1721845243806],[-121.995606546719,47.1722191523531],[-121.995309754197,47.1722475052293],[-121.994918066926,47.1722618102661],[-121.994782705986,47.1722573897829],[-121.994612990027,47.1722583219819],[-121.994554529317,47.1722572670295],[-121.994370524779,47.1722389134006],[-121.994221607087,47.1722170077328],[-121.99406492595,47.1721862896401],[-121.99387640109,47.1720399594158],[-121.993830886693,47.1719750899731],[-121.99381104744,47.1718949437343],[-121.993794140948,47.171431039469],[-121.993827011716,47.1710407246849],[-121.993871380377,47.1707546029748],[-121.993901815579,47.1706023724448],[-121.993983049163,47.17037816023],[-121.994067313056,47.1701182874532],[-121.994185833917,47.1698250372225],[-121.994243886206,47.1695625681522],[-121.994228380486,47.1693127319019],[-121.994193703689,47.1691674845012],[-121.994132522366,47.1690104322412],[-121.994032237149,47.1686934638775],[-121.99392021905,47.1684419403958],[-121.993857915025,47.1682255871182],[-121.993790915502,47.1680211417248],[-121.993715560479,47.1678227817301],[-121.993687696235,47.1677605641025],[-121.993471671737,47.1673676221513],[-121.993397556403,47.1672138349406],[-121.993345761169,47.1670688091079],[-121.993292934108,47.1668316020658],[-121.993223687593,47.1666909151398],[-121.993152080936,47.1664825788937],[-121.993055732152,47.166179599232],[-121.99298926004,47.1659215083493],[-121.992826242966,47.1656082554093],[-121.992461853651,47.1650830215806],[-121.992284753173,47.1648952429678],[-121.992017696587,47.1646722624313],[-121.99170027964,47.1643527732049],[-121.991548459926,47.1642253256456],[-121.991376947078,47.1640213763862],[-121.991259063033,47.1638489288805],[-121.9909348787,47.1634851283076],[-121.990724784415,47.1633947656622],[-121.990522327387,47.1633608762767],[-121.990266916465,47.1633400087882],[-121.990052629939,47.163314497749],[-121.989809127515,47.1633054599274],[-121.988997794961,47.1633361202149],[-121.98786927959,47.1634922271362],[-121.987539030565,47.1635449868519],[-121.987214735543,47.1636139296695],[-121.986931674699,47.1636822039737],[-121.986691740935,47.1637659928859],[-121.98621488317,47.1639523145249],[-121.986203947085,47.1639566781183],[-121.98619183097,47.1639619897844],[-121.986035622098,47.1640303039515],[-121.985777665072,47.1641705662815],[-121.985402341663,47.1643210822921],[-121.985143724264,47.1644375216368],[-121.984780887361,47.1645671170573],[-121.98453360464,47.1646208583277],[-121.984269038175,47.1646689802263],[-121.984016799946,47.1647078665173],[-121.983951467963,47.1647139148777],[-121.9836819199,47.1647389003432],[-121.983155032575,47.164769488933],[-121.982618529059,47.1647794402675],[-121.982103636861,47.1647711228257],[-121.981859129613,47.1647622727629],[-121.981644606986,47.1647471970576],[-121.981395071013,47.1647207504871],[-121.981084306953,47.1646770714175],[-121.980821133131,47.1646299022223],[-121.9805437868,47.1645410680145],[-121.980341009493,47.1644603545439],[-121.980124798485,47.1643649229127],[-121.979810124872,47.1641994532503],[-121.97945678032,47.1640342849987],[-121.979270719139,47.1639384660617],[-121.979077750728,47.163819563068],[-121.97891635953,47.1637376881642],[-121.978673426963,47.1636396619741],[-121.978496740805,47.1635557046515],[-121.978258748348,47.1634545428709],[-121.978174677474,47.1634136340454],[-121.978086043706,47.1633705620038],[-121.977700940743,47.1631641402321],[-121.977341111379,47.1629277785155],[-121.976848295428,47.1626245308116],[-121.97669327962,47.1625432287481],[-121.976525565538,47.1624739081784],[-121.976389096493,47.1624281555254],[-121.976190625241,47.1623383311144],[-121.975950983569,47.1621956949772],[-121.975690572242,47.1620829951478],[-121.975579776107,47.1620189249016],[-121.975070876132,47.1617515508496],[-121.974717045798,47.161586567067],[-121.974385034012,47.161409293062],[-121.974096059117,47.1612076389745],[-121.973949243105,47.1611142183528],[-121.973697437021,47.1609835788405],[-121.973613058834,47.1609311810109],[-121.973537070928,47.1608725059124],[-121.973382928864,47.1607317099699],[-121.973157023911,47.1605381621609],[-121.972767280566,47.160162314202],[-121.972659037884,47.1600267453861],[-121.97252386598,47.1598797012298],[-121.972326668273,47.1596888855045],[-121.972133643444,47.1594860048101],[-121.97204784165,47.1593799859892],[-121.971857163274,47.1590967002353],[-121.971783529111,47.1589578109909],[-121.971554678673,47.1585649654978],[-121.971448794606,47.1583699148243],[-121.97126834459,47.1580002824927],[-121.971189555461,47.1578197765568],[-121.971095150134,47.1575651005217],[-121.971016894354,47.1574055103374],[-121.970936849616,47.1571981197322],[-121.970794933726,47.1567863690385],[-121.970767963303,47.1566821514141],[-121.970771396912,47.1565695117455],[-121.970760192951,47.1564714552555],[-121.970757752015,47.1563821712978],[-121.970729239671,47.1563141701673],[-121.970671674544,47.1562672426942],[-121.970561871231,47.1562388309858],[-121.970207690017,47.1562047794328],[-121.969879877044,47.1562000082246],[-121.969644859123,47.1562059293808],[-121.969435644871,47.1562175007318],[-121.96898736313,47.1562530054075],[-121.968656708488,47.1562899479012],[-121.968526585057,47.1563094251851],[-121.968378577036,47.1563173104459],[-121.968243426734,47.1563190267588],[-121.968029992137,47.1563424681573],[-121.967851236226,47.1563476444194],[-121.967305441967,47.1563278356997],[-121.966946756317,47.1562936665345],[-121.966750072184,47.156269425069],[-121.966284308,47.156141484838],[-121.965905146798,47.1560035045735],[-121.965760501631,47.1559695248761],[-121.965576359299,47.1559422154004],[-121.96533647871,47.1559363435709],[-121.965218730309,47.1559496550886],[-121.965110390783,47.1559748576683],[-121.964954224515,47.1559975676925],[-121.964727733655,47.1560213603787],[-121.964680476118,47.1560397563741],[-121.964629202586,47.1560760548474],[-121.964464273302,47.1562745699669],[-121.964282142135,47.1564703679439],[-121.963501731745,47.1571347908881],[-121.963352575098,47.1572497952612],[-121.963202568934,47.1573498927496],[-121.96309876835,47.15739576744],[-121.962943085669,47.1574364846976],[-121.962743594988,47.1574746583418],[-121.96237739873,47.1574971146399],[-121.96201980121,47.1574868831499],[-121.961597841387,47.1573820081797],[-121.961404327121,47.1573250028092],[-121.961163029517,47.1572656667982],[-121.960908750286,47.1572301325561],[-121.960764751414,47.1572199681058],[-121.960567383537,47.1571868128104],[-121.960292855159,47.1571813681264],[-121.96007796407,47.1571513397952],[-121.959524836449,47.157027381599],[-121.959362353286,47.1569848714052],[-121.95921661953,47.1569092432007],[-121.959056622723,47.1568101565678],[-121.95890631249,47.1567347502635],[-121.958778428154,47.1566887034342],[-121.95860762446,47.156652138656],[-121.958441203518,47.1566304075172],[-121.958148070853,47.1566073680022],[-121.957955405171,47.156579962501],[-121.957815190239,47.1565431748295],[-121.957700128106,47.1564880806271],[-121.957610944591,47.1564237212489],[-121.957535306905,47.1563592176439],[-121.957367113947,47.156272023317],[-121.957200108142,47.1562093569518],[-121.956993457874,47.1561494111324],[-121.956865900528,47.1561153695779],[-121.956550345419,47.1560598667238],[-121.956304473012,47.1560004137855],[-121.956110805695,47.1559373689762],[-121.955916938647,47.155865441289],[-121.955490467271,47.1557429403639],[-121.9552361177,47.1557014163352],[-121.955004318107,47.1556775969496],[-121.954847306079,47.1556706605146],[-121.954650104269,47.1556433066386],[-121.954474848537,47.1556098628453],[-121.954294284713,47.1555495840923],[-121.954131928804,47.155509998937],[-121.953965193501,47.1554764469447],[-121.953868946701,47.1554658111254],[-121.953596073957,47.1553739493371],[-121.953089315432,47.1551779162784],[-121.952671254002,47.1550493221619],[-121.952508256885,47.154985885218],[-121.952370944778,47.1549074002271],[-121.9522374052,47.1548197909411],[-121.952161894437,47.1547581893282],[-121.952057894859,47.1546285547584],[-121.951938181172,47.1545496839827],[-121.951775313004,47.1543434844029],[-121.951725287373,47.154257897407],[-121.951672648656,47.1540948749135],[-121.951626161837,47.1538246648221],[-121.951624636664,47.1537681390991],[-121.951600368392,47.15367024486],[-121.951584099467,47.153551491291],[-121.951555491411,47.153459629841],[-121.951509641432,47.1533798309718],[-121.951377922617,47.1531910924229],[-121.951308766257,47.1530490080048],[-121.951198838553,47.1526993835004],[-121.951116868656,47.1525665645189],[-121.951048998785,47.1524721244264],[-121.950954286491,47.1523691089501],[-121.950746387001,47.1520950822897],[-121.950590536033,47.1516447359954],[-121.950561608433,47.1515409216432],[-121.950430589071,47.1512093579843],[-121.950357951782,47.1509573268958],[-121.950351369906,47.1508622809285],[-121.950362914617,47.1506567992504],[-121.95035496645,47.1505110675271],[-121.950366099584,47.1504394375447],[-121.950410548617,47.1503168512297],[-121.950417105386,47.1502245754101],[-121.950409918017,47.1501264385795],[-121.950356650363,47.1499397858219],[-121.950350628021,47.1498654922612],[-121.950366259674,47.1498116313782],[-121.950395478615,47.1497578185835],[-121.950406773398,47.1496921928414],[-121.950408193468,47.1494093691558],[-121.950422227982,47.1492962682711],[-121.950477090369,47.1490574999922],[-121.950464842105,47.1489207343779],[-121.950508490775,47.1487685142561],[-121.95053288295,47.1487056303501],[-121.950515892921,47.1485599848398],[-121.950513648532,47.1484767316157],[-121.950520683029,47.1484200983892],[-121.950514743407,47.148348875326],[-121.950468820663,47.1482661429821],[-121.950247877252,47.147992114665],[-121.950206975979,47.1479480665967],[-121.950192350966,47.1478886066516],[-121.950232505047,47.1477573256299],[-121.950378539269,47.1475085292111],[-121.950452638804,47.1473497572397],[-121.95059349345,47.1470773592356],[-121.950651960514,47.1469724209418],[-121.950710829825,47.1468823955532],[-121.950741735962,47.1467421532921],[-121.950775216449,47.1465304176309],[-121.950857639395,47.1463449678471],[-121.950937402428,47.1462279162088],[-121.951203777313,47.1457662910714],[-121.951248707574,47.1456438626554],[-121.951271371983,47.1455155429144],[-121.951264346359,47.1454234373861],[-121.951235017878,47.1453046834374],[-121.951189097356,47.145221978431],[-121.951125819901,47.1451305510786],[-121.9510533022,47.1450303565048],[-121.950990023534,47.1449567535819],[-121.950943863049,47.144865139244],[-121.95084956854,47.1447592112991],[-121.950729195343,47.1446565176047],[-121.950607738415,47.1445300065922],[-121.950487171452,47.1444185673702],[-121.950367242233,47.1443307851871],[-121.950265271235,47.1442754926481],[-121.949982260172,47.1441391887347],[-121.949835976615,47.1440428243416],[-121.949537266659,47.1438085181274],[-121.949360170569,47.1437066980271],[-121.949169333553,47.1435781494813],[-121.948701207678,47.1432090171939],[-121.948537413641,47.1431159422119],[-121.948439664076,47.1430486116495],[-121.94824205125,47.1428368647273],[-121.948130249182,47.1427342246989],[-121.948051203585,47.1426763401085],[-121.947974453333,47.1426201529455],[-121.947535784533,47.1423548514627],[-121.947380391421,47.1422556644595],[-121.947239293521,47.1421828970726],[-121.947062242153,47.1421018053066],[-121.946916570379,47.142026324592],[-121.946659176366,47.1418718686313],[-121.946517923499,47.1417932616446],[-121.946358830872,47.1417237899607],[-121.946002080935,47.1415914704335],[-121.945887140544,47.1415392702561],[-121.945701938398,47.1414523000636],[-121.945422620186,47.1412833624146],[-121.945337894254,47.1412158661437],[-121.945274467001,47.1411362844964],[-121.945211048321,47.1410390422036],[-121.945028093968,47.1407168969697],[-121.944906103281,47.140569655493],[-121.944713335187,47.1403698259001],[-121.944602180062,47.1402908404227],[-121.944293370128,47.1401637583364],[-121.944153045453,47.1401209227332],[-121.943951205031,47.1400876308649],[-121.943688746029,47.1400612658122],[-121.943400525313,47.1400468760711],[-121.942964140239,47.1400345001802],[-121.942563468694,47.1400425729851],[-121.94233229802,47.1400394526499],[-121.942148378567,47.1400179447093],[-121.941779947549,47.1399363255942],[-121.941511631797,47.1398592974596],[-121.941189816721,47.1397174508349],[-121.940934122595,47.1396224395233],[-121.940740532631,47.139559368883],[-121.940524929503,47.1394816814283],[-121.940248659305,47.1394256455836],[-121.940077567024,47.1393772378293],[-121.939610733854,47.1392224406598],[-121.939377894002,47.139156784776],[-121.939057601053,47.1390714863155],[-121.938570312983,47.1389586217885],[-121.938276813086,47.1388967894222],[-121.938057751728,47.1388578606982],[-121.937843105417,47.1388337946267],[-121.937262707952,47.1388082710364],[-121.937151028893,47.138879120277],[-121.937023873689,47.1389694393895],[-121.936900365155,47.1390654176722],[-121.936820552405,47.1391437129118],[-121.936697062026,47.1392960977637],[-121.936661887151,47.1393348984329],[-121.936513456878,47.1394397417753],[-121.936295310588,47.139528503475],[-121.935833766586,47.1396845388767],[-121.935589589196,47.1397391530882],[-121.935301634504,47.1398114492945],[-121.935075397979,47.1398230060841],[-121.934787537542,47.139897356491],[-121.934349700804,47.140018841752],[-121.933886662735,47.1401191663533],[-121.933755114697,47.1401595455028],[-121.93361874584,47.1402256789171],[-121.933531961269,47.1402869193551],[-121.933407604086,47.1403529046355],[-121.933146075033,47.1404548675794],[-121.932797647638,47.1406139307085],[-121.932318923263,47.1408605211993],[-121.932152263674,47.1409786093437],[-121.931961002275,47.1411357224431],[-121.931725760849,47.1412803815642],[-121.931578350432,47.1414241177848],[-121.931426050776,47.1416107741465],[-121.931211084247,47.1420645311192],[-121.931146006858,47.142224386127],[-121.931103833891,47.1422828239318],[-121.931066549536,47.1423165483739],[-121.931043099194,47.1423596724288],[-121.93102051519,47.1424172092751],[-121.930995301701,47.142527018208],[-121.93093792189,47.1426741084408],[-121.930874499244,47.1427844174727],[-121.930834478778,47.1428467773082],[-121.930666616975,47.1429773827831],[-121.930442075797,47.143184813646],[-121.930291532245,47.1432866026233],[-121.93019825013,47.1433305902428],[-121.930101450808,47.1433556177326],[-121.929896553053,47.1433963787344],[-121.929411607659,47.1435237201321],[-121.929188703601,47.1435478921869],[-121.929136849445,47.1435627662181],[-121.929064852716,47.1436137017693],[-121.928935380088,47.1437342322553],[-121.92878190864,47.1438576366267],[-121.928752079993,47.143887675815],[-121.928661135285,47.1440197412095],[-121.92861376675,47.1440703720724],[-121.928479537543,47.1441434930369],[-121.928390017996,47.1441778620452],[-121.9283106693,47.14421687704],[-121.928135467975,47.1443167194159],[-121.92807049586,47.1443674027172],[-121.928029572215,47.1444155687996],[-121.927988689415,47.1444470871969],[-121.927826727992,47.1445157510749],[-121.927641307265,47.1446274012785],[-121.927503265899,47.1446887491985],[-121.9274723356,47.1447151819148],[-121.927425748023,47.1447968170572],[-121.927398609639,47.1448161831336],[-121.927374773493,47.1448449142225],[-121.927362037764,47.1448951168891],[-121.927350501856,47.144990552093],[-121.927352206331,47.1450548082691],[-121.927354893202,47.1451000213488],[-121.927379645987,47.1452376764895],[-121.927374823723,47.145321045037],[-121.927379749505,47.1453734145184],[-121.927412970904,47.14545151443],[-121.927447560699,47.1455629967724],[-121.92746806371,47.1456722673271],[-121.927505034893,47.1457598906804],[-121.927530610378,47.1457952236265],[-121.92761924844,47.1458607922124],[-121.92772613645,47.1459309619043],[-121.927833255516,47.1460295648495],[-121.927887131117,47.1460907637244],[-121.927961851324,47.1461422721513],[-121.928129719216,47.1462020627563],[-121.928241724624,47.1462197096682],[-121.928416596763,47.1462389656749],[-121.928529485167,47.1462898652724],[-121.928683218508,47.146421291836],[-121.928758655707,47.1465012545238],[-121.928823578215,47.1465803325056],[-121.928924870148,47.1467242538248],[-121.92913951616,47.147049952781],[-121.929161876702,47.1470973357358],[-121.929173501303,47.1471566711748],[-121.929150292447,47.1473225055016],[-121.929127049471,47.1473750594217],[-121.929079487255,47.147418507908],[-121.929031633928,47.1474525267599],[-121.928776375377,47.1475651784203],[-121.928686685841,47.147611533393],[-121.928265727986,47.1477857378547],[-121.928093503074,47.1478663479176],[-121.927928540156,47.1479540794841],[-121.927652685757,47.1480860418986],[-121.927524973437,47.148140076961],[-121.927424917442,47.1481745483186],[-121.927296735041,47.1482093937239],[-121.92694039186,47.1482816621623],[-121.926671206384,47.1483802491449],[-121.926529047063,47.1484200650396],[-121.926365663124,47.1484553445882],[-121.926174424287,47.1484815058197],[-121.925463170796,47.1486212191339],[-121.924608935302,47.1487699012614],[-121.924312407153,47.1488426038051],[-121.924042516802,47.1489148400691],[-121.923890101932,47.1489667627218],[-121.923417111814,47.1491487748371],[-121.923165432951,47.1492637825922],[-121.923062298972,47.1493173186358],[-121.922775142109,47.1494207787806],[-121.922401415684,47.1495384944653],[-121.92221486374,47.1496098655029],[-121.92155067859,47.1498204363984],[-121.921405078335,47.1498626739091],[-121.921249115609,47.1498930562848],[-121.921081978293,47.1499189403845],[-121.92076509617,47.1499442517542],[-121.920473121758,47.1499812670728],[-121.920195622199,47.1500321439212],[-121.920025391398,47.1500748470492],[-121.919904422542,47.1501167803668],[-121.919822044676,47.1501558533493],[-121.919728395777,47.1501866469403],[-121.919513309904,47.150241719032],[-121.919260342299,47.1502900711989],[-121.91905155589,47.1503188496162],[-121.918856996297,47.1503520873747],[-121.918648147746,47.1503784798287],[-121.918433098709,47.1504167671482],[-121.918255850503,47.1504403583085],[-121.918036161393,47.1504550645637],[-121.917561617808,47.150446651634],[-121.917058066794,47.1504051936597],[-121.91684831301,47.1503957528121],[-121.916659495128,47.1503814489644],[-121.915977194001,47.150306499942],[-121.91559352874,47.1502565460668],[-121.914963677546,47.1501903820268],[-121.91458164414,47.1501259814113],[-121.914375393314,47.1501166860099],[-121.91421511887,47.1501162607297],[-121.914040068008,47.1501087765521],[-121.913736957663,47.1501244949574],[-121.913584025745,47.1501357981716],[-121.913444765964,47.1501518971353],[-121.913043234851,47.1502066862101],[-121.912924508592,47.1502010901121],[-121.912805589034,47.1501881468844],[-121.912596885403,47.150200294867],[-121.912373092905,47.1501934314122],[-121.912236618293,47.1501808937462],[-121.912013725605,47.1501884151531],[-121.911923161941,47.1502037261015],[-121.911212410227,47.1503647605551],[-121.910949134955,47.150441848539],[-121.910866079646,47.1504737118846],[-121.910758879259,47.1505060343401],[-121.91068635305,47.1505377970393],[-121.910596314699,47.1505532642341],[-121.910235112635,47.1505933470907],[-121.910008468219,47.1506127295177],[-121.909592318129,47.1507034976356],[-121.909038294376,47.150865020639],[-121.908784208462,47.1508895336634],[-121.908630690878,47.1508985888189],[-121.908522613796,47.1508975198964],[-121.908442057134,47.1508912896134],[-121.908358154342,47.1508708949101],[-121.908211109816,47.1508584543737],[-121.908002001787,47.1508752329785],[-121.907946598889,47.1508901397062],[-121.907894857322,47.1509098014859],[-121.907534490398,47.1511356212045],[-121.907397587991,47.1512419849028],[-121.907284219858,47.1513076419984],[-121.907260312019,47.1513341484031],[-121.907257896874,47.1513770380413],[-121.907273081455,47.1514196863016],[-121.907279444674,47.1514708612997],[-121.907281361775,47.1516778731558],[-121.907254776441,47.1519877357286],[-121.907181984383,47.1521431992536],[-121.90713461108,47.1521962066055],[-121.907043351922,47.1522603877588],[-121.907005065421,47.152275085422],[-121.906939556433,47.152287893451],[-121.906793252078,47.1523038786214],[-121.906737909258,47.1523211976889],[-121.906634127553,47.1523677063403],[-121.906569564483,47.1524351545746],[-121.90650806309,47.1524859478275],[-121.906446162385,47.1525199634026],[-121.906251376169,47.1526604571029],[-121.906030130906,47.1528868017915],[-121.905961447671,47.1529304972532],[-121.905813125866,47.1529847315848],[-121.905222954568,47.1532441873679],[-121.905037028525,47.1533393530276],[-121.904868224728,47.1534174998646],[-121.904699629967,47.1535052418528],[-121.904254678649,47.1537058359093],[-121.904154782462,47.1537689409851],[-121.903997667105,47.1538899695293],[-121.903915618106,47.1539622625504],[-121.90385030253,47.1540010901042],[-121.903722716124,47.1540598687313],[-121.903650952591,47.1541011873063],[-121.903609686809,47.1541373367606],[-121.903522807595,47.1542741572942],[-121.903289014731,47.154521022631],[-121.903170564411,47.1546604474921],[-121.903021813703,47.1548526700264],[-121.902937225171,47.1549417755849],[-121.902815445791,47.1550908101259],[-121.902754348184,47.1551558288655],[-121.902641651015,47.1552476883357],[-121.902571975349,47.1553306344386],[-121.902473047745,47.1554295112281],[-121.902367417054,47.1555211198879],[-121.902139882919,47.1557571305011],[-121.902058266513,47.1558462261839],[-121.902018020449,47.1559015579684],[-121.901905020275,47.1560004403372],[-121.901801585383,47.1560421425182],[-121.901687458896,47.1560793380024],[-121.901587128242,47.1561043846984],[-121.901228867456,47.1561634059624],[-121.901106281131,47.156145861019],[-121.900898455751,47.1560769178594],[-121.900782075793,47.1560260338275],[-121.90033801786,47.1558576407154],[-121.899901448517,47.1557081586069],[-121.899351102499,47.1554731786635],[-121.899185309088,47.1554157073787],[-121.899132877678,47.1554091301895],[-121.899080821254,47.1554169717916],[-121.898982934661,47.1554015385871],[-121.898782641244,47.1553515041651],[-121.898670007863,47.1553100335287],[-121.898429203192,47.15518919117],[-121.898305631746,47.1551336208068],[-121.898162346073,47.1551115240112],[-121.897956385989,47.1551140144467],[-121.897865170791,47.1551031339356],[-121.897770656076,47.1550828329746],[-121.897510225951,47.155000287802],[-121.897358894322,47.1549592839222],[-121.897159502164,47.1549236594496],[-121.896984069317,47.15490194967],[-121.896685433248,47.1548961247348],[-121.896542410739,47.1549026509084],[-121.896350267905,47.1548953742216],[-121.896165406881,47.1548976066589],[-121.895498830904,47.1548890360608],[-121.895149724484,47.1548932491558],[-121.894916546183,47.1549126805284],[-121.894505149253,47.1549176431738],[-121.894365685643,47.1549265368487],[-121.893508309911,47.1550571731431],[-121.892899627181,47.155110959981],[-121.892677671359,47.155116705233],[-121.892386793771,47.1550984356381],[-121.892077676468,47.1550774782097],[-121.891791344733,47.15504067008],[-121.891230581199,47.1549452727007],[-121.890956632052,47.1548836067343],[-121.890782949735,47.1548330730596],[-121.890654960447,47.1547789188516],[-121.890360052046,47.154606116153],[-121.890226682185,47.1545396863629],[-121.890018243639,47.1544477520162],[-121.889008832912,47.154178288295],[-121.888474935456,47.1540517056595],[-121.888283093736,47.153998315659],[-121.88756917879,47.1537684803189],[-121.887386461314,47.153718050587],[-121.886976098997,47.1536271628876],[-121.886757527815,47.1536080389583],[-121.886472164788,47.1536083627024],[-121.886307933041,47.1535733117847],[-121.886060245653,47.1534772349655],[-121.885836063027,47.1533962850197],[-121.885584156671,47.1533127341369],[-121.885232192659,47.1532055642976],[-121.885050714168,47.1532015685989],[-121.884733442234,47.1532146372901],[-121.884294397044,47.1532569143174],[-121.884099532611,47.1532623185406],[-121.883909012128,47.1532584292945],[-121.883049501463,47.1531698316146],[-121.882767084059,47.1531298558229],[-121.882212170346,47.1530745180243],[-121.88190741395,47.1530348889272],[-121.881341352952,47.1529774587699],[-121.880967975355,47.1529455035962],[-121.880831945048,47.1529502267128],[-121.880622503653,47.1529342182447],[-121.88041776489,47.1529056489214],[-121.879953794416,47.1528585655616],[-121.879421081895,47.1527783518398],[-121.879175201575,47.1527317614937],[-121.878964886974,47.1526816757455],[-121.878763702144,47.1526160137685],[-121.878281276439,47.1524838341659],[-121.877705066209,47.1523640142023],[-121.877485160808,47.1522924314538],[-121.87727927674,47.1522174169743],[-121.877072884489,47.1521240641244],[-121.876866132465,47.1520182108729],[-121.876184128612,47.1516185688693],[-121.875939415554,47.1514412388406],[-121.875718613925,47.1513139416075],[-121.875566825896,47.1512351828396],[-121.87519206011,47.1510602206711],[-121.874700430641,47.150815487492],[-121.874462497687,47.1507254389464],[-121.874242006352,47.1506320839353],[-121.87395863153,47.1505333062365],[-121.87371161237,47.150462010671],[-121.873382313293,47.1503560714639],[-121.873213753839,47.1503270597258],[-121.873023124908,47.150320055576],[-121.872896460925,47.1503371625134],[-121.872765644951,47.1503695653808],[-121.872653674645,47.1504111771509],[-121.872301895479,47.1505080662617],[-121.872067284732,47.150548062723],[-121.871878075602,47.1505967333924],[-121.871756853984,47.1506507938406],[-121.871676742923,47.1507012680223],[-121.871556465479,47.1507923364016],[-121.871458146611,47.1508586291276],[-121.871275053599,47.1509691168202],[-121.871118921498,47.1510729505924],[-121.87101685831,47.1511485287294],[-121.870802244176,47.1512840687213],[-121.87060544853,47.1513885476103],[-121.870296032013,47.1515313814698],[-121.870143382247,47.1515952454605],[-121.870039726255,47.1516273232942],[-121.869922817743,47.1516535527084],[-121.869723641511,47.1516867620542],[-121.869620314888,47.1517128302469],[-121.869539438882,47.1517539060244],[-121.869433499016,47.151854208173],[-121.869384213592,47.1518919757939],[-121.86920482493,47.1519714019659],[-121.86872736033,47.1521642092883],[-121.868596777688,47.1522060376418],[-121.86844349039,47.1522450359326],[-121.868096520922,47.152332613637],[-121.867929534724,47.1523656034545],[-121.867762307688,47.1523891907814],[-121.867617195772,47.1523939780977],[-121.867454201347,47.1524053399472],[-121.86725527031,47.1524262020424],[-121.867010410496,47.1524414372488],[-121.866676314814,47.1525010805221],[-121.86654047925,47.1525150259078],[-121.866345420893,47.152511161404],[-121.866186217296,47.152494533131],[-121.866008300029,47.1524532816938],[-121.865684839363,47.1523983103302],[-121.865512054353,47.1523818415626],[-121.865352690694,47.1523588796291],[-121.865203220437,47.1523297953046],[-121.864851928652,47.1522472083843],[-121.864355251384,47.1521601934505],[-121.863930953485,47.152072487347],[-121.863717185141,47.1520439948376],[-121.863253159824,47.1519937461599],[-121.862788978235,47.1519373552899],[-121.862497032683,47.1518789329079],[-121.862259509706,47.1518044304246],[-121.862021281314,47.1517020202304],[-121.861841201741,47.1515957982692],[-121.861684675876,47.1514862550878],[-121.861531855887,47.1513643014279],[-121.861378878052,47.1511757142072],[-121.861303259514,47.1510466801705],[-121.86125515605,47.1509327613403],[-121.861233655353,47.1508185292641],[-121.861248424235,47.1506666852395],[-121.861339464312,47.1503344972721],[-121.861411379604,47.1501170185669],[-121.861444259341,47.149986734841],[-121.861454827302,47.1498690267383],[-121.861434004636,47.1497609554556],[-121.861409149314,47.149671442393],[-121.861370429029,47.1495915253808],[-121.8613451834,47.1494865787591],[-121.861329096506,47.1493877210362],[-121.861330585033,47.1492670483314],[-121.861359001801,47.149139887548],[-121.861448328817,47.1488973607111],[-121.861522316512,47.1487634944034],[-121.861560436891,47.1486624344043],[-121.861584273563,47.1485322301897],[-121.861647441049,47.147989906969],[-121.861639498318,47.1478539340034],[-121.861581375952,47.1477029491008],[-121.861481716138,47.1475370154879],[-121.861277336969,47.1472624627414],[-121.861118034082,47.1470632822137],[-121.861028120157,47.146925011377],[-121.8609163412,47.14679626614],[-121.860827762554,47.1467107388073],[-121.860731056317,47.1466407726494],[-121.860561262358,47.1465622055899],[-121.860454915663,47.1464892540125],[-121.860361948351,47.1464097833319],[-121.860270016879,47.1463490017246],[-121.860142066953,47.1463165865642],[-121.860041980453,47.146311594231],[-121.859910319561,47.1462913702947],[-121.859728041509,47.1462563028917],[-121.859536714659,47.1462400712007],[-121.85931933195,47.1462456990447],[-121.859188128281,47.1462626522045],[-121.859048042822,47.1462860725651],[-121.858858682226,47.1463285810823],[-121.858769015543,47.1463574129646],[-121.858687987032,47.146392450791],[-121.858621213505,47.1464333532533],[-121.858455137697,47.1465035027323],[-121.858225173927,47.1465680681992],[-121.858092260724,47.1466160818242],[-121.857859488591,47.1467302310989],[-121.85748652904,47.1468830171933],[-121.857401909859,47.1469335343956],[-121.857236183351,47.1470160448815],[-121.856993645147,47.1471208739524],[-121.856877477996,47.1471779309534],[-121.856733512065,47.1472260727034],[-121.856436263934,47.1473131969866],[-121.85627847844,47.1473520675254],[-121.856133811612,47.1473724388486],[-121.855758053316,47.1473953558413],[-121.85558606438,47.1474097124874],[-121.855436896344,47.147430135715],[-121.855129080249,47.1474584239015],[-121.855015643881,47.1474628519394],[-121.854834109424,47.1474557113425],[-121.85447448662,47.1474011336324],[-121.854279061102,47.1473818420429],[-121.854115604378,47.147374323739],[-121.853893345062,47.1473460778368],[-121.853697874828,47.147326621263],[-121.85355258231,47.1473221526433],[-121.853129192934,47.1472683170946],[-121.852593046284,47.1472250401752],[-121.852352144675,47.1471970371396],[-121.851461528469,47.1471424906762],[-121.851271069734,47.1471416176063],[-121.851103618957,47.1471559145352],[-121.850719675588,47.1472130238903],[-121.850615243547,47.1472142440333],[-121.850482828953,47.1471847770929],[-121.850167607065,47.1470957467743],[-121.849757623852,47.1470153347655],[-121.849597664386,47.1469676788145],[-121.849424631745,47.1469388493878],[-121.849214946067,47.1469133544598],[-121.849068781062,47.1468531970473],[-121.848884013251,47.146737796529],[-121.848750340781,47.1466371828624],[-121.848610991281,47.1465089122636],[-121.848475674604,47.1463618923467],[-121.84814677119,47.1459077872838],[-121.84785709551,47.1455769778052],[-121.847671148418,47.1453933646148],[-121.847545731344,47.1452803404622],[-121.847407256585,47.1451674694713],[-121.847267604524,47.1450268330836],[-121.84715157554,47.1449291383051],[-121.846851352719,47.1447160061344],[-121.846713173867,47.1446341447635],[-121.846469997163,47.1445146221056],[-121.846314124302,47.1444483765065],[-121.84615432982,47.1444068838231],[-121.845957756593,47.1443411396756],[-121.845567949281,47.1441631595244],[-121.84535680967,47.1440757834384],[-121.845050069821,47.1439648678765],[-121.844355194909,47.1437409094793],[-121.84382057778,47.1435769464466],[-121.843591964248,47.1434961326853],[-121.843079604345,47.1433380779819],[-121.842910698061,47.1432935883633],[-121.842422567174,47.1431786023655],[-121.842036340571,47.143122430096],[-121.841756128693,47.1430884723572],[-121.841054178406,47.1430827427067],[-121.840672479318,47.1430871702977],[-121.840420471054,47.1430947268052],[-121.83989694558,47.1431333460879],[-121.839747739975,47.1431535850771],[-121.839394148398,47.1431763847644],[-121.839176831128,47.1432068169924],[-121.839048064548,47.1432408863963],[-121.838947745766,47.1433070099786],[-121.838840054079,47.1433594809081],[-121.838690905208,47.1434030262356],[-121.838522359723,47.1434747383191],[-121.838367740606,47.1435601645209],[-121.838274318697,47.1436402475075],[-121.838235581529,47.1437196976252],[-121.838166160289,47.1439390246226],[-121.838060542247,47.1440749690259],[-121.837947160774,47.1441832261889],[-121.837787417457,47.1443245686696],[-121.837653348386,47.1444284301351],[-121.837473221892,47.1445792762418],[-121.837124424096,47.1447970354904],[-121.836963983405,47.1449104693705],[-121.836782525515,47.1450289448374],[-121.836675748287,47.1451184501929],[-121.836569394615,47.1452266238227],[-121.836470456439,47.1453485872095],[-121.836309914909,47.1456409473785],[-121.836258440106,47.1457530936591],[-121.836126155024,47.1459080184537],[-121.835999804097,47.1460397317875],[-121.835846285498,47.1461715935601],[-121.835712730437,47.1462754466726],[-121.835571181057,47.1463422080599],[-121.835456329865,47.1463899870359],[-121.835322310234,47.1464751715034],[-121.835255753366,47.1465271632185],[-121.83510901229,47.1466682147062],[-121.834850883982,47.1469757396903],[-121.834710138328,47.1470750675026],[-121.834299383271,47.147265589652],[-121.834110247104,47.1473375057817],[-121.833754219804,47.1475275871157],[-121.833646819712,47.14759395206],[-121.833532197183,47.1476511322793],[-121.833424332322,47.1476988282984],[-121.833086589174,47.1478142742683],[-121.832965601905,47.1478806309798],[-121.832865096273,47.1479609834722],[-121.83279960927,47.1480546154994],[-121.832760725366,47.1481481319218],[-121.832716603867,47.1485575510124],[-121.832716192798,47.1488249428118],[-121.832687009107,47.1490065903743],[-121.832635619116,47.149142068704],[-121.832529936463,47.1492779822245],[-121.832313487271,47.1496059423385],[-121.832253934094,47.1496763895209],[-121.832060629174,47.1498645619803],[-121.831922857262,47.150084479122],[-121.831857945985,47.1502016043737],[-121.831726229629,47.1503820467684],[-121.831668092208,47.1505081695598],[-121.831602310493,47.1506112648542],[-121.831583650796,47.150690480853],[-121.831589629362,47.1509320500012],[-121.831584845002,47.151001865131],[-121.831545802853,47.1510907499603],[-121.831493851571,47.1511842520529],[-121.831393910626,47.151287712348],[-121.831239605025,47.1513871645907],[-121.831071294152,47.1514681038258],[-121.830930591195,47.1515487529614],[-121.830546683466,47.1517296836802],[-121.830420831985,47.1517607746059],[-121.830043327879,47.1518366056323],[-121.829806719456,47.1518996551812],[-121.829631508092,47.1519666318347],[-121.829423617138,47.1520320916393],[-121.829097350783,47.1521074677326],[-121.828881288794,47.1521887880999],[-121.828529718797,47.1522764637354],[-121.828388662272,47.1523430457134],[-121.828147993522,47.1525267929145],[-121.827580932473,47.1529228552511],[-121.827317087713,47.1530635125978],[-121.827153212211,47.1531421736227],[-121.826860625575,47.1532992562038],[-121.826599097372,47.1534036077859],[-121.826255473188,47.1535368964405],[-121.825967136325,47.1536414712641],[-121.825808167549,47.1536959157615],[-121.8256549258,47.1537381195258],[-121.825494502889,47.1537939521506],[-121.825387065921,47.1538385370925],[-121.825261442089,47.1538987683919],[-121.825144479955,47.1539434622824],[-121.825022708355,47.1539789701462],[-121.824888336722,47.1540300331105],[-121.82476663631,47.1540684465554],[-121.82465421416,47.1541130879191],[-121.824578479558,47.1541604072173],[-121.824502869596,47.1542324051441],[-121.824454832127,47.1543009880003],[-121.82437044673,47.1543855899794],[-121.82427300138,47.1544670780528],[-121.824005300408,47.1546559237652],[-121.823889510052,47.1547499614817],[-121.823819044322,47.1548268635745],[-121.823716688129,47.1549147688698],[-121.823578542658,47.1550184948828],[-121.823502498054,47.1550532859465],[-121.823353449049,47.1550798629446],[-121.82326828599,47.1551116875667],[-121.823053003361,47.1552255370137],[-121.822722227167,47.1554243692474],[-121.822601551994,47.1555030235098],[-121.822333105773,47.155642350629],[-121.822118124091,47.1557685621511],[-121.821909531823,47.1559503922422],[-121.821798704998,47.1560618387042],[-121.821732729689,47.1561368228991],[-121.821511294592,47.1565323302139],[-121.82131698006,47.1567636837704],[-121.821160412764,47.1570376303586],[-121.821085052151,47.1571005188577],[-121.821032083968,47.1571535805875],[-121.82091765522,47.1573034840638],[-121.820737513298,47.1575785496368],[-121.820677175279,47.1576998925965],[-121.820589948092,47.1578525561938],[-121.820353820092,47.1582233849269],[-121.820328360814,47.1582917080506],[-121.820290991406,47.1584283917894],[-121.820265456599,47.158493644562],[-121.820152946115,47.1585352108738],[-121.820023938148,47.1586449978057],[-121.819943993349,47.1587046746762],[-121.819831745444,47.1587585772781],[-121.819652148869,47.1588317586596],[-121.819379825873,47.1589155944871],[-121.819156263616,47.1589599627639],[-121.818871450288,47.1590050292475],[-121.818180854889,47.1591427990041],[-121.817849430703,47.1592348457786],[-121.817606676702,47.1593164491103],[-121.817396923683,47.1593699247256],[-121.817254698071,47.1593900544358],[-121.81682708736,47.1594321082715],[-121.816168645928,47.1595091727658],[-121.816059720363,47.1595150467618],[-121.815767327369,47.159518374273],[-121.815495892151,47.1595353378075],[-121.815271825453,47.1595593030477],[-121.815082617268,47.1596310498485],[-121.814928097554,47.1597025677694],[-121.814705320788,47.1597793027207],[-121.813901494158,47.1600158710606],[-121.813678302147,47.1600740996023],[-121.813212730968,47.1602511281206],[-121.813043847167,47.1603322112724],[-121.812788542785,47.1604749584031],[-121.812541332271,47.1607039907104],[-121.81225005888,47.1610814329437],[-121.812076845317,47.1612736196959],[-121.811910052569,47.1614818570323],[-121.811859825596,47.1616281164174],[-121.811822576029,47.161790488822],[-121.811740827886,47.1620867162187],[-121.811679300797,47.1622411375519],[-121.811635008053,47.1623208051838],[-121.811492827948,47.1626317846071],[-121.811446539154,47.1627747082376],[-121.811343599188,47.1630264514552],[-121.811266245104,47.1631930622089],[-121.811077782459,47.1634809015001],[-121.811033778826,47.1635312525139],[-121.810821679404,47.1636956066135],[-121.810635856041,47.1638048482306],[-121.810409257501,47.1639715869807],[-121.810299399462,47.1640419056669],[-121.810196692096,47.1641169419469],[-121.810142442338,47.1641593739809],[-121.810054070084,47.1642650694753],[-121.809955321455,47.1643590918474],[-121.809773319699,47.164480106451],[-121.809645718538,47.1645434139284],[-121.809024272612,47.1648219206503],[-121.80853171621,47.1649464210028],[-121.808107844517,47.1650202902461],[-121.808001033344,47.1650309310277],[-121.807875539114,47.1650371490955],[-121.807722430061,47.1650436793049],[-121.807512871845,47.1650436360548],[-121.807077152589,47.1650651789209],[-121.806889353622,47.1650935432295],[-121.806604694045,47.1651682195213],[-121.80634212188,47.1652616767462],[-121.806119781013,47.1653164529873],[-121.806075059919,47.1653375237098],[-121.805982622129,47.1654218730318],[-121.805910899412,47.1654701491013],[-121.80582513087,47.1655377785747],[-121.805577302076,47.1658262785695],[-121.805512594591,47.1658936700206],[-121.805425388393,47.1660280032252],[-121.805384391716,47.166078318018],[-121.805368178189,47.1661143410931],[-121.80536218297,47.1661572398613],[-121.805390517141,47.166330715887],[-121.805374457947,47.1665188966339],[-121.805349609814,47.1666547480616],[-121.805358436149,47.1667285208674],[-121.805347281467,47.1669929045657],[-121.805318091299,47.1670741273847],[-121.805284594566,47.167143579169],[-121.805145935881,47.1673117272733],[-121.805037905616,47.1674795306662],[-121.804983424619,47.1675325742062],[-121.804825598069,47.1676366911555],[-121.80477797546,47.1676824734089],[-121.804638629394,47.1678439381003],[-121.80445461058,47.1680269942026],[-121.804400314957,47.168089468788],[-121.804363261893,47.1681565475819],[-121.804329358714,47.1681877785048],[-121.804284655152,47.168209698886],[-121.804219617281,47.1682652744315],[-121.804018679072,47.1684769834861],[-121.803759308643,47.1687249704397],[-121.803701560694,47.1687876752571],[-121.803667962218,47.1688331352182],[-121.803605766343,47.1688600498342],[-121.803546917178,47.1688773306571],[-121.803481761538,47.168886648401],[-121.80340246368,47.1689113431419],[-121.803264273358,47.1689747905857],[-121.803115379148,47.169031310405],[-121.802908439018,47.1691217186929],[-121.802660077675,47.1692434691067],[-121.802447638288,47.1693343503523],[-121.802338798279,47.1693828226735],[-121.802331828521,47.1693855884312],[-121.802148591217,47.1694586450281],[-121.801992486204,47.1695080602091],[-121.801839842537,47.1695359931482],[-121.801575203353,47.1695651863472],[-121.801072714762,47.1695708403142],[-121.800724867888,47.1696128132561],[-121.800551761397,47.1696243574098],[-121.800303897924,47.1696223457291],[-121.8001715265,47.1696356527035],[-121.800032526734,47.1696658426426],[-121.799904210112,47.1697005196381],[-121.799804037384,47.1697350715896],[-121.799469516806,47.1699126261172],[-121.79939770973,47.1699562649886],[-121.799352864003,47.1699924160268],[-121.79926350805,47.1700386647532],[-121.798956204521,47.1701778509045],[-121.79884625621,47.1702455819482],[-121.798784730179,47.1702987020827],[-121.798698562307,47.170352126859],[-121.798522230571,47.1704183816012],[-121.798297739727,47.170530229866],[-121.798122155248,47.1706274891525],[-121.798008694138,47.1707163453592],[-121.797950296307,47.1707541837775],[-121.797813405055,47.1709135835875],[-121.797724817621,47.1709918503135],[-121.797618408545,47.1711013573421],[-121.797485193964,47.171226603888],[-121.797410719544,47.171326484387],[-121.797363043453,47.1714137518793],[-121.797332821225,47.1714944618725],[-121.797245353444,47.1716191669869],[-121.797228606755,47.1716750750498],[-121.797221354797,47.1717495224174],[-121.797228315511,47.171851423148],[-121.797210934405,47.172067723507],[-121.797135983355,47.1723563213862],[-121.797097870305,47.1724650618725],[-121.797078443959,47.1725982725846],[-121.797026375428,47.1727102681217],[-121.796973970418,47.1727882932193],[-121.796921339552,47.1728569419865],[-121.796876635702,47.1729007959908],[-121.796809930362,47.1729478035726],[-121.796505188275,47.1731090831811],[-121.79632096803,47.173182278342],[-121.796226087769,47.1732081852117],[-121.796135856329,47.1732184375853],[-121.795805232861,47.1732036329459],[-121.795732164179,47.173195210365],[-121.795288302635,47.1730484883314],[-121.795078172591,47.1729859088233],[-121.794927971634,47.172968889106],[-121.794796202527,47.172964194562],[-121.794628584082,47.1729753389377],[-121.794424486511,47.172974524977],[-121.794147428241,47.1729714556129],[-121.793906853456,47.1729587362728],[-121.793393091299,47.1729149601741],[-121.793183670992,47.1728800917407],[-121.792969338057,47.1728516395366],[-121.792728837491,47.172841988359],[-121.792529431714,47.1728473152328],[-121.792234233944,47.172884204546],[-121.791939031982,47.1729409731423],[-121.791652782859,47.1730156294841],[-121.791393133233,47.1731078397739],[-121.791098355316,47.1731824251464],[-121.79088097596,47.1732146584475],[-121.790654317415,47.173217187927],[-121.790339545828,47.1731908930453],[-121.789893028278,47.1731423748737],[-121.789482542692,47.1731291563024],[-121.789064487138,47.1731574532913],[-121.788803264016,47.1731841932514],[-121.788542286652,47.1732229128744],[-121.788115181695,47.1732276703006],[-121.787746484599,47.1731543114452],[-121.787499411851,47.1730381093116],[-121.787330689158,47.1729208975262],[-121.786946698969,47.1725443477364],[-121.786654649779,47.1723750364174],[-121.786487112701,47.1723055773981],[-121.786305145126,47.1722850069043],[-121.78596325402,47.1722173218251],[-121.785709559898,47.1722023185824],[-121.785316973789,47.1722007048011],[-121.78489850147,47.1722113317401],[-121.784741091751,47.1722071031135],[-121.784067743772,47.1721312750629],[-121.783736044349,47.1721349571667],[-121.783118026022,47.1722072970178],[-121.782831241352,47.1722581088091],[-121.782553885983,47.1723266655779],[-121.782223500079,47.1723837728623],[-121.781953432793,47.1723987766831],[-121.781577504451,47.1723791139387],[-121.781096022331,47.172318994096],[-121.780640485314,47.1722287512088],[-121.780159290718,47.1721806064613],[-121.779615553224,47.172079490168],[-121.778863197493,47.1719985287756],[-121.778557162153,47.1719602869157],[-121.778345615441,47.1718793205713],[-121.778185051644,47.1717203255697],[-121.777954772824,47.1713586917344],[-121.77782698975,47.1711220621986],[-121.777742324119,47.1708791149515],[-121.777559917403,47.170541795106],[-121.777451018697,47.1703585920067],[-121.777386141222,47.1702105499101],[-121.77722455763,47.170009939471],[-121.776613384353,47.1693111176899],[-121.77632192295,47.1690390824751],[-121.776206145789,47.1689029260128],[-121.775977228417,47.1685128103993],[-121.77566598251,47.1680420252104],[-121.775561648471,47.1679016287219],[-121.775402761756,47.1677090206125],[-121.775250619905,47.1675448014751],[-121.775044887555,47.1673689972378],[-121.774893418734,47.1672534425222],[-121.774592553255,47.1670706526483],[-121.774256565995,47.1669124069115],[-121.773968814981,47.166794238285],[-121.773807668124,47.1667384294943],[-121.773538575068,47.1666661501271],[-121.77327031193,47.1666084484346],[-121.772864841308,47.1665278790912],[-121.772549346932,47.1664706958525],[-121.772263284465,47.1664253354833],[-121.771656501717,47.166355066193],[-121.771015118182,47.1663297326071],[-121.77056353244,47.1662983623193],[-121.769885403982,47.1662288673253],[-121.769582295329,47.1662038970894],[-121.769254645633,47.1661646620068],[-121.768970253813,47.1661677829431],[-121.768739019514,47.1661864164074],[-121.768527268269,47.1662657094816],[-121.768245739028,47.1663885721175],[-121.768097316045,47.1664253259942],[-121.767589120029,47.1665287625909],[-121.767195640718,47.1665949644838],[-121.766723748427,47.1667888177154],[-121.76658495272,47.1668708733088],[-121.766370640907,47.1670123814375],[-121.766207081102,47.1671082813823],[-121.766113539575,47.1671929394681],[-121.766038791731,47.167283369506],[-121.765994719755,47.1673549816829],[-121.765893421575,47.1674705730729],[-121.765625815799,47.1676747172735],[-121.765540641915,47.1677066624599],[-121.7654500368,47.1677230644841],[-121.765255075815,47.1677251975973],[-121.76488727991,47.1677076405479],[-121.764700330736,47.167687912859],[-121.764560031565,47.1676839628378],[-121.764288116338,47.1676845501209],[-121.764050244396,47.1676777174922],[-121.763886156001,47.167667500755],[-121.763416823537,47.1676083813684],[-121.763105625672,47.1675833179636],[-121.762969080818,47.1675679996123],[-121.762703364174,47.1675328690735],[-121.762590790371,47.1675126821057],[-121.762162087886,47.1673840132894],[-121.76190981437,47.167342563416],[-121.761544852363,47.1672536435268],[-121.761456531119,47.1672165738128],[-121.761379150801,47.1671745591625],[-121.761294602856,47.1671492668722],[-121.761090287471,47.1670729882988],[-121.760833661126,47.1669949228603],[-121.760642760837,47.1668922828281],[-121.760561957086,47.166855103621],[-121.76040342022,47.1668019896768],[-121.760297791843,47.1667555106559],[-121.760110487862,47.1666552161871],[-121.760025275373,47.1666014944295],[-121.759933232919,47.1665548401828],[-121.759749091444,47.166440142657],[-121.759689721972,47.1663928027069],[-121.759601009504,47.1663389273662],[-121.759427332389,47.166219481494],[-121.759334360256,47.166134802683],[-121.75923083922,47.1660288237276],[-121.758759477817,47.1657292263207],[-121.758459368195,47.1655777292596],[-121.758349857364,47.1655146733672],[-121.758154806262,47.1653836394792],[-121.758027520563,47.1653135375363],[-121.757780656388,47.1652019051188],[-121.757579682942,47.1651184006137],[-121.757473801854,47.1650815188525],[-121.757251819279,47.1649816251372],[-121.757088921487,47.1648929068961],[-121.757046978114,47.1648839292008],[-121.756931825282,47.1648803821885],[-121.75686172401,47.1648691339994],[-121.756784329792,47.1648485593689],[-121.756724484268,47.1648253812145],[-121.756583750171,47.1647818576364],[-121.756531327554,47.1647752158157],[-121.756464447945,47.164752113683],[-121.756387243466,47.16471730526],[-121.75630224268,47.1646705985313],[-121.756203301478,47.1646312274594],[-121.756034966324,47.1645902244111],[-121.755876906426,47.164534686392],[-121.75581032402,47.164525976925],[-121.755673513834,47.164498862203],[-121.7554441771,47.1644057073782],[-121.755352735874,47.164363841397],[-121.755253516362,47.1643124893191],[-121.755179574794,47.1642658262579],[-121.7550627892,47.1642146380806],[-121.754788378279,47.1641057110838],[-121.754538655874,47.1640227303036],[-121.754309167792,47.163922911336],[-121.754095213108,47.1638633430216],[-121.753563474407,47.1636691277324],[-121.753409140682,47.1636231422177],[-121.753015529831,47.1635108691207],[-121.752794186068,47.1634584256672],[-121.752720223885,47.1634331770272],[-121.752373119419,47.1633324080529],[-121.75218159583,47.1632880312902],[-121.751952983072,47.1632255463541],[-121.751866253481,47.1631923730945],[-121.751769711451,47.1631469950872],[-121.751596759025,47.1630557999336],[-121.75145254234,47.1629709850798],[-121.751273959589,47.1628987165291],[-121.751052117937,47.1628454248402],[-121.750947230005,47.1628093496031],[-121.750726729946,47.1627065205866],[-121.750465174297,47.1625670891703],[-121.750322551396,47.1624849975104],[-121.750059437818,47.16229915895],[-121.749962300287,47.162207306594],[-121.74988138886,47.1621423709292],[-121.749779608346,47.162044426591],[-121.749687181108,47.1619804655739],[-121.749602177573,47.1619314509316],[-121.749576627079,47.1619166992664],[-121.749403739563,47.1618937250925],[-121.749224807962,47.161915209067],[-121.748930819029,47.1619368934898],[-121.748812841166,47.1619412390551],[-121.748708010353,47.1619300316987],[-121.748467709745,47.1619264566202],[-121.748231682947,47.1619321031814],[-121.748073275342,47.1619492235377],[-121.747942319964,47.1619816770693],[-121.747668681577,47.1620990849922],[-121.74729584004,47.1622763793549],[-121.747215162144,47.1623080980607],[-121.747116490938,47.1623648818025],[-121.747072134349,47.1624025431929],[-121.747036964775,47.1624462749241],[-121.747016523895,47.1625392051775],[-121.74702714876,47.1626073135496],[-121.747020110723,47.1626939298334],[-121.746985155324,47.1627469280474],[-121.746931375429,47.162790860419],[-121.746667810375,47.1629546351354],[-121.746547079352,47.1630363072926],[-121.746395504525,47.1631524230889],[-121.746257434114,47.1632683939611],[-121.746150864442,47.163374783543],[-121.746053245985,47.1634563706151],[-121.745972475883,47.1635067630366],[-121.7457924056,47.1635643948957],[-121.74570009594,47.1636147746044],[-121.745588694935,47.1637088491322],[-121.745437722328,47.1638528990017],[-121.745376560707,47.1639462677039],[-121.745307116958,47.1640709310721],[-121.745210474602,47.1642173021482],[-121.745021542547,47.1644793131933],[-121.744937485193,47.1645823617264],[-121.744862204867,47.1646512030419],[-121.744759300665,47.1647234404775],[-121.744665503563,47.1647739721487],[-121.744561493931,47.1647966989247],[-121.74440329489,47.1648232446693],[-121.744240304179,47.1648373378327],[-121.744000163546,47.1648429927248],[-121.74375886902,47.1648178379221],[-121.743394309307,47.1647442945368],[-121.743202147299,47.1646721596231],[-121.743018637201,47.164581229817],[-121.742862192725,47.1644871030525],[-121.742724291118,47.1644142196596],[-121.74244753751,47.1642254121092],[-121.742346696687,47.1641677325644],[-121.742167596015,47.1640952631411],[-121.742084599187,47.1640250251615],[-121.742033194108,47.1639544478216],[-121.741956819904,47.1638036032545],[-121.741810464685,47.1635577013467],[-121.741736468225,47.1634872016677],[-121.741625636427,47.1634111196953],[-121.741422577719,47.1632585366177],[-121.741133901,47.1629428673461],[-121.741030814128,47.1627893745467],[-121.740970424479,47.1627405005274],[-121.740906148636,47.162700909288],[-121.740850927388,47.1626581494425],[-121.740798617276,47.1625690721719],[-121.740779276414,47.1625166861832],[-121.740732271574,47.1624397265511],[-121.740685625999,47.1623783378284],[-121.740620553734,47.1623233441701],[-121.740556248428,47.1622806816422],[-121.740375115907,47.1620970130317],[-121.740163255358,47.1619755346395],[-121.740049190036,47.1619334054766],[-121.739852896193,47.1618767478926],[-121.73931948456,47.161582371786],[-121.739153683975,47.161475836147],[-121.738857751612,47.1612159307954],[-121.738650186085,47.1610851633657],[-121.738507726739,47.1610092247257],[-121.738328171161,47.1608935672568],[-121.737931748766,47.1606131554279],[-121.737406636986,47.1602660887883],[-121.737286810002,47.1601899072943],[-121.737144216882,47.1601079632557],[-121.737024660261,47.1600225103438],[-121.736904980584,47.1599526879789],[-121.736739830821,47.1598740841114],[-121.736587081111,47.1598311587982],[-121.736354766664,47.1597810225596],[-121.735765860835,47.1596294554231],[-121.735094393964,47.1594292730679],[-121.734387085627,47.1592419733896],[-121.7339401004,47.1591446005954],[-121.733333224333,47.1589994106136],[-121.733000394308,47.1589256609764],[-121.732777411713,47.1588877572206],[-121.732338911693,47.1588305698977],[-121.731865655539,47.1587706520922],[-121.731715624641,47.158756648143],[-121.73161094481,47.158751593466],[-121.731465208162,47.1587284668746],[-121.731277977503,47.1586716706751],[-121.730975862112,47.1585573340919],[-121.73069657019,47.1584302219303],[-121.730568313365,47.1583820648745],[-121.730358496982,47.1583255075642],[-121.73022623665,47.1582991646201],[-121.730034324953,47.1582362465384],[-121.729763810654,47.1581183075751],[-121.729631268136,47.1580796007],[-121.729503463805,47.1580283665284],[-121.729370847128,47.1579863962418],[-121.729288159421,47.1579531638033],[-121.729139593587,47.157915174861],[-121.728965841779,47.1578551331197],[-121.728755284744,47.1577677594859],[-121.728645367475,47.1577286462586],[-121.728562821079,47.1577015817726],[-121.728394290016,47.1576694524348],[-121.728150647862,47.1575203481028],[-121.728044881197,47.157465779705],[-121.72798059167,47.1574231101123],[-121.727734606329,47.1571905889592],[-121.727618838404,47.1570711658136],[-121.727442901279,47.1569151991638],[-121.727303633414,47.1567805883214],[-121.727091142717,47.1566063347023],[-121.726924366141,47.1564535062627],[-121.726837990677,47.1563677180198],[-121.726707552808,47.1562236071452],[-121.726429417036,47.1559698158656],[-121.726272531103,47.1558539266169],[-121.726060852562,47.1557168183241],[-121.725807109978,47.1555400940016],[-121.725719495171,47.1554667951099],[-121.725625839404,47.1553471355715],[-121.725536672686,47.1552056841797],[-121.725429292259,47.1550800008072],[-121.725355188444,47.1550033225077],[-121.724928095003,47.1546508557834],[-121.72472931696,47.1545043681264],[-121.72464596041,47.1544185183105],[-121.724397251145,47.1541109680507],[-121.724085260389,47.153693361222],[-121.723968594987,47.1535125760352],[-121.723840057679,47.1533400063734],[-121.723730521295,47.1532074893001],[-121.723567074965,47.1530676446193],[-121.723416840944,47.1529802813821],[-121.723237540353,47.1529174104152],[-121.722986907882,47.1528552934571],[-121.722802315357,47.1528248349759],[-121.722623473924,47.1527821673919],[-121.722312651908,47.1526804047455],[-121.722032086289,47.1526064264977],[-121.721733723958,47.1525204621409],[-121.721459650459,47.1524667889898],[-121.721161190928,47.1524012250467],[-121.720916171977,47.1523188082983],[-121.720653051961,47.1522163447233],[-121.720407630227,47.1521178348397],[-121.720209423904,47.1520186344694],[-121.719934161874,47.1519123770625],[-121.719611719509,47.1518064519155],[-121.719360911905,47.1517362395912],[-121.718882336496,47.1516155064929],[-121.718700103663,47.1515771465804],[-121.718359069951,47.1515375530586],[-121.717781369624,47.1514538364197],[-121.71735818397,47.1514056719206],[-121.717107636887,47.1513680285299],[-121.716889099753,47.1513239051416],[-121.716397285322,47.1512394421397],[-121.716137691195,47.1511803116355],[-121.715964260423,47.1511541942356],[-121.71578252308,47.1511375964259],[-121.71561200655,47.1511301483251],[-121.71505868808,47.1511236256892],[-121.714763872284,47.1511297948392],[-121.714070564312,47.151177193784],[-121.713739760822,47.1511899081832],[-121.713432166589,47.1512087391294],[-121.713237105478,47.1512268825325],[-121.713083398578,47.1512501027436],[-121.712899931264,47.1512887172462],[-121.712483603474,47.1513893863685],[-121.711859864131,47.1514918986141],[-121.711742396405,47.151517973099],[-121.711634032706,47.1515252784737],[-121.711230258994,47.1515356789527],[-121.710704271141,47.1515381168004],[-121.709961345826,47.1515923179151],[-121.709594926361,47.1516300987496],[-121.709445720107,47.1516534315312],[-121.709353049327,47.1516883207321],[-121.709158842274,47.1517213649315],[-121.709036481752,47.1517319125242],[-121.708941491689,47.1517298075541],[-121.708827296676,47.1517030600552],[-121.708613893766,47.1516868089343],[-121.70822374006,47.1516970296419],[-121.708092406805,47.1517107414062],[-121.708011448968,47.1517302877616],[-121.707844224672,47.1517567136049],[-121.707703848806,47.1517705193932],[-121.707341095549,47.1517712098072],[-121.707082208029,47.1517646719174],[-121.706882761528,47.1517667540575],[-121.706369969632,47.15175359678],[-121.706129262525,47.1517530098632],[-121.70593404848,47.151739444057],[-121.705322321193,47.1516629023385],[-121.704814275513,47.1516373221945],[-121.704173643949,47.1516359617877],[-121.703521276461,47.1516507891246],[-121.703183140661,47.1516503870676],[-121.702875432562,47.1516859728344],[-121.702468071168,47.1517589267935],[-121.702142550376,47.1518068706794],[-121.701829787848,47.1518627424523],[-121.701498716828,47.1519105776813],[-121.701249651671,47.1519172788439],[-121.700952730722,47.1518960138244],[-121.700684587426,47.1518583534766],[-121.700324968815,47.1517743411557],[-121.700132754982,47.1517401957233],[-121.69988800789,47.1517134235054],[-121.699417371407,47.1517213783198],[-121.698262063742,47.1516690828262],[-121.697640109017,47.1516724568981],[-121.69714449448,47.1516164141204],[-121.696638921146,47.1515445128821],[-121.696378719939,47.1515023179567],[-121.695850203565,47.1514596078239],[-121.695363689867,47.1513842687977],[-121.695097949921,47.1512970488532],[-121.694812691382,47.1511906707044],[-121.694541594456,47.1510649230559],[-121.694241746626,47.1509331383989],[-121.694157268956,47.1509083177532],[-121.694025615892,47.1508841487926],[-121.69376297026,47.1508220660908],[-121.69321188891,47.1506224281956],[-121.692972450153,47.1505645735071],[-121.692719675944,47.15051612411],[-121.692152764433,47.150419829289],[-121.691899785977,47.150362112011],[-121.691694917352,47.150322407288],[-121.69151114166,47.1503057927155],[-121.691257846945,47.1502573172652],[-121.691004664506,47.15019035936],[-121.690455746388,47.1499732199917],[-121.690249813202,47.1498870724329],[-121.689996635385,47.1498201131176],[-121.689771093759,47.1497759828752],[-121.689586694484,47.149754737581],[-121.689130703571,47.1497407548138],[-121.688049137615,47.1497472404339],[-121.687811351401,47.14976375028],[-121.687607881154,47.1497889565179],[-121.687369722417,47.1497867957741],[-121.687138339777,47.1497984126943],[-121.686915821484,47.1498238404454],[-121.686657737612,47.1498312883681],[-121.686419945169,47.1498476037371],[-121.685855649332,47.1498672680873],[-121.685603764628,47.149860610668],[-121.685352124907,47.1498631909649],[-121.685127772721,47.149874731771],[-121.684938030265,47.1499046183379],[-121.684686988808,47.1499581118346],[-121.684402490356,47.1499982092224],[-121.684165210538,47.150037822276],[-121.683995927498,47.1500860064181],[-121.683833507305,47.1501246875924],[-121.683541874167,47.1501602218048],[-121.683379458246,47.1501990668149],[-121.683083298745,47.1503505257321],[-121.682989299452,47.150393304965],[-121.682922004785,47.1504404438868],[-121.68286255613,47.1505245204138],[-121.682844402649,47.1506129458946],[-121.682799150624,47.1507248188063],[-121.682752837171,47.1507902247777],[-121.682490260497,47.150913589356],[-121.682092084614,47.1510616194247],[-121.68176303281,47.1512256961358],[-121.681520304314,47.1513598238342],[-121.681082634938,47.1515639453001],[-121.680718185104,47.1517160963701],[-121.680422170399,47.1518492020574],[-121.680246833609,47.1519205582809],[-121.680091873412,47.1520009744322],[-121.679855614176,47.1521115324444],[-121.679632430727,47.1521988143448],[-121.679449904666,47.1522613301472],[-121.679320363597,47.152311324034],[-121.679203230104,47.1523773134683],[-121.679109863879,47.1524510949178],[-121.679010862321,47.1525410568171],[-121.67894112532,47.1526145971602],[-121.678859501757,47.1526721632878],[-121.678742187749,47.1527299010097],[-121.678396504657,47.1529834727243],[-121.67823285867,47.1530823200466],[-121.678039070595,47.1531814451817],[-121.677945434292,47.1532430816011],[-121.677840837966,47.1533291508685],[-121.677825347089,47.1533505327906],[-121.677598752503,47.1536551804426],[-121.677436087625,47.153822896091],[-121.67713295037,47.154068654924],[-121.676963623102,47.1541836809693],[-121.67682887984,47.154249819994],[-121.676527405141,47.1543641060933],[-121.675894218398,47.1545206749887],[-121.675655282463,47.154601610492],[-121.67533699608,47.1547285678889],[-121.674865742361,47.1548715020513],[-121.674675031595,47.1549280889871],[-121.674546568534,47.1549580211386],[-121.674400140643,47.154971519286],[-121.673946954718,47.1549737078998],[-121.673342466062,47.1549502021544],[-121.672634807877,47.1549883939664],[-121.672283189671,47.1550157885241],[-121.67206378131,47.1550247034749],[-121.671395386773,47.1551123674212],[-121.6708711863,47.1552223958599],[-121.670631290539,47.1552818871376],[-121.670559037524,47.1553088327042],[-121.670493412607,47.1553429227372],[-121.670431567833,47.1553863797221],[-121.670355500775,47.1554227964425],[-121.670178955827,47.1554840590648],[-121.670019181629,47.1555309198857],[-121.669908224147,47.1555582566851],[-121.669637958995,47.1556538915494],[-121.669204465228,47.1558466002795],[-121.669018648894,47.1559197722836],[-121.66871997005,47.156027017463],[-121.668460448453,47.1561307399402],[-121.668210093829,47.1562642024892],[-121.668068158906,47.1563460060469],[-121.667956365277,47.1564275329364],[-121.667828355554,47.1565508470615],[-121.667723116833,47.1566547095435],[-121.667409563257,47.1570030454769],[-121.667144919561,47.1573342419823],[-121.666987872732,47.1575072059719],[-121.666903570992,47.1576293926085],[-121.666828739492,47.1577230487952],[-121.66676720933,47.1577831448126],[-121.666650554877,47.1578723965961],[-121.666560839233,47.157930363865],[-121.666385097355,47.1580274227946],[-121.666288509975,47.1580688423229],[-121.666125136502,47.1581690391327],[-121.666041242075,47.1582545323186],[-121.66579299764,47.158554739953],[-121.665600832459,47.1587066125713],[-121.665532318462,47.1587691915639],[-121.665404392341,47.1588653282233],[-121.665336511351,47.1589163021106],[-121.665237620929,47.1590148328853],[-121.665179872254,47.1590844596489],[-121.665066289918,47.1591766135988],[-121.664911807125,47.1592828883591],[-121.664791649151,47.1593740654664],[-121.664571136645,47.159516651786],[-121.664263841532,47.1596672964664],[-121.664067223107,47.1597549650103],[-121.663765601489,47.1598651051626],[-121.663623743712,47.159904756926],[-121.663505597042,47.1599273611746],[-121.663331117956,47.1599457606034],[-121.662895331438,47.15996437576],[-121.662574310479,47.1599676037096],[-121.662217716432,47.1599339233242],[-121.661934147841,47.1598768593102],[-121.66183183932,47.1598398279407],[-121.661477778889,47.15975769608],[-121.661329843862,47.1597021198854],[-121.661192220232,47.1596344289635],[-121.661040450165,47.1595408318335],[-121.660912791023,47.1594468273737],[-121.660777435361,47.159322079413],[-121.660626522126,47.1591283881051],[-121.660588102382,47.1590432486861],[-121.66051292887,47.1588700481594],[-121.660478690544,47.1587737348391],[-121.660434867478,47.1587679499132],[-121.659737362985,47.1586756027226],[-121.659545512225,47.1586340104395],[-121.659131616418,47.1585262303588],[-121.658960121129,47.1584945509431],[-121.658834432966,47.1584935893005],[-121.658492625593,47.1585112184046],[-121.658367334265,47.1585081691444],[-121.658227100121,47.1585018956095],[-121.658128806312,47.1584886489049],[-121.657957405103,47.1584855668981],[-121.657658006079,47.1585123931511],[-121.657529329267,47.1585350967339],[-121.65718501924,47.1585765751343],[-121.656864120264,47.1585869974023],[-121.656585604732,47.1586278428798],[-121.656485050363,47.1586478512721],[-121.656335785573,47.1586945878106],[-121.656283689646,47.1587023211715],[-121.656213427278,47.1586839931271],[-121.656142998559,47.1586560703634],[-121.656065600197,47.1586330429665],[-121.656006062465,47.1586217931067],[-121.655950316119,47.1586223504072],[-121.655873262396,47.1586135235123],[-121.655806868721,47.1585881377344],[-121.655756864729,47.1585528264169],[-121.655599728821,47.1583735869148],[-121.655512572872,47.1582930457206],[-121.655393901381,47.1581489033613],[-121.655194975582,47.1579628964342],[-121.655098329717,47.1578615564372],[-121.655027046477,47.1577956082526],[-121.654917171995,47.1577110170486],[-121.654669538338,47.157551709679],[-121.65437605412,47.1573856474091],[-121.654245437631,47.1573178794528],[-121.653706941021,47.1570900154326],[-121.653594551797,47.1570529397802],[-121.653531416456,47.1570369259733],[-121.653312715934,47.1569368009832],[-121.653214081491,47.1568831083424],[-121.65295561185,47.1567580164791],[-121.652825407563,47.1567092723571],[-121.652702177391,47.1566558247797],[-121.652645566697,47.1566159439349],[-121.652374593906,47.1564925101496],[-121.652247325235,47.1564175221598],[-121.652088316835,47.1563358037745],[-121.651908692269,47.1562543171575],[-121.651673118599,47.156163790659],[-121.651429735122,47.1560539557361],[-121.651042432973,47.1558797428754],[-121.650912180316,47.1558286115235],[-121.650785212101,47.1557656016961],[-121.650684769298,47.1556966794153],[-121.650497452131,47.1555842269437],[-121.650299671158,47.1554768421993],[-121.650087913245,47.1553718446246],[-121.649704507782,47.1552065002251],[-121.649538890724,47.1551462863422],[-121.649366867044,47.1550909344915],[-121.649152684233,47.1550360014026],[-121.648802222581,47.1549561811901],[-121.648609239576,47.1549056702502],[-121.648444283624,47.1548762682991],[-121.648262708285,47.1548686672789],[-121.648078141588,47.1548847310173],[-121.647984624182,47.154904662209],[-121.64766916037,47.1550030797217],[-121.647596677264,47.1550442443325],[-121.64724544065,47.1552785829881],[-121.647048482781,47.1553734372853],[-121.646840916324,47.1554421553647],[-121.646413195256,47.1555320856071],[-121.646284367215,47.1555475669207],[-121.645932326703,47.1555558550243],[-121.645765210234,47.1555647224571],[-121.645607895286,47.1555638685087],[-121.645211501748,47.1556130390031],[-121.644967686016,47.1556558987687],[-121.644734569837,47.155682035028],[-121.644637196912,47.1556852480398],[-121.644361121149,47.1556761345555],[-121.64383787935,47.1555503796819],[-121.643441020284,47.1554377684265],[-121.642914630888,47.155281026932],[-121.642518026667,47.1551802284974],[-121.642251151143,47.1551043877239],[-121.642089561686,47.1550441234664],[-121.641955671255,47.154985806749],[-121.641692200977,47.1549075183423],[-121.641287968572,47.1548467140928],[-121.64108539732,47.1548440796618],[-121.640959550438,47.1548333393947],[-121.640847622047,47.1548154135134],[-121.640689442451,47.1547717304498],[-121.640566388906,47.154727700676],[-121.640482088331,47.1546856743795],[-121.64041193727,47.1546721622588],[-121.640289679317,47.1546637708976],[-121.640142233925,47.1546295786518],[-121.640015583041,47.154580785196],[-121.639787827729,47.1545259418146],[-121.639692577882,47.1544888483299],[-121.639519818021,47.1544000628774],[-121.639361390502,47.1543445622549],[-121.639259133445,47.1542859307226],[-121.639078336219,47.1541706545196],[-121.638969101312,47.1541146687229],[-121.638791980667,47.1539830675802],[-121.638710142097,47.1539148018327],[-121.638620618195,47.1538157906076],[-121.638457010799,47.153657842776],[-121.638131102594,47.1534301982622],[-121.638025555194,47.1533811951882],[-121.637849580227,47.1533282510849],[-121.637558968045,47.1532716629587],[-121.637425944863,47.1532539418917],[-121.637118524786,47.15323313769],[-121.637010447838,47.1532318147207],[-121.636901538221,47.1532138561912],[-121.636796393952,47.1531838775404],[-121.636702122754,47.1531681596498],[-121.636586581966,47.1531692955158],[-121.636286907884,47.1531840872023],[-121.636094257483,47.1531503338237],[-121.635951289758,47.1531375073558],[-121.635832151375,47.1531338792415],[-121.635710301653,47.1531465653643],[-121.6356196058,47.1531592744139],[-121.635501554092,47.1531842621977],[-121.635362793459,47.1532260697144],[-121.635217695341,47.153279922555],[-121.635071961925,47.1533265967506],[-121.634908525808,47.1533686462297],[-121.634689520345,47.1533946240735],[-121.634578348195,47.1534123318207],[-121.634484408433,47.1534370816677],[-121.63438725055,47.1534522661435],[-121.6340457203,47.153481830397],[-121.633920192216,47.1534878601202],[-121.633787510522,47.1534843627151],[-121.633689460919,47.1534591102529],[-121.633597652087,47.1534171526111],[-121.633466022623,47.153299520809],[-121.633395030603,47.1532191620365],[-121.633270503776,47.1531276465981],[-121.633136561817,47.1530432706186],[-121.633051645572,47.1529964735726],[-121.632963486201,47.1529616909609],[-121.632886775606,47.1529456341946],[-121.632760928459,47.1529326363126],[-121.632621376317,47.1529388020353],[-121.632534327398,47.1529586842275],[-121.63234679674,47.1530247941475],[-121.632232781305,47.1530735679279],[-121.631963632052,47.1531999241482],[-121.631873487557,47.1532388658958],[-121.631783664422,47.1532683449378],[-121.631707635338,47.1533095342275],[-121.631631797567,47.1533579328821],[-121.631541752494,47.1534016448133],[-121.631258033692,47.1535043407587],[-121.6310390025,47.1535541128131],[-121.630931625096,47.1535860110978],[-121.630838104168,47.1536059555713],[-121.630747399507,47.1536164398132],[-121.630646356153,47.153615042925],[-121.630534383627,47.1535947225181],[-121.630287764585,47.1535042328693],[-121.629868314845,47.153291876612],[-121.629755701307,47.1532429348409],[-121.629488550036,47.1531526720981],[-121.629114401865,47.1529707176868],[-121.628761245173,47.1527813735533],[-121.62862369048,47.1527160294615],[-121.628339774798,47.1526427092869],[-121.628178223357,47.1526060889077],[-121.628034461186,47.1525552012166],[-121.627861435867,47.1524736135083],[-121.627677672757,47.1523610906759],[-121.6274498301,47.1522299939827],[-121.627326045274,47.1521503111502],[-121.626980712735,47.1519750893813],[-121.62686408034,47.1519239629467],[-121.626489202543,47.1517735135379],[-121.626228309361,47.1516993052765],[-121.626035408756,47.1516511419718],[-121.625769576776,47.151625130973],[-121.625513974246,47.1515847617346],[-121.62509151217,47.1515650455456],[-121.624923037203,47.15153345112],[-121.624779227678,47.1514800097861],[-121.62465890082,47.151419319959],[-121.624581152597,47.1513533893251],[-121.624509667256,47.1512756075113],[-121.62447674794,47.1512140404444],[-121.624313702774,47.1510094797008],[-121.62427384609,47.1509313621904],[-121.624226298598,47.1508199219754],[-121.624192798137,47.1505631821979],[-121.624165966456,47.1504563382577],[-121.624140014472,47.1503684894523],[-121.624092869074,47.1502762395279],[-121.624042395538,47.1502170911993],[-121.623985615458,47.1501677655435],[-121.623886631654,47.1500972702896],[-121.623773724258,47.1500317091333],[-121.623622107591,47.1499641099916],[-121.623372843987,47.1498880282559],[-121.623155328756,47.1498425120931],[-121.622760268747,47.1497868748091],[-121.622462507894,47.1497712573392],[-121.622045805111,47.1496896127682],[-121.621566453045,47.1496394235117],[-121.621419751877,47.1496146326982],[-121.621279323788,47.1495803482499],[-121.621135240397,47.1495365019472],[-121.621008668436,47.149490072953],[-121.620923823231,47.1494458436521],[-121.62086246526,47.1493463544331],[-121.620864912681,47.1492940674647],[-121.621096221666,47.1490141658983],[-121.621167974877,47.1489374056594],[-121.621212467217,47.1488774996365],[-121.621333977732,47.1486811151451],[-121.621410500734,47.1485208139429],[-121.621426466008,47.1484421819268],[-121.621446916743,47.1484109710905],[-121.621486059246,47.1482892284689],[-121.621526241946,47.148217381124],[-121.621549585521,47.1481552942608],[-121.621561260952,47.148040536605],[-121.621549053463,47.1479619861973],[-121.621512056843,47.1478742707973],[-121.621469492287,47.1478318248058],[-121.621398553039,47.1477778369423],[-121.62086016098,47.1475474349095],[-121.620750811434,47.1475056372387],[-121.620662705698,47.1474494294983],[-121.62045619463,47.1472562248259],[-121.620353765008,47.1471857602438],[-121.620246197474,47.1471348684066],[-121.62000728111,47.1470491089806],[-121.619747517227,47.1469755339801],[-121.619218511759,47.1468807361729],[-121.61889756628,47.1468838428908],[-121.618698213033,47.1468643565609],[-121.618575680441,47.1468417141724],[-121.61795675661,47.1467714180837],[-121.617827146861,47.1467466488912],[-121.617672837276,47.146695685923],[-121.617580914015,47.146648945383],[-121.61749591566,47.1465950910666],[-121.617435311172,47.1465314026693],[-121.617406320902,47.1464650239205],[-121.617401411493,47.1463989065243],[-121.617406860348,47.1463225977553],[-121.617509989573,47.1460883633195],[-121.617567333808,47.1459950729357],[-121.617656238607,47.1458965420002],[-121.61775205211,47.1458171384684],[-121.617975820611,47.1456578006865],[-121.618099906841,47.1455851430511],[-121.618206146693,47.1455008125637],[-121.618271261834,47.145443120845],[-121.618305098533,47.1454023484322],[-121.618339118654,47.1453471787964],[-121.618334547187,47.1452973724526],[-121.618319731874,47.1452613485353],[-121.618262614003,47.1451952420659],[-121.617783023103,47.1447928518312],[-121.617665363197,47.1446678547641],[-121.617622110161,47.1445919899143],[-121.617602930915,47.1445160839797],[-121.617608728314,47.1444565802132],[-121.61760045813,47.144397020779],[-121.617534630159,47.1442500802519],[-121.61747019741,47.1441722259049],[-121.617374464197,47.1440850500555],[-121.61728932096,47.1440240125591],[-121.617218279899,47.1439917946645],[-121.617056792836,47.143931494799],[-121.616849381072,47.1438620412696],[-121.61653685851,47.1437627269924],[-121.616421325173,47.1437400416417],[-121.616309377603,47.1437196802533],[-121.616180220075,47.1437163205128],[-121.61595603926,47.1436850596878],[-121.615770476198,47.1436535902191],[-121.615578068289,47.1436292330057],[-121.615232194886,47.1435921254759],[-121.615117007134,47.1435860522602],[-121.614984065274,47.1435707178295],[-121.614815766104,47.1435460999436],[-121.614598954474,47.1435077455352],[-121.61427015984,47.1434704693691],[-121.614088763745,47.1434674191508],[-121.61392503546,47.1434714107882],[-121.61339854748,47.1435174486825],[-121.613182524767,47.1435171163925],[-121.612976261953,47.1435048712679],[-121.61272787702,47.1434690658167],[-121.612500345603,47.1434213780593],[-121.612310793476,47.1433659477866],[-121.612173630165,47.1433173900938],[-121.612018501578,47.1432474249381],[-121.611887631101,47.1431629953421],[-121.611791624174,47.1430640259849],[-121.61168470308,47.1429697407137],[-121.611614263187,47.1429157692563],[-121.611557320021,47.1428828913608],[-121.611425262433,47.1427389981012],[-121.61136210257,47.1426249606728],[-121.611308240821,47.1423754316284],[-121.611295462494,47.1422684504019],[-121.611302540349,47.1420993901663],[-121.611325969083,47.1418969400214],[-121.611333783359,47.1417635468995],[-121.611329508933,47.1415565633961],[-121.611319780985,47.1414260540776],[-121.611271532768,47.1412789687157],[-121.611209813456,47.141160640008],[-121.611077972197,47.1408595967725],[-121.610999182627,47.1407650684156],[-121.610906965306,47.1406780171748],[-121.610785065217,47.1405410720209],[-121.610742123216,47.1404796242139],[-121.610679577814,47.140321187084],[-121.610629455633,47.1402525961074],[-121.610533759941,47.1401916550763],[-121.610431022587,47.1401069532728],[-121.610341622904,47.1400103053369],[-121.610280641395,47.1399275881473],[-121.610244002449,47.1398326535748],[-121.610225620812,47.1396234204048],[-121.610206295601,47.1395379174858],[-121.610180615415,47.1394618810759],[-121.610144088213,47.1393957365544],[-121.610122003584,47.1393244910423],[-121.610100684873,47.1391423502602],[-121.61009686836,47.138787813145],[-121.610081824395,47.138568924084],[-121.610037654888,47.1384478475322],[-121.609976824317,47.1383723400082],[-121.609845968495,47.1382879079628],[-121.609676705118,47.1382156627062],[-121.609536593758,47.1381695429729],[-121.60924516664,47.1380912852623],[-121.609122220119,47.1380473853347],[-121.608855246522,47.1379642579501],[-121.608740882753,47.1379214823311],[-121.608465448532,47.1377669778539],[-121.608328301753,47.1377184155166],[-121.608195661668,47.1376934733634],[-121.608087134771,47.1376921011004],[-121.607873004333,47.1377083846214],[-121.607768203185,47.1376927722943],[-121.607655977982,47.1376582012431],[-121.607501614671,47.1376262540736],[-121.607323247652,47.1375995008521],[-121.60712766214,47.1375893916824],[-121.606935328884,47.1375674054148],[-121.606774860541,47.1375571238603],[-121.606648917664,47.1375393002377],[-121.60639289856,47.137472679105],[-121.606251923978,47.1374097823903],[-121.606163120999,47.1373415605121],[-121.606116503113,47.137272934602],[-121.606071416929,47.1371067864509],[-121.606076148464,47.1369948387063],[-121.606155112412,47.1367798749681],[-121.60630404111,47.1365475964907],[-121.60638904203,47.1364562957396],[-121.6064649236,47.1364081045992],[-121.606534012061,47.1363716049773],[-121.60659903003,47.1363091222946],[-121.606629426056,47.1362493555393],[-121.606628055714,47.1361827095884],[-121.606616493242,47.1361324218091],[-121.606572498371,47.1360447685852],[-121.60650962715,47.1358716074701],[-121.606490643045,47.1357788882263],[-121.6064697133,47.1356149224358],[-121.606446711861,47.1355222427331],[-121.606168874672,47.1350798406778],[-121.606073683771,47.134945020757],[-121.606009610324,47.1348813598411],[-121.605674300316,47.134672745363],[-121.605564891934,47.134626162639],[-121.605399334632,47.1345398085082],[-121.605222944852,47.1344366121693],[-121.605025907792,47.1343552202781],[-121.604891972906,47.1342922274794],[-121.604807496184,47.1342621870168],[-121.604603325013,47.1341522359396],[-121.604472379677,47.1340605863242],[-121.604401144451,47.1339923866034],[-121.604352588753,47.1339270417758],[-121.604189007559,47.1337644116183],[-121.603522044037,47.1332280485184],[-121.603352207489,47.1331011226647],[-121.603181997685,47.1329814122521],[-121.603051164415,47.1328969720962],[-121.602877795764,47.1327701072306],[-121.602715820909,47.1326835503145],[-121.602192383199,47.1323361911113],[-121.601873586392,47.1320965596842],[-121.601813648078,47.1320637055884],[-121.601697854833,47.1320267772709],[-121.601613634887,47.1320109632662],[-121.601532600171,47.1319760890518],[-121.601430332015,47.1319127904668],[-121.60127438296,47.1318023457564],[-121.601167887548,47.1317032761169],[-121.601092677287,47.1316112841496],[-121.601035058534,47.1315189600218],[-121.601015402584,47.1314380375876],[-121.600987127129,47.1312146931761],[-121.600999582378,47.1311360971875],[-121.600994442166,47.1310576416728],[-121.600999889537,47.1310037908483],[-121.60096215489,47.1308541873087],[-121.600956759741,47.130761338749],[-121.600966109963,47.130701801853],[-121.600971493978,47.130623246069],[-121.600966877153,47.1305684494095],[-121.600978505165,47.1304494161083],[-121.601011613799,47.1303728164291],[-121.601009521559,47.1302705306237],[-121.60097842756,47.1301018622346],[-121.600941476164,47.1300141117521],[-121.600909369618,47.1299667882569],[-121.600862926479,47.1299315840597],[-121.60075814195,47.1299159381946],[-121.600698305005,47.1298879082873],[-121.600570960675,47.1297986338073],[-121.600493336146,47.1297613136741],[-121.600050397858,47.1296645959295],[-121.599927376701,47.1296157247797],[-121.599697700097,47.1294871417705],[-121.599570949035,47.1294287083015],[-121.599447932761,47.129380027995],[-121.599303434685,47.129312330704],[-121.599208154773,47.1292465501457],[-121.599105546358,47.1291642498278],[-121.599047897697,47.1290957262096],[-121.598975301399,47.1289346361203],[-121.598883000602,47.1286959414859],[-121.598855841661,47.1285700650361],[-121.59883397174,47.1285083855378],[-121.598829554092,47.1284632106433],[-121.598849385283,47.1284249630221],[-121.598862337067,47.1283725764589],[-121.598858545388,47.1281868382857],[-121.598918217239,47.1278625173702],[-121.598927228284,47.1277863398687],[-121.598914719251,47.1276911729443],[-121.598823987191,47.1275016553274],[-121.598766295743,47.1274309108984],[-121.598681146873,47.1273436179097],[-121.598585096002,47.1272634761077],[-121.598437011886,47.1271673765297],[-121.598333935094,47.1270874660992],[-121.598241766589,47.1270026533288],[-121.598188239697,47.1269627167979],[-121.598149205158,47.1269202289779],[-121.598123757178,47.1268800255914],[-121.59804931832,47.1267996779792],[-121.597988419874,47.1267193664661],[-121.597888354799,47.1263438062704],[-121.597847189145,47.1262204492643],[-121.59780345419,47.1261207799775],[-121.597749781958,47.1260499960303],[-121.597657366999,47.1259746175032],[-121.597565678591,47.1259112150282],[-121.597463242886,47.1258645582331],[-121.597284425353,47.1258115801265],[-121.597003851089,47.1257451720021],[-121.596847107047,47.1257442739942],[-121.59641249106,47.1258056248941],[-121.596332057428,47.1258015896917],[-121.595824145556,47.1256945042001],[-121.595733091308,47.1256621060153],[-121.595643327061,47.1256201271528],[-121.595568807611,47.1255611932954],[-121.595419144575,47.1254126497573],[-121.595351124667,47.1253276057907],[-121.595315049451,47.1252566544824],[-121.595036774516,47.1247856029295],[-121.594921972459,47.124622523759],[-121.594878189196,47.1245418565025],[-121.594860006952,47.1244873797462],[-121.594857964863,47.1244383715405],[-121.594874936959,47.1242358195759],[-121.594876631206,47.124145315913],[-121.594863551967,47.1240217185889],[-121.594872710852,47.1239525598713],[-121.594968133115,47.1236803571063],[-121.594987477862,47.1235944850321],[-121.59501094854,47.1233658227537],[-121.595059629011,47.1230196983695],[-121.595055902697,47.1228365096227],[-121.595032589191,47.1225534498873],[-121.595041903007,47.1224938860031],[-121.595033225641,47.1224129132212],[-121.595007243065,47.1223442519845],[-121.594974856907,47.122282698217],[-121.594917944128,47.1222260109094],[-121.594748026536,47.1221181036065],[-121.594609720782,47.122009895784],[-121.594507474308,47.1219443695746],[-121.594225062946,47.1217864700096],[-121.594122681899,47.1217399745696],[-121.593701874211,47.1216154104159],[-121.593232636925,47.1215055629802],[-121.593053853335,47.121481012345],[-121.592918056586,47.1214704785936],[-121.592799089789,47.1214716037559],[-121.592730053422,47.1214864878717],[-121.592477702747,47.1215959792926],[-121.59231883098,47.1216855827471],[-121.592218618803,47.1217221766646],[-121.592131686437,47.121742001013],[-121.591995704058,47.1217480847498],[-121.591840489649,47.1217447528761],[-121.591700871028,47.1217200225665],[-121.591560428356,47.1216785185305],[-121.591433996306,47.1216344689863],[-121.591296757684,47.1215785106402],[-121.591191021322,47.1215130144921],[-121.591084334782,47.1214283331476],[-121.590881178807,47.1212160426197],[-121.590774676227,47.1210888563872],[-121.590673332895,47.1208970197613],[-121.590624011512,47.1208320874051],[-121.590558976587,47.12075293554],[-121.590452052643,47.1206564093757],[-121.590228922916,47.1204751542529],[-121.590070018251,47.1203885787956],[-121.589922689227,47.1203280810606],[-121.589824433666,47.1203123907249],[-121.589705950126,47.1203135081688],[-121.589365038511,47.1203405511143],[-121.589232834053,47.1203584142498],[-121.588996154948,47.1203748760495],[-121.588685648565,47.1203659837819],[-121.588358863276,47.1203466051369],[-121.587785856204,47.1202949388515],[-121.587635707161,47.120267725279],[-121.587516414428,47.1202307879077],[-121.587445736088,47.1201862092867],[-121.587292867228,47.1200521083802],[-121.587224999708,47.1199716651436],[-121.587167236108,47.1198723157963],[-121.587145094485,47.1198202326952],[-121.587081154985,47.1197611946915],[-121.587003886137,47.1197144567464],[-121.58692488285,47.1196574523812],[-121.586640175687,47.1193840329927],[-121.586533929139,47.119294709292],[-121.586452496305,47.1192406342988],[-121.586252294616,47.1191734446212],[-121.585847445837,47.1189678396014],[-121.585555649571,47.1188663829826],[-121.585411917754,47.1188104795453],[-121.585278798478,47.1187808819114],[-121.585128287394,47.1187632928374],[-121.585009758952,47.1187619931905],[-121.584835818671,47.1187778576508],[-121.584686354974,47.1188102734156],[-121.584506100095,47.1188596219557],[-121.58420971121,47.118928898695],[-121.584014640946,47.1189427111514],[-121.583720439366,47.1188692145187],[-121.583604545106,47.1188252224497],[-121.583509634953,47.1187998985109],[-121.583392934942,47.1187876935791],[-121.583296332755,47.1187780701218],[-121.583138748362,47.1187343036507],[-121.583003815219,47.1186903249332],[-121.582761831681,47.1186425504087],[-121.582547817254,47.118561279717],[-121.582410981928,47.1185245014783],[-121.582306509948,47.1185230950785],[-121.582212509653,47.1185429773828],[-121.581908084729,47.1186601447937],[-121.581426516913,47.1188098166673],[-121.581318889385,47.1188512688594],[-121.581126346511,47.118964973529],[-121.580995672891,47.1190590972259],[-121.580797391213,47.1192631774843],[-121.580728775889,47.1193210460629],[-121.580653033194,47.1193740455736],[-121.580556689303,47.1194273739694],[-121.58044614432,47.1194736520088],[-121.580354357407,47.1195058792532],[-121.580208286946,47.1195334588665],[-121.579459139006,47.119559489745],[-121.57936809697,47.1195507430773],[-121.578829621659,47.1194933903795],[-121.578681119763,47.119473854448],[-121.578469405089,47.119433000501],[-121.578406096236,47.1194049638813],[-121.578356133998,47.1193673708557],[-121.578201656256,47.1193021533145],[-121.578061135433,47.1192558351448],[-121.577900488384,47.1192335055126],[-121.577774925429,47.1192300430028],[-121.577663138426,47.1192405180172],[-121.57755206676,47.1192605836841],[-121.577379308611,47.119333652062],[-121.577242120334,47.1194538536331],[-121.577099054761,47.1196075630352],[-121.576908254671,47.1198331468469],[-121.57675069982,47.1199915980012],[-121.576647554494,47.1200546110342],[-121.576536860681,47.1200936748179],[-121.576335655575,47.1201526380235],[-121.576126473293,47.1201641566489],[-121.57602882847,47.1201506971361],[-121.575916764413,47.1201232785242],[-121.575832275808,47.1200906399634],[-121.575727280543,47.1200631822259],[-121.575500311735,47.1200128402854],[-121.575423043218,47.1199897582486],[-121.575338897464,47.1199763101688],[-121.575254599475,47.1199532665672],[-121.575163564027,47.1199206873477],[-121.575071817589,47.1198787100119],[-121.57500115789,47.1198365098275],[-121.574903001807,47.119799390567],[-121.574811771832,47.1197812097068],[-121.574721595634,47.1197916456313],[-121.574638532752,47.1198304503167],[-121.574569772214,47.1198833800088],[-121.57450167681,47.1199697029275],[-121.574461833768,47.1200605605699],[-121.574429452558,47.1201751771626],[-121.574410835116,47.1202990712418],[-121.574364720748,47.1204280475221],[-121.57419400421,47.1206058103723],[-121.574076080229,47.1206591699031],[-121.573951232972,47.1206937286824],[-121.573839873117,47.120699562211],[-121.573483847967,47.1206742705431],[-121.573392237643,47.1206370623215],[-121.573285436862,47.1205189675146],[-121.573214398821,47.1204577388986],[-121.573143684096,47.1204107672254],[-121.573059397555,47.1203640575517],[-121.572945616285,47.1202746267546],[-121.572838724875,47.1201518983267],[-121.572767536544,47.1200811016545],[-121.572527494181,47.1199309544417],[-121.572435695184,47.1198841772205],[-121.572344760016,47.1198565590587],[-121.572254249313,47.1198764285066],[-121.572171476337,47.1199056587089],[-121.572087562371,47.11990180354],[-121.572009629634,47.1198453001812],[-121.571980577593,47.1197742497488],[-121.571931788523,47.1197025592485],[-121.571922643262,47.119689125547],[-121.571830948239,47.1196232899678],[-121.571746042507,47.1195716496878],[-121.571634022385,47.1195442257185],[-121.571487296338,47.1195330284202],[-121.571298232384,47.1194997107681],[-121.571017226802,47.1195355487726],[-121.570926954846,47.1195411840484],[-121.570808472614,47.1195422821163],[-121.570689317588,47.1195337891514],[-121.570585274197,47.1195539474866],[-121.570405337826,47.1196221095703],[-121.570247290431,47.1197284566546],[-121.570164372526,47.1197766893743],[-121.570033009967,47.1198351594769],[-121.569908349842,47.1198791445051],[-121.569617903669,47.11999598411],[-121.569479185645,47.1200401270406],[-121.569354241979,47.120069883168],[-121.569187321537,47.1200856587435],[-121.569068356105,47.1200867594867],[-121.5689778005,47.1200781646637],[-121.568859317047,47.1200792607328],[-121.568490754546,47.1201303258428],[-121.56832307056,47.1201318763131],[-121.568189961718,47.1201044802932],[-121.568063409992,47.1200532223307],[-121.567923420771,47.1200070235474],[-121.567726404113,47.1199231555072],[-121.567662589012,47.1198713173734],[-121.567590085725,47.1197338438594],[-121.567407975803,47.1196155612303],[-121.567189407107,47.119508254992],[-121.567070262901,47.1194759301485],[-121.566929564707,47.1194201675503],[-121.566627977919,47.119327666315],[-121.566368702608,47.1192681990098],[-121.566270740158,47.119240476158],[-121.566054098847,47.1192282442197],[-121.565719593718,47.1192503594186],[-121.565594368723,47.1192659100426],[-121.565476263929,47.1192860289203],[-121.565372401891,47.1193154215501],[-121.565025818286,47.119437730524],[-121.564915307108,47.1194863785697],[-121.564660871921,47.1196695335406],[-121.564439898516,47.1197714889947],[-121.564294432551,47.1198300552915],[-121.563933969292,47.1199332944922],[-121.563801482956,47.1199393128774],[-121.563697377925,47.1199545024559],[-121.563600210137,47.1199934289727],[-121.563419422038,47.1200189212579],[-121.56333589452,47.1200102573414],[-121.563258727196,47.1199919656762],[-121.563182413418,47.1199295453492],[-121.563128039385,47.1198836506392],[-121.563106297501,47.1198221279577],[-121.563019665599,47.1196846440219],[-121.562983111801,47.1196135227983],[-121.56291902395,47.1195476171171],[-121.562834218725,47.1194721142615],[-121.562728331968,47.1194254589885],[-121.562524068613,47.1193036167402],[-121.562425585955,47.1192758954302],[-121.562313757702,47.1192578941413],[-121.562097117215,47.1192456545104],[-121.561826003187,47.1192719745589],[-121.561693798829,47.1192922188514],[-121.561575881319,47.1193219291389],[-121.561478752901,47.1193608535149],[-121.561403381281,47.1194091753587],[-121.561264844313,47.1194627379629],[-121.561119185006,47.1195117051647],[-121.560973712889,47.1195701027938],[-121.560856544598,47.1196378652021],[-121.560441320756,47.1197940239541],[-121.560324056273,47.1198569604312],[-121.560227489636,47.1199245054352],[-121.559994835205,47.120145674068],[-121.559899872121,47.1202702929853],[-121.55974286854,47.12045731373],[-121.559597729042,47.1205063018873],[-121.55929792934,47.1205328789697],[-121.559186847617,47.1205528990107],[-121.559063608985,47.1205920886092],[-121.558917761257,47.1206316489692],[-121.558800024226,47.1206707601699],[-121.558578138486,47.1207250563102],[-121.558439130175,47.1207549562788],[-121.558306961473,47.1207751965889],[-121.558161108927,47.1208145643578],[-121.558050029982,47.1208347757602],[-121.557925356682,47.1208787750018],[-121.557814927162,47.1209320491632],[-121.557690348374,47.1209808186943],[-121.557566049819,47.1210438446489],[-121.557476506021,47.1211113229997],[-121.557374560895,47.1212407750414],[-121.557244541327,47.121370510727],[-121.557141606406,47.1214475436449],[-121.557016932572,47.1214915429791],[-121.556870742974,47.1215118816332],[-121.556773343165,47.1215127724394],[-121.556487967629,47.1215582407743],[-121.556292873715,47.1215696214633],[-121.556153633956,47.1215612970942],[-121.555950817431,47.1215394872063],[-121.555768992541,47.1215125489627],[-121.555621774601,47.1214804685849],[-121.555447354635,47.1214726284501],[-121.555277396758,47.1214875626586],[-121.55513819604,47.121507835563],[-121.554887110264,47.1215053294728],[-121.554615567648,47.1215126066569],[-121.554468683698,47.1214995514715],[-121.55430151679,47.1215010768331],[-121.554085296204,47.121512646552],[-121.553925489645,47.1215331344763],[-121.553793411649,47.1215581673139],[-121.553661838635,47.1216069962298],[-121.553511560504,47.1217797431408],[-121.553478202469,47.1218467060507],[-121.553383071847,47.1219903511478],[-121.553259697177,47.1221009922162],[-121.553149819916,47.1221828564555],[-121.552998478378,47.1222747224214],[-121.552757063205,47.1224340955672],[-121.55257709463,47.122502229273],[-121.55243921319,47.1225655098719],[-121.552127762235,47.1226872947858],[-121.551648802379,47.1228201736731],[-121.551503238143,47.1228501248571],[-121.551357002372,47.1228704859597],[-121.551075729644,47.1228920744149],[-121.550956868203,47.1228741258225],[-121.550824133203,47.1228657358522],[-121.55070564365,47.122866813303],[-121.550622146968,47.1228866021651],[-121.550566955217,47.1229157024944],[-121.550498393155,47.1229781859792],[-121.550444354921,47.1230643933192],[-121.550342058544,47.1231748126714],[-121.550245156613,47.1232281481543],[-121.550155337293,47.123257399292],[-121.550036270886,47.1232536827409],[-121.549721802626,47.1232233064525],[-121.549539830142,47.1231869002915],[-121.549217865909,47.1231325976985],[-121.549121506253,47.1231231082646],[-121.548910561837,47.1231069255656],[-121.548624578327,47.1230951257466],[-121.548394256809,47.1230782128026],[-121.548218979879,47.1230513409232],[-121.548051580207,47.1230432624861],[-121.547919125415,47.1230492622838],[-121.547585276269,47.1231045523743],[-121.547369661692,47.1231209022297],[-121.547202356859,47.1231176199758],[-121.547076320774,47.1230901624701],[-121.546984871445,47.1230625291108],[-121.546900077425,47.1230156683399],[-121.546559350884,47.122847378307],[-121.546320336337,47.1227448242045],[-121.546094617521,47.1226277544287],[-121.545961350628,47.1225671006611],[-121.545305225027,47.1221874268463],[-121.545059004298,47.1220755307426],[-121.5448552645,47.1220059159494],[-121.544728914586,47.1219641999296],[-121.54443567403,47.1219382240196],[-121.544317092921,47.1219344972179],[-121.544204561057,47.1219070793572],[-121.544106789713,47.1218889331688],[-121.544008866863,47.1218898179342],[-121.543877026045,47.1219004416012],[-121.543744480583,47.1219016389097],[-121.543632446565,47.1218978522689],[-121.543520711743,47.1218846302458],[-121.543381323334,47.1218954860277],[-121.543270192456,47.1219155190925],[-121.543173199206,47.1219353972745],[-121.543075830806,47.1219649027253],[-121.542606352637,47.121992804175],[-121.542439001232,47.1219848806314],[-121.542021033429,47.1220028824273],[-121.541532540963,47.1220072864651],[-121.541309306987,47.1219950664233],[-121.541135291611,47.1220060678266],[-121.541017356271,47.1220357288689],[-121.54093435935,47.122079334963],[-121.540831269599,47.122151720756],[-121.540554784862,47.1222921621041],[-121.540430688009,47.1223647635638],[-121.540154991678,47.1225482197417],[-121.539872181183,47.1226983131551],[-121.539692421704,47.1227760218363],[-121.53953254366,47.1228202906279],[-121.539414238845,47.1228309519222],[-121.53924706738,47.1228324555054],[-121.539135514137,47.1228286601677],[-121.538995663124,47.1228157137454],[-121.538883648581,47.1227880944004],[-121.538659838229,47.122771076683],[-121.538471028134,47.1227441740606],[-121.538090453173,47.1226704610248],[-121.537971411947,47.1226429036513],[-121.537858643717,47.1226010861333],[-121.537732391515,47.1225641601718],[-121.537396817731,47.1225053132484],[-121.537228666048,47.1224829945381],[-121.536858591861,47.1224578809972],[-121.536217464893,47.1224636320027],[-121.536078028856,47.1224742877062],[-121.535945940251,47.1224992998624],[-121.535772565129,47.1225437124053],[-121.53562048659,47.1226259651259],[-121.535412474486,47.1226992862821],[-121.535287960823,47.1227526648462],[-121.535184669437,47.1228108430895],[-121.53505303713,47.1228596514225],[-121.534956048001,47.1228841835106],[-121.534865833947,47.1229183895675],[-121.534783586578,47.1229762155541],[-121.534714877691,47.1230340559831],[-121.534673615678,47.1230819175354],[-121.534647120641,47.1231393810303],[-121.534572426779,47.1232495658519],[-121.534552527959,47.1233116037317],[-121.534491210017,47.1233882437735],[-121.534422447882,47.1234412867753],[-121.534326048323,47.1234944405626],[-121.534163949493,47.123553117345],[-121.534101992843,47.1235965293162],[-121.533984688891,47.1236594389833],[-121.5338387585,47.1236940050903],[-121.533657851253,47.1237146259264],[-121.533532328688,47.1237157486589],[-121.533371779441,47.1236981820119],[-121.533083894807,47.123610269676],[-121.532986490412,47.1236111404362],[-121.532868322418,47.1236311991798],[-121.532750471942,47.1236656774415],[-121.532473452854,47.1237776688786],[-121.53235701885,47.1238881979802],[-121.532240350276,47.1239843605943],[-121.532165377526,47.1240803162808],[-121.532055737049,47.1241764159202],[-121.531987520192,47.1242580792398],[-121.531852773514,47.124511548541],[-121.53181965957,47.1245927337769],[-121.531785698846,47.1246548969503],[-121.531681626641,47.1246748554635],[-121.531583558767,47.1246662984025],[-121.531464476009,47.1246387618519],[-121.531303323302,47.1245877459002],[-121.531008941308,47.1245046846534],[-121.530819767786,47.124458907955],[-121.530665216114,47.1244126576411],[-121.530524994731,47.1243804829843],[-121.530399199798,47.1243673731039],[-121.530252614253,47.1243448519302],[-121.529899859609,47.1242804878624],[-121.529738825329,47.1242628933442],[-121.529563980728,47.1242310263249],[-121.529297239603,47.1241477147535],[-121.529156931671,47.1241109323536],[-121.529009892358,47.1240645857909],[-121.528813689696,47.124018703902],[-121.528603611705,47.1239825142849],[-121.528135448508,47.1239248206396],[-121.52786281056,47.1238986193621],[-121.527611000311,47.1238628271113],[-121.527303702386,47.1238370975285],[-121.52704553727,47.1238345937966],[-121.526864444028,47.1238456354338],[-121.526704090785,47.123861455843],[-121.526571994026,47.1238864575503],[-121.526322543396,47.1239743618939],[-121.526156184288,47.1240186690445],[-121.52600333845,47.1240342578351],[-121.525835732529,47.124040544367],[-121.525401647732,47.1240824559482],[-121.525150782428,47.1240940871177],[-121.525004446691,47.1241097808016],[-121.524788204609,47.1241211312131],[-121.524613911287,47.1241180427387],[-121.52447378651,47.1240906855928],[-121.524375836476,47.124062927551],[-121.524308811058,47.1240367870306],[-121.523996644828,47.1239283098048],[-121.523856612106,47.1239057496281],[-121.523730505237,47.1238782402397],[-121.52359750107,47.1238555906124],[-121.52312856983,47.1237550529825],[-121.522876260428,47.1236906013513],[-121.522700220065,47.1236208662456],[-121.522517682029,47.1235558231988],[-121.522370379847,47.1234952669288],[-121.522152823595,47.1234351399842],[-121.521991595868,47.123379504666],[-121.521878167898,47.1233044168473],[-121.521730955053,47.1232484927116],[-121.521442460843,47.123127295471],[-121.521292292788,47.12307430344],[-121.521131336412,47.1230328687227],[-121.520976216492,47.1229581484396],[-121.520840505333,47.1229451166338],[-121.52057842822,47.1229520653122],[-121.520376463912,47.1229492151406],[-121.520194873281,47.1229318160388],[-121.5199566858,47.1228956949706],[-121.519753998725,47.1228546535495],[-121.519599463367,47.1228085257675],[-121.519494129691,47.1227618263299],[-121.519234119634,47.1226594018998],[-121.519114458672,47.1225985974323],[-121.51900832951,47.122537481847],[-121.518902549084,47.1224671222252],[-121.518790005647,47.1224108886711],[-121.518537620593,47.1223418214471],[-121.518432525308,47.1223331506966],[-121.518328144139,47.1223388691358],[-121.518217134736,47.1223636751947],[-121.518126819785,47.1223930704667],[-121.518001479923,47.1224036072754],[-121.517785136666,47.1223816848913],[-121.517666197281,47.1223589314709],[-121.517386951693,47.1222757027247],[-121.51727441322,47.122219604217],[-121.51716829172,47.1221586785583],[-121.516912759207,47.1219228938835],[-121.516855572762,47.1218473062259],[-121.516721176357,47.1217484047395],[-121.516600533412,47.1216353163865],[-121.516494844986,47.1215695877782],[-121.516361178075,47.1215135105521],[-121.516234766078,47.1214671580873],[-121.516129745862,47.1214346836362],[-121.516004190093,47.1214357876663],[-121.515879253024,47.1214654856073],[-121.515775018333,47.1215044608286],[-121.515671845914,47.1215720261016],[-121.515576239409,47.121667986617],[-121.515474290953,47.1218260271393],[-121.515393801253,47.12197806675],[-121.515284333603,47.1221123453256],[-121.515072571033,47.1223332380469],[-121.514955787608,47.1224247500246],[-121.514397031962,47.1227533790165],[-121.514043767496,47.1228992284957],[-121.51387033204,47.1229436077083],[-121.513710637247,47.1229688365535],[-121.513373296054,47.1230003948455],[-121.513198963354,47.1229971250162],[-121.512856743357,47.1229572948914],[-121.512695539712,47.1229300811433],[-121.512562366058,47.1228980149804],[-121.512407686356,47.1228182895299],[-121.512294975111,47.122752782358],[-121.512118948445,47.1226828674408],[-121.511999295869,47.122622055603],[-121.511817039459,47.1225711972041],[-121.511663172248,47.1225345126875],[-121.511488041851,47.1225122177137],[-121.51131353489,47.1224995143342],[-121.510922472114,47.1224791352532],[-121.510720547969,47.1224761030796],[-121.510538528643,47.1224634639661],[-121.510343276566,47.1224413435022],[-121.510147722298,47.122428822116],[-121.509993461156,47.1223967725562],[-121.509698677209,47.1222898333442],[-121.509502320107,47.122234459706],[-121.509340456376,47.1221740138981],[-121.509052119033,47.1220336184982],[-121.508831495658,47.1218622768953],[-121.508753143806,47.121782071589],[-121.508696095541,47.1217111127843],[-121.508525017971,47.1215317983782],[-121.508404884777,47.121447158147],[-121.508291642154,47.1213528617231],[-121.508128650994,47.1212019379727],[-121.508001710515,47.1211269545772],[-121.507895334481,47.1210517919465],[-121.507775640534,47.1209861496475],[-121.50747196776,47.120779226062],[-121.507281579871,47.1206667362089],[-121.507195311138,47.1205389701215],[-121.507131287429,47.1204728698654],[-121.507039669917,47.1204069823679],[-121.5069542441,47.1203220392485],[-121.506727682528,47.1201288369976],[-121.506620725934,47.1200202523126],[-121.506563644454,47.1199494572635],[-121.506520569576,47.1198735771368],[-121.506498196352,47.1198070868415],[-121.506516744453,47.1196689749243],[-121.506556843185,47.1195856789362],[-121.506700507492,47.1194274474359],[-121.506796212882,47.1193361274342],[-121.507000738912,47.1190772809242],[-121.507058795844,47.1188245102926],[-121.507036018225,47.1187342218291],[-121.506978579828,47.1186442359793],[-121.50690703723,47.1185497392815],[-121.506815600549,47.1184933102385],[-121.506703256956,47.1184466331799],[-121.506583852066,47.1184240370161],[-121.506471823936,47.1183963865581],[-121.506373893524,47.1183686121087],[-121.506254522974,47.1183220237888],[-121.50616981552,47.1182752972037],[-121.506007460883,47.1181575972726],[-121.50590847777,47.1181013708712],[-121.505811285756,47.1180593864407],[-121.505671707516,47.1180319750326],[-121.505558934272,47.1179901260055],[-121.505467592625,47.1179386581227],[-121.505410996757,47.1178914949637],[-121.505291362405,47.1178306760819],[-121.505199763092,47.117793413037],[-121.505095071622,47.1177799282035],[-121.504976681921,47.1177857565124],[-121.504705914459,47.1178595960924],[-121.504609405921,47.117907899476],[-121.504533641423,47.1179657839975],[-121.504465387225,47.1180472667474],[-121.504396828018,47.118114521059],[-121.504274161284,47.1182679601072],[-121.504233841464,47.1183396036874],[-121.504185885249,47.1184066787942],[-121.504110818408,47.1184739894773],[-121.504013474635,47.1185034617002],[-121.50390931578,47.1185185977635],[-121.503650962096,47.1185066111131],[-121.503511169714,47.118493594521],[-121.503371069801,47.118466184869],[-121.503224601536,47.11844845398],[-121.503126061615,47.1184158846606],[-121.502895284121,47.1183704237347],[-121.502657659156,47.1183390600472],[-121.502539178623,47.1183400881126],[-121.502420522095,47.118331685338],[-121.502322287526,47.1183133434542],[-121.502161745554,47.1182386454521],[-121.501986722472,47.118197332858],[-121.501818990821,47.1181701609489],[-121.501545865965,47.1181154674628],[-121.501405946104,47.1180976506465],[-121.501280437578,47.1180987383357],[-121.500974291526,47.1181346512244],[-121.50081469364,47.1181646331687],[-121.50071080247,47.118194159587],[-121.500627560221,47.1182281136702],[-121.5004675282,47.1182629245543],[-121.50034201927,47.1182640112242],[-121.500202796745,47.1182556194312],[-121.500104968918,47.1182612647413],[-121.500000367329,47.1182525730376],[-121.499741349054,47.1182025517305],[-121.499361552626,47.118029663356],[-121.499149887434,47.1179077743695],[-121.498944135614,47.1176953198327],[-121.498851744623,47.1176150647351],[-121.49878751004,47.1175347309717],[-121.49863728186,47.1173941298813],[-121.498465769124,47.1171909764178],[-121.498400916285,47.1170772218446],[-121.498222762376,47.1168645555085],[-121.498116400318,47.1167607572425],[-121.497981662573,47.1166430000822],[-121.497833443664,47.1165585923664],[-121.497665055053,47.1164933604858],[-121.497524789089,47.116456539585],[-121.49726577821,47.1164063213366],[-121.496810273021,47.1162913310021],[-121.496649787067,47.1162623336992],[-121.496342210802,47.1162335084127],[-121.496237220194,47.1162296152091],[-121.496118918256,47.1162400674338],[-121.496043140792,47.1162693201575],[-121.495946762785,47.1163510402721],[-121.495856929004,47.1163804409043],[-121.49575207464,47.11638614312],[-121.495633068598,47.116358542356],[-121.495499040363,47.1162788079104],[-121.495294105258,47.1161376598643],[-121.49521705458,47.1161002639174],[-121.495118478429,47.1160630812827],[-121.494922159047,47.1160076835769],[-121.494821316003,47.1159847509705],[-121.494597718122,47.1159486171375],[-121.494353258585,47.1159269203182],[-121.494319065475,47.1159285307477],[-121.494234907621,47.1159325459244],[-121.494122764716,47.115924105226],[-121.494003760931,47.1158965027762],[-121.493919899785,47.1158687624207],[-121.493849220923,47.1158217416901],[-121.493806819318,47.1157659500446],[-121.493664762717,47.1156471535135],[-121.493580155798,47.1156050237744],[-121.493460938513,47.1155680169639],[-121.493335299258,47.1155595001624],[-121.493168019647,47.1155561396864],[-121.493035927605,47.1155810759828],[-121.49293155482,47.115610599578],[-121.492849010795,47.1156541662589],[-121.492780000835,47.1156975894421],[-121.492732292566,47.1157504545603],[-121.492649576751,47.11581302497],[-121.492602174504,47.1158847244579],[-121.492548315125,47.1159852702177],[-121.492493668529,47.116071427161],[-121.492468358336,47.1161953919949],[-121.492437476111,47.1164288919982],[-121.4924334265,47.1165622432511],[-121.49228955582,47.1167110541013],[-121.49219264387,47.1167641490339],[-121.492089410383,47.1168316937058],[-121.491978838703,47.1168802720201],[-121.491847044836,47.1169194622478],[-121.491693912861,47.1169494029604],[-121.491520080377,47.116969924082],[-121.491290239507,47.1169766678557],[-121.491220217714,47.1169630647063],[-121.491095230996,47.116911682542],[-121.491017391051,47.116855289024],[-121.49096033162,47.1167843216881],[-121.49088767778,47.1166277726182],[-121.490878987964,47.1165375528161],[-121.490915467288,47.116256349189],[-121.490830028694,47.1161427670258],[-121.49075939193,47.1160957440687],[-121.490689068147,47.1160678852984],[-121.490311413856,47.1160090983262],[-121.490073589506,47.1159636723371],[-121.489821442797,47.1159039461453],[-121.48969523675,47.1158668308208],[-121.489547599458,47.1158110061994],[-121.489435015856,47.1157501106659],[-121.489350109763,47.1156937765431],[-121.489222679943,47.1155899860942],[-121.48899746539,47.1154633693094],[-121.488778545905,47.1153272928538],[-121.48863804178,47.1152770817183],[-121.488574484038,47.1152347682328],[-121.488497741617,47.1152116239248],[-121.488420778042,47.1152026853352],[-121.488357572838,47.1151795627736],[-121.488301256424,47.1151466194286],[-121.488224119974,47.1151282768251],[-121.488139478374,47.1150861437091],[-121.488068804377,47.1150391191666],[-121.48801917078,47.1149872809377],[-121.487926363114,47.1148547304006],[-121.487830937793,47.1146079158012],[-121.487795184891,47.1145463617648],[-121.487758387936,47.114456354867],[-121.487701422839,47.1143901556631],[-121.487577053411,47.1140674977925],[-121.487526331521,47.1139584149526],[-121.487191525873,47.113580493914],[-121.487106315089,47.1135049666892],[-121.48693664248,47.1133684380288],[-121.486767714165,47.1132746235433],[-121.486624419678,47.1131550075127],[-121.486560554246,47.1130935283576],[-121.48651062343,47.1130274601608],[-121.4864327025,47.1129660743522],[-121.486277089463,47.1128294523797],[-121.486192277248,47.1127777219974],[-121.486121347405,47.1127164679703],[-121.486071543304,47.1126550333202],[-121.485999044489,47.1125081037102],[-121.485920867869,47.1124326803752],[-121.485891582546,47.1123424439608],[-121.485820431057,47.1122667958133],[-121.485748806876,47.1121674883836],[-121.485656487394,47.1120873861978],[-121.48557150299,47.1119976248785],[-121.485443132479,47.1118415755822],[-121.485378752602,47.1117518031635],[-121.485271899518,47.1116478320387],[-121.485063925622,47.1113402798671],[-121.484993345767,47.1112693968817],[-121.484901204875,47.1111988904274],[-121.484830751361,47.1111612674008],[-121.484732673718,47.1111240717328],[-121.484613684949,47.1110964592968],[-121.484501376985,47.1110784139901],[-121.484257071794,47.1110614663292],[-121.483934854233,47.1109833217126],[-121.483725471335,47.1109564784678],[-121.483627259601,47.1109382854148],[-121.483470923029,47.1109262625063],[-121.483394017282,47.1109222831607],[-121.483303833653,47.1109324832877],[-121.482969302642,47.1109497256388],[-121.482697407111,47.1109614709462],[-121.482495574338,47.1109631875627],[-121.482369910009,47.1109548239389],[-121.482265102739,47.1109603488085],[-121.48217440097,47.1109420906727],[-121.481964580361,47.1109154116643],[-121.481874185147,47.1109161799593],[-121.481783695518,47.110935979079],[-121.481610396951,47.1109849158391],[-121.48141563263,47.111015197085],[-121.481234487543,47.1110215342703],[-121.481157446738,47.1110079575519],[-121.481087219475,47.1109847530361],[-121.4810309115,47.1109518063787],[-121.480903599317,47.1108529680361],[-121.480839833541,47.1107964482146],[-121.4807899088,47.110730186677],[-121.480760672027,47.1106685751548],[-121.480752430573,47.110601986876],[-121.480714999301,47.1104499588738],[-121.480720332624,47.1103546282259],[-121.480691270399,47.1103025850862],[-121.480591942525,47.1101987382931],[-121.480521147278,47.1101420862915],[-121.480478251104,47.1100757921051],[-121.48044884333,47.1100047497089],[-121.480433312818,47.1099238266092],[-121.480445548731,47.1098238044815],[-121.48046498374,47.1097331532167],[-121.480498078606,47.1096471848038],[-121.480474222842,47.1094950414675],[-121.480417708151,47.1094130683022],[-121.480232189998,47.1092163680793],[-121.480033528288,47.1090322818025],[-121.48002541626,47.1089704908653],[-121.480073569207,47.1089130211271],[-121.480189996915,47.1088025179858],[-121.480230290618,47.1087259207843],[-121.480243047649,47.1086545202611],[-121.480234415773,47.1086017549558],[-121.480192974431,47.1085778118172],[-121.479982687402,47.1085271686067],[-121.479870649773,47.1084948586411],[-121.479611870306,47.108454222823],[-121.47950685732,47.1084216884192],[-121.479422360587,47.108384373132],[-121.479337995237,47.1083564617663],[-121.479190437231,47.1082768235344],[-121.479126847678,47.1082297058142],[-121.47908364694,47.1081730107138],[-121.479018547476,47.1080450172363],[-121.478955046076,47.1080027251618],[-121.47888425852,47.1079462637558],[-121.478792868718,47.1078897851988],[-121.47870859515,47.107866862786],[-121.478638888515,47.1078720873166],[-121.478569483487,47.1078916776606],[-121.478535390848,47.1079205927642],[-121.47847280149,47.1079307199461],[-121.478381497322,47.1079076654518],[-121.478205612696,47.1078138692189],[-121.477972265181,47.1076254402149],[-121.47786690792,47.1076025311571],[-121.477748279308,47.1075941030139],[-121.477622834142,47.1075951646776],[-121.477483602991,47.1075867458179],[-121.4774063068,47.1075587732378],[-121.47734971054,47.1075117878688],[-121.477306336899,47.1074454965366],[-121.477297754911,47.1073598815809],[-121.47732404728,47.1072595749341],[-121.477336288362,47.1071595530465],[-121.477326409713,47.1070024919743],[-121.477304205997,47.1069408200501],[-121.477205017982,47.1068417405264],[-121.477148720085,47.1068089556008],[-121.477078499537,47.106785721748],[-121.477001510147,47.1067767758632],[-121.476931935736,47.1067869612979],[-121.476835683325,47.1068496627046],[-121.476773393939,47.1068740174773],[-121.47660017185,47.1068735900198],[-121.476474340997,47.1068554596357],[-121.476341053795,47.1068137280327],[-121.476235617961,47.1067575578482],[-121.47609427044,47.1066588336566],[-121.476009223188,47.1065642676343],[-121.475993615167,47.1064787108399],[-121.476012404494,47.1063786337614],[-121.476087108675,47.1062637152735],[-121.476175991906,47.1061534485615],[-121.476237075906,47.106062610785],[-121.476256292345,47.1059861933235],[-121.476246815306,47.1058244941837],[-121.476293968328,47.1057384078187],[-121.476362246161,47.1056567768852],[-121.476410052438,47.10560890859],[-121.476520356505,47.1055460887139],[-121.476617387102,47.1054976402326],[-121.476678938762,47.105430433833],[-121.476726309468,47.1053585764746],[-121.476729796939,47.1051633705477],[-121.476713673264,47.1050493566226],[-121.476718801145,47.1049445960787],[-121.476551196174,47.104560430714],[-121.47649387355,47.104473171156],[-121.476428653966,47.1043357720612],[-121.476376841974,47.1041648064916],[-121.476296963423,47.1039941063486],[-121.476174373849,47.1037667046934],[-121.476130750764,47.1036575575851],[-121.476008936276,47.103472842619],[-121.475901688983,47.1033452036816],[-121.475851432541,47.1032599397786],[-121.475836128707,47.1031887767044],[-121.475870183377,47.103131236034],[-121.475869149563,47.1030741834573],[-121.475833023905,47.1030174273359],[-121.475756002146,47.1029798545784],[-121.475657981974,47.1029712771507],[-121.475316863274,47.1029835632379],[-121.475016470999,47.1029718952737],[-121.474745052129,47.1029789844708],[-121.47463285194,47.1029657001616],[-121.474527764642,47.1029283633913],[-121.474415485377,47.1028818463352],[-121.474358979962,47.1028394647592],[-121.474281949217,47.1028257189267],[-121.474197982142,47.102816994587],[-121.474114150281,47.1027891020977],[-121.474057558846,47.1027419236743],[-121.47402859145,47.1026945388901],[-121.473964671994,47.1026285843055],[-121.473899760741,47.102510018806],[-121.473771533813,47.1023587538369],[-121.473678261406,47.1022261954192],[-121.473642033879,47.1021370562957],[-121.473630274083,47.1018752928075],[-121.473634549712,47.1017230752547],[-121.473611748235,47.1016279824501],[-121.473532965451,47.1014905035136],[-121.473468787862,47.1014101549708],[-121.473439354718,47.1013391109166],[-121.473381770222,47.1012347144077],[-121.473373025497,47.1011396947566],[-121.473295226403,47.101083261313],[-121.473217644151,47.1010410852893],[-121.473167948781,47.1009842501731],[-121.473152393854,47.1009034920626],[-121.473158389242,47.1008463802227],[-121.473267314744,47.1006787208116],[-121.473293390487,47.1005928131218],[-121.473303745376,47.1003880889964],[-121.473295170876,47.1003024735419],[-121.473244920209,47.1002172092512],[-121.473160314241,47.1001750915461],[-121.473025929116,47.1000715055672],[-121.472948475256,47.1000340991139],[-121.472860838582,47.1000153966606],[-121.472658457115,47.0999554877019],[-121.472252715789,47.0998638105903],[-121.47214061462,47.0998266952338],[-121.472048896189,47.0997798380559],[-121.471971271868,47.0997328356079],[-121.471893784186,47.0996668281466],[-121.471815692781,47.0995961930779],[-121.471666227233,47.0994355073709],[-121.471609250611,47.0993645025943],[-121.47140496168,47.0992520981808],[-121.471292862353,47.0992149811715],[-121.471201232222,47.0991729213849],[-121.471040346488,47.0991314166318],[-121.470935187323,47.0990894700993],[-121.470773989845,47.0990574001317],[-121.470669126734,47.0990296550591],[-121.470284637386,47.0989758242469],[-121.47001232676,47.0989590818764],[-121.469858896002,47.098941339895],[-121.46975407455,47.0989470465057],[-121.469208609636,47.0988421090709],[-121.469061037288,47.0987860934607],[-121.468985314628,47.0987620506069],[-121.46891546085,47.0987294033852],[-121.468794740258,47.0986303327329],[-121.468633087831,47.0985460005308],[-121.468514050587,47.0985137383761],[-121.468381046927,47.0984862540728],[-121.4682693792,47.0984729594646],[-121.468150427223,47.0984453299538],[-121.46809995124,47.0984116966626],[-121.46808690422,47.0984030041494],[-121.468043850169,47.0983511021957],[-121.468021884136,47.0982750308582],[-121.468013919017,47.0982228348071],[-121.467969536761,47.0980992956496],[-121.467912101159,47.0980046556493],[-121.467868841394,47.0979145319331],[-121.467783171154,47.0978105325044],[-121.467684403204,47.097735104592],[-121.467592563338,47.0976788126643],[-121.467549991313,47.0976269064847],[-121.467520604433,47.0975556960075],[-121.467399774287,47.0974233633493],[-121.467238298385,47.0973486250601],[-121.467126547143,47.0973305312623],[-121.467063283359,47.0973024346095],[-121.466998932876,47.0972116368516],[-121.466960041449,47.0970023625079],[-121.466901281532,47.0968315055913],[-121.466865269184,47.0967557163975],[-121.466829371228,47.096713159467],[-121.46671685283,47.0966522414145],[-121.466632511241,47.0966243209461],[-121.46654886503,47.0966059905562],[-121.466464991639,47.0966018938919],[-121.466360013558,47.0965695398672],[-121.466282529998,47.0965321281333],[-121.466233017542,47.0964849135386],[-121.466182727538,47.0964234474927],[-121.466124738456,47.0962954142903],[-121.466109715599,47.0962144859598],[-121.465993774844,47.0959917891888],[-121.465922504261,47.0959067246717],[-121.46584477557,47.0958264852248],[-121.465745829131,47.0957654247681],[-121.465619564477,47.0957236510112],[-121.465486694031,47.09570093314],[-121.465277420281,47.0956740557127],[-121.465101379858,47.0955994361854],[-121.464994780681,47.0954764423253],[-121.464951954158,47.095410114855],[-121.464874003719,47.0953442724723],[-121.464831393462,47.0952922008121],[-121.464753353557,47.0952213680773],[-121.464654370624,47.0951603349663],[-121.464309740292,47.0948909035421],[-121.464204029963,47.0948443218038],[-121.464106164183,47.0948165115914],[-121.463973171415,47.094788995037],[-121.463672883208,47.0947534692288],[-121.463373230649,47.0947511705776],[-121.463001836235,47.094668579885],[-121.46282713018,47.0946367760861],[-121.462679929421,47.0945713447322],[-121.462475379166,47.0944445315227],[-121.462341114601,47.094345730457],[-121.462228349505,47.0942704148128],[-121.462122809767,47.0942332351538],[-121.461997016254,47.0942152534216],[-121.461829719222,47.0942070497375],[-121.461578386618,47.0941853147195],[-121.461452932619,47.0941863591608],[-121.461361870519,47.0941729132775],[-121.461270909626,47.0941404100184],[-121.46121463186,47.094107480387],[-121.461126893368,47.0940462687099],[-121.461087395868,47.0940086204789],[-121.461044222089,47.0939517259051],[-121.460986379734,47.0938332859774],[-121.46098502241,47.0937572063251],[-121.461038532749,47.0936328499022],[-121.461036835877,47.0935377429286],[-121.46097745203,47.0934724286688],[-121.460779172545,47.0933027025829],[-121.460694373156,47.0932463466405],[-121.460512476669,47.0932050021299],[-121.460337479752,47.0931588285803],[-121.460113432602,47.0931178610766],[-121.459758199159,47.0931256119528],[-121.459514022528,47.0931086115439],[-121.459332426936,47.0930862922757],[-121.458919252529,47.0929946022404],[-121.458548737117,47.0929310196298],[-121.458443599713,47.0928890350424],[-121.458373149771,47.092851423123],[-121.458330675402,47.0928043112856],[-121.45829436297,47.0927379270461],[-121.458244607875,47.0926764800056],[-121.457974450307,47.092388232072],[-121.457874901865,47.092265338008],[-121.457761808659,47.0921709908941],[-121.457627768742,47.0920817798619],[-121.457486913994,47.092006692267],[-121.457429586882,47.0919166812757],[-121.457215668067,47.0916567562106],[-121.457005062513,47.0915537842814],[-121.456913074286,47.0914878880994],[-121.45682008757,47.0913657890532],[-121.456749742384,47.091304511954],[-121.456572881883,47.0911822292605],[-121.456446673929,47.0911404171226],[-121.456320719661,47.0911128606848],[-121.456180983877,47.091071160279],[-121.455900046624,47.0909639972643],[-121.455704072174,47.0909227617689],[-121.455507292628,47.0908339029562],[-121.455297199943,47.0907595500724],[-121.455156269749,47.0906798265484],[-121.45486755363,47.0905298676622],[-121.454761494281,47.090435459746],[-121.454555715141,47.0902373223827],[-121.454477274423,47.0901426859162],[-121.454447550152,47.0900240103193],[-121.454453011756,47.0899334789009],[-121.45451360349,47.089813864344],[-121.454669472968,47.0895745416915],[-121.454722956886,47.0894503517523],[-121.454704511355,47.0893428803347],[-121.454626035735,47.0892484359056],[-121.454519640988,47.0891350009224],[-121.454393103211,47.0890741868353],[-121.454204452926,47.0890471191025],[-121.454064961627,47.0890482716048],[-121.453933045956,47.0890827865527],[-121.453836628016,47.0891358458158],[-121.453760890388,47.0891936972518],[-121.453684943459,47.0892419804502],[-121.453525486893,47.0892765306938],[-121.453351644276,47.0892921967523],[-121.453121310886,47.0892940980077],[-121.452827834782,47.0892442569613],[-121.45268821258,47.0892358118178],[-121.45260439602,47.0892365032425],[-121.452471947257,47.0892091338644],[-121.452331573872,47.089162662716],[-121.452176221315,47.0890592255711],[-121.452107390453,47.0890263678932],[-121.452002601534,47.0890034039409],[-121.451890075464,47.0889424716251],[-121.451847339825,47.0889095903608],[-121.451804786515,47.0888574865897],[-121.451706586592,47.0888392934653],[-121.451532744387,47.0888549301944],[-121.45141424639,47.0888512993826],[-121.451295153252,47.0888140570524],[-121.451106214878,47.0887727558586],[-121.450706252423,47.0886285008062],[-121.45047560587,47.088582934809],[-121.45035740062,47.0885981118373],[-121.450231999155,47.0885991437653],[-121.450014713084,47.088543870132],[-121.449952388893,47.0885680461554],[-121.449897386125,47.0886066951558],[-121.44984175224,47.0886117864948],[-121.449743824405,47.0885793586821],[-121.449617416761,47.0885233097184],[-121.449546643315,47.0884666658015],[-121.449426131878,47.0883487354106],[-121.449320236737,47.0882925174788],[-121.449207837369,47.0882362155381],[-121.448829627674,47.0881298069966],[-121.448611567234,47.0880030532939],[-121.448490661267,47.0878899237033],[-121.448461786976,47.0878187039164],[-121.448417561861,47.0877580572785],[-121.448430187141,47.087677063559],[-121.448372651068,47.0876014451344],[-121.448295166258,47.087530624506],[-121.448076378208,47.0873896449819],[-121.447906758995,47.087248122707],[-121.44776584932,47.0871683897955],[-121.44765383078,47.0871312501982],[-121.447394802304,47.0870715156961],[-121.44723340509,47.0870252108802],[-121.446995112956,47.0869414772685],[-121.446819145967,47.0868382031261],[-121.446719967102,47.0867342978381],[-121.446612654395,47.0865970624767],[-121.446497253256,47.0863695433131],[-121.446417999001,47.0862274437728],[-121.446318484537,47.086104347864],[-121.446233377397,47.0860289534905],[-121.446133795359,47.0859888039868],[-121.446001001354,47.0859708903118],[-121.445854324599,47.0859624947676],[-121.445666110994,47.0859594017054],[-121.445492405482,47.0859846527775],[-121.445423309957,47.0860232497195],[-121.44529862698,47.0860671287236],[-121.44519426472,47.0860679829983],[-121.445117184518,47.0860495842968],[-121.445046587384,47.086002533256],[-121.444989912521,47.0859459077357],[-121.444974860536,47.0858888050283],[-121.444980549971,47.0858126675106],[-121.445033133363,47.0856360631647],[-121.445066836192,47.085554897844],[-121.445036649737,47.0854360311301],[-121.445000715102,47.0853602345155],[-121.444915860568,47.085299069001],[-121.444733296847,47.085219673261],[-121.444502666589,47.0851739041927],[-121.444362932401,47.0851606514562],[-121.444250881517,47.0851235357232],[-121.444173180405,47.0850718802636],[-121.444116171611,47.0849960911673],[-121.444052391365,47.0849347527175],[-121.44398254579,47.0849305251892],[-121.443906013442,47.0849455463966],[-121.443836374031,47.0849507493586],[-121.443780079597,47.0849179490843],[-121.443723488861,47.0848659842321],[-121.443576068703,47.0848149261118],[-121.443407677015,47.0847400193494],[-121.44322561693,47.0846892437864],[-121.443064647,47.0846667298631],[-121.442764553919,47.0846359476356],[-121.442659777508,47.0846129743506],[-121.442561170395,47.0845709498089],[-121.442407290577,47.0845245487004],[-121.442274541475,47.0845066027104],[-121.442071993381,47.0844892260389],[-121.441691959752,47.0844208689384],[-121.441398411206,47.084394662989],[-121.441140443715,47.0843921317987],[-121.440987601976,47.0844028099491],[-121.440758227211,47.0844284798789],[-121.440493646847,47.0844496644412],[-121.440291886784,47.0844751356685],[-121.440019910503,47.0844773500517],[-121.439824426757,47.0844599116618],[-121.439768963592,47.0844745941217],[-121.439706766138,47.0845036997939],[-121.439623727941,47.0845186063095],[-121.43948416439,47.0845149433558],[-121.439359397658,47.0845541818109],[-121.439220413332,47.0845837473257],[-121.439165200788,47.08461282276],[-121.439131100136,47.084641726742],[-121.439061627936,47.0846565236144],[-121.438991951565,47.0846618887504],[-121.438875200964,47.0847579580269],[-121.438716470489,47.0848639389079],[-121.438612692719,47.0848982073875],[-121.438529546793,47.0849369152185],[-121.438495609884,47.0849752499305],[-121.438511150903,47.085060811304],[-121.438512147675,47.0851180290461],[-121.438346225702,47.0852144987581],[-121.438181566747,47.08526829085],[-121.437832757504,47.0852663257351],[-121.437776836934,47.0852525491063],[-121.437714554864,47.0852768827163],[-121.437715216754,47.0853149093501],[-121.437681487349,47.0853674729047],[-121.437598545966,47.0854157754356],[-121.437507960068,47.0854307416927],[-121.437424754124,47.0854362157146],[-121.437362514957,47.0854653204343],[-121.437216837204,47.0855141588014],[-121.437126855502,47.085533918651],[-121.437077558076,47.0855247216628],[-121.436910543357,47.0855308753905],[-121.4366875238,47.085518453607],[-121.43658970512,47.0855192470341],[-121.436506556863,47.0855579810943],[-121.436416244103,47.0855587135002],[-121.436332143294,47.0855403653455],[-121.436248233537,47.08550762056],[-121.436128848615,47.0854801266274],[-121.436002749653,47.0854429522991],[-121.435876821557,47.0854155111444],[-121.435765106081,47.0853974140767],[-121.435611846661,47.0853842603679],[-121.435493437364,47.0853852196984],[-121.435193608934,47.0854020438781],[-121.43495029828,47.0854324490696],[-121.434832385535,47.0854620300392],[-121.4346249568,47.0855683994195],[-121.434570484154,47.0856403248335],[-121.43451571731,47.0856930308192],[-121.434434425446,47.0857509416108],[-121.434386682717,47.0858035906916],[-121.434360140085,47.0858656652565],[-121.434290914198,47.0858948517031],[-121.434207021007,47.0858907319156],[-121.434143952211,47.0858722128411],[-121.434088115542,47.0858632319994],[-121.434018683812,47.0858828231791],[-121.433950117359,47.085950036065],[-121.43387407408,47.0859935084374],[-121.433804761279,47.0860177051036],[-121.433630513896,47.0860097094863],[-121.433553974196,47.0860245313621],[-121.433485311678,47.086058511559],[-121.433457956124,47.0861015629134],[-121.433410173278,47.086154239867],[-121.433340946505,47.0861834257414],[-121.433222618524,47.0861891805913],[-121.433152813116,47.0861849461838],[-121.433103628556,47.0861567173053],[-121.433019488214,47.0861383676112],[-121.432929104941,47.0861629259292],[-121.432860689375,47.0862111073716],[-121.43278456057,47.0862497811842],[-121.43272260365,47.086293112125],[-121.432597992744,47.0863417741637],[-121.432507525825,47.0863615074306],[-121.432410350458,47.0863717243527],[-121.432312490427,47.0863725144774],[-121.43220126938,47.0863830094162],[-121.432069136535,47.0864031052815],[-121.432014120706,47.0864415812903],[-121.431882198495,47.0864760707951],[-121.431785557624,47.0865149105614],[-121.431702157791,47.0865393833142],[-121.431298643184,47.0865664663522],[-121.431208670243,47.0866148486156],[-121.43109785694,47.0866489753241],[-121.430910544843,47.0866981413369],[-121.430792914448,47.0867467185301],[-121.430668051695,47.0867809852093],[-121.430369196726,47.0868500516386],[-121.430230604083,47.0868749959436],[-121.430137688673,47.0868995721742],[-121.429984153411,47.0869008087509],[-121.429879706016,47.086896824468],[-121.429781968004,47.0869024368457],[-121.429574307423,47.0869659683879],[-121.42949041132,47.0869618451883],[-121.429288186332,47.0869634727351],[-121.42906614775,47.0870080897915],[-121.428996752052,47.0870276773537],[-121.428913555857,47.0870617725298],[-121.428830560624,47.0871099042904],[-121.428832859367,47.0872432291342],[-121.428743609994,47.0873058066754],[-121.428556621359,47.0873739686147],[-121.428459087377,47.0873937823747],[-121.428375961369,47.0874040477132],[-121.428299212869,47.0874046646962],[-121.428222175417,47.0873908884075],[-121.428025334971,47.0872973504583],[-121.427934774084,47.0872838471778],[-121.427829762243,47.0872750939296],[-121.427557390172,47.0872248548265],[-121.427451888173,47.0871876434033],[-121.427319253181,47.0871506766438],[-121.4271934446,47.087127859073],[-121.427087986736,47.087095472351],[-121.426955031955,47.0870679133792],[-121.426864470523,47.0870544095422],[-121.426724983806,47.0870555290227],[-121.426655465329,47.0870703176419],[-121.4264407327,47.087129101747],[-121.426356920691,47.0871297741099],[-121.426300960179,47.0871159922609],[-121.426231319097,47.0871213493743],[-121.426154940826,47.0871457897377],[-121.426037917763,47.0872276171698],[-121.425973105871,47.0872803995485],[-121.425695797911,47.0873492810238],[-121.425618848138,47.0873404924804],[-121.425562885167,47.0873265454995],[-121.425450515474,47.087270384919],[-121.425352531452,47.0872617378948],[-121.42508118242,47.0872685456657],[-121.424976134163,47.0872599549129],[-121.424906042777,47.0872414867904],[-121.424829202415,47.0872086774135],[-121.424681793757,47.0871575952135],[-121.424555986277,47.0871347747695],[-121.424389209293,47.0871551391715],[-121.424250617588,47.0872085111459],[-121.424188534337,47.0872472313219],[-121.424105249618,47.087276359584],[-121.424028543808,47.0872817718998],[-121.423944965966,47.0872634113848],[-121.42373538846,47.0872460584994],[-121.423630778821,47.0872326645049],[-121.423470053412,47.0872243528983],[-121.423337672575,47.0872302099693],[-121.423254625647,47.0872451047004],[-121.423165095025,47.0873220756596],[-121.423053704213,47.0873229660907],[-121.42298463352,47.0873615769421],[-121.422908169576,47.0873811904442],[-121.422824878153,47.0873818560797],[-121.422737678003,47.0874168279628],[-121.422675672783,47.0874601806787],[-121.422537609312,47.0875421737146],[-121.422454286322,47.0875714655985],[-121.422267449863,47.0876490482869],[-121.422150053164,47.0877118454501],[-121.422081633822,47.0877886469552],[-121.422033676921,47.08783188714],[-121.421751045869,47.0880007207826],[-121.421674946625,47.0880393589601],[-121.421577328458,47.0880545346542],[-121.421459563949,47.0880935328784],[-121.421251399485,47.0881284270801],[-121.421153332135,47.088114978645],[-121.421090185654,47.0880916814532],[-121.421026670354,47.0880445311795],[-121.420977164438,47.0879972982096],[-121.420913692033,47.0879549463144],[-121.420864636896,47.0879317011463],[-121.420703420642,47.0878947633371],[-121.420591951037,47.0878910182983],[-121.420362470199,47.087911876699],[-121.420250963677,47.0879365930835],[-121.420181799827,47.0879417790334],[-121.419987123606,47.0879719286669],[-121.419896081508,47.0879584229263],[-121.419805925934,47.08796857355],[-121.419736486293,47.0879881558547],[-121.419660348384,47.0880269865868],[-121.419576898623,47.088046680641],[-121.419381772526,47.0880528400202],[-121.419243132001,47.0880731388293],[-121.419131419994,47.08808346024],[-121.418936783644,47.0881184339763],[-121.418846627621,47.0881285838506],[-121.418675114203,47.088222299364],[-121.418627641804,47.0882941333457],[-121.418565996042,47.0883565104527],[-121.41855316209,47.0884279054473],[-121.418568429803,47.0884992403376],[-121.418696387292,47.0886457696574],[-121.41873947233,47.0887026793719],[-121.418740281716,47.0887501372818],[-121.418649969769,47.0887794819797],[-121.418372039892,47.0888435521408],[-121.418142717703,47.08887400293],[-121.418059347761,47.0888984654948],[-121.417920661999,47.088918597432],[-121.417815487913,47.0889004038706],[-121.417710349648,47.0888584093464],[-121.417618495425,47.088797279675],[-121.417534551202,47.0887597234213],[-121.417366070948,47.0887087993483],[-121.417128588833,47.0886726268957],[-121.417010494262,47.088692593937],[-121.416948561369,47.0887405497754],[-121.416893859461,47.0887982368415],[-121.416824904368,47.0888464128842],[-121.416777223339,47.0889038524855],[-121.416779492347,47.0890371785857],[-121.416815389726,47.0891129838857],[-121.416830249855,47.0891604947598],[-121.416769329822,47.0892656951736],[-121.416625162617,47.0894049818864],[-121.416535974316,47.0894721833048],[-121.416502229248,47.0895535044096],[-121.416497949946,47.0896866899615],[-121.416463758742,47.0897394155145],[-121.416380346243,47.0897639059723],[-121.416151178919,47.0898037552217],[-121.41590739648,47.0898104874226],[-121.415607651015,47.0898032673152],[-121.415509663962,47.0897946116728],[-121.415433635424,47.0898094453538],[-121.415350426346,47.0898435304529],[-121.415243206269,47.0898538127317],[-121.415194514021,47.0898541986198],[-121.415103993867,47.0898739174576],[-121.415049125446,47.0899220087436],[-121.414952670913,47.0899752000171],[-121.414813499108,47.0899953320355],[-121.414751038238,47.090010057511],[-121.41469604808,47.0900533231187],[-121.414502006791,47.0901215178824],[-121.414447015576,47.0901648105217],[-121.414384837183,47.0901985361682],[-121.414280066158,47.0902041641735],[-121.414182479339,47.0901907328793],[-121.414071002641,47.0901868167771],[-121.413980684884,47.0902161309449],[-121.413925772976,47.090264057231],[-121.413892059328,47.0903167505163],[-121.413816156496,47.0903698061502],[-121.413712347829,47.0904038605583],[-121.413593646982,47.090419030626],[-121.413496140846,47.0904103694663],[-121.413377437296,47.0903923060245],[-121.413258531348,47.0903646201922],[-121.413146571538,47.0903322445133],[-121.413048458863,47.0903186247541],[-121.41296476238,47.090324084942],[-121.412868425153,47.090386705996],[-121.412792238144,47.0904207337186],[-121.412681324518,47.0904500719977],[-121.412569928672,47.090450952303],[-121.412478681162,47.0904278456081],[-121.412310478156,47.0903625164986],[-121.412212691832,47.090368087446],[-121.412130726428,47.0904449898479],[-121.411929050427,47.0904798427234],[-121.411832912683,47.090552058319],[-121.411735447544,47.090576628648],[-121.41151992067,47.0905925606802],[-121.411435901679,47.0905789931049],[-121.41138668311,47.0905459837195],[-121.411322409595,47.0904560049794],[-121.41123044098,47.0903902374944],[-121.411090461199,47.090362715444],[-121.411004313815,47.0903728275222],[-121.410892518005,47.0903500453701],[-121.41079404446,47.0903126265476],[-121.410597904011,47.0902284581262],[-121.410547927091,47.0901813881874],[-121.410484378483,47.0901342604327],[-121.410428135504,47.0901012791505],[-121.410204461824,47.0900507797779],[-121.410113094831,47.0900180751712],[-121.410056653984,47.0899756896655],[-121.409992303901,47.0898810770911],[-121.409950112503,47.0898479840309],[-121.409886929461,47.0898200201879],[-121.409781070378,47.0897636284048],[-121.409683001674,47.0897215437812],[-121.409479602455,47.0896518809855],[-121.409353755852,47.0896290443124],[-121.40894795724,47.0895227238291],[-121.408864140889,47.0895233834992],[-121.408822432161,47.0895189132446],[-121.408759409193,47.0895003800043],[-121.408723724308,47.0894674275134],[-121.408674549537,47.0894391871654],[-121.408645646833,47.0893917868897],[-121.408573191244,47.0892019523071],[-121.408472917481,47.0890599927256],[-121.408401985528,47.088989066526],[-121.40833157843,47.0889515896363],[-121.408275260265,47.0889139728295],[-121.408197906209,47.0888811565064],[-121.407995029892,47.0888112953389],[-121.407910894365,47.0887929276386],[-121.407827000303,47.0887889800697],[-121.407688107762,47.0887946789527],[-121.407631589419,47.0887761208474],[-121.407575313037,47.0887433029684],[-121.407499164658,47.0887486998922],[-121.407422613946,47.0887635321279],[-121.407374282454,47.0887829413616],[-121.40732478895,47.088764300765],[-121.407282721149,47.0887408035843],[-121.407234109047,47.0887459839916],[-121.40715857025,47.0887303170789],[-121.407080858075,47.0886738393791],[-121.407010452293,47.0886363608576],[-121.406947029852,47.0885940007093],[-121.406918691993,47.0885513940652],[-121.406861530327,47.0884945894835],[-121.406826608245,47.0884758622149],[-121.406770611904,47.088457271898],[-121.406498213255,47.0884355825081],[-121.40643503326,47.0884076167668],[-121.406323160438,47.0883798955053],[-121.406260420009,47.0883803878893],[-121.406149949438,47.0884336820578],[-121.406073557432,47.0884579446304],[-121.405976376047,47.0884683040737],[-121.40589950415,47.0884641086272],[-121.405774863549,47.0885127148168],[-121.405691249799,47.0885229676008],[-121.405628347881,47.0885138639133],[-121.405530964099,47.0885098290775],[-121.405454254668,47.0885152290537],[-121.405370798959,47.0885349128391],[-121.405280962203,47.0885642441269],[-121.405274337824,47.088588124018],[-121.405239691812,47.0886168301245],[-121.405003459057,47.0886569051142],[-121.404906512903,47.0886813008366],[-121.404801985595,47.0887013138393],[-121.40471869191,47.0887019664156],[-121.404655829687,47.0886928618875],[-121.404578559169,47.0886648678704],[-121.404486881224,47.0886132955131],[-121.40435341288,47.088557116133],[-121.404186344647,47.088558424347],[-121.404102410784,47.0885496484733],[-121.403934184461,47.0884843074322],[-121.403891878402,47.0884465799258],[-121.403828777481,47.0884232458518],[-121.403765517691,47.0883903431416],[-121.4037161871,47.0883526705455],[-121.40363907852,47.0883342716281],[-121.403436886949,47.0883358535976],[-121.403352513505,47.0883032534865],[-121.403219447548,47.088266071151],[-121.403191433351,47.0882426539654],[-121.403176904054,47.0882141414216],[-121.403134879436,47.0881906424056],[-121.403086026119,47.088181426372],[-121.403029909326,47.0881866636994],[-121.402944085599,47.0882159620606],[-121.402881623553,47.0882306813994],[-121.402833411928,47.0882596576343],[-121.402770949395,47.0882743766419],[-121.402708051472,47.0882654630035],[-121.402652533171,47.0882753022975],[-121.402548685357,47.0883095386422],[-121.402326774397,47.0883921616939],[-121.402133200004,47.0884887936406],[-121.402064232109,47.0885369608741],[-121.401967848038,47.0885949671577],[-121.401870300867,47.088614758462],[-121.40165454077,47.0886164432665],[-121.401481163765,47.0886606268049],[-121.40141159535,47.0886706023197],[-121.401307185217,47.0887000434274],[-121.401043210546,47.0887307026723],[-121.400925388802,47.0887648820476],[-121.400730659157,47.0887950272147],[-121.400535767632,47.088815549457],[-121.400243011546,47.0888320629674],[-121.399936967457,47.0888678729807],[-121.399707156693,47.0888696636324],[-121.399435514368,47.0888907819411],[-121.399184785313,47.088902166936],[-121.399024941159,47.0889178068988],[-121.398780799688,47.0889005133029],[-121.398538872875,47.0888691626721],[-121.398385178768,47.0888322998086],[-121.398098732773,47.0888059288295],[-121.398008096877,47.0887876042197],[-121.397896498325,47.0888075014171],[-121.397827730558,47.0888366350836],[-121.397667561262,47.0888617081558],[-121.397312384016,47.0888691024424],[-121.397165709726,47.0888608095651],[-121.397026534554,47.0888809198788],[-121.396629613269,47.0888840023388],[-121.396468729762,47.088866222194],[-121.396315549917,47.0888578142196],[-121.396149563514,47.0888639008912],[-121.396031341614,47.0888790491871],[-121.39598316546,47.0889080219735],[-121.395913083529,47.0888895633982],[-121.395857326764,47.0888851974563],[-121.395773750991,47.0889002412341],[-121.395739621163,47.0889289407168],[-121.395719179478,47.08896715787],[-121.395656797094,47.088986835666],[-121.395594212206,47.0889967263552],[-121.395497264366,47.0890213058167],[-121.395392730169,47.0890411458023],[-121.395337408478,47.0890654031961],[-121.395253356192,47.0890518233272],[-121.39517006185,47.0890524690166],[-121.39505890504,47.0890675620936],[-121.394814561506,47.0890694556378],[-121.394758648386,47.0890556573712],[-121.394682178544,47.089046652856],[-121.394640346002,47.0890660069197],[-121.394487404876,47.0890719901337],[-121.394403193475,47.0890488139041],[-121.394354065946,47.089020567973],[-121.394297996889,47.0889973662039],[-121.394200131542,47.0889981240312],[-121.39412361611,47.0890129202745],[-121.393984604152,47.0890139964885],[-121.393928769403,47.0890048317319],[-121.393859240943,47.0890197653797],[-121.393796499656,47.0890202509923],[-121.393768005535,47.0889966707503],[-121.393670542176,47.0889878280425],[-121.393593751289,47.088988422268],[-121.39353128812,47.0890033010472],[-121.393489936442,47.0890226232769],[-121.39338524236,47.0890328654278],[-121.393329129586,47.0890094718646],[-121.393112580831,47.0889636829031],[-121.39302840994,47.0889405059112],[-121.392986348683,47.0889170303927],[-121.392943645857,47.0888839359738],[-121.392789995325,47.0888470925024],[-121.392727333734,47.0888523751325],[-121.392672090083,47.088881401433],[-121.392609388285,47.0888818860966],[-121.392580971083,47.0888629120667],[-121.392552321315,47.0888299002768],[-121.392496290208,47.0888113041676],[-121.392440928493,47.0888307611672],[-121.392308540747,47.0888365826624],[-121.392267069608,47.088846335548],[-121.392204172305,47.0888373890483],[-121.392175363414,47.0887947545506],[-121.392188859941,47.0887612525372],[-121.392272519099,47.0887511739958],[-121.392320856003,47.0887317710823],[-121.39234129727,47.0886933892068],[-121.392290440044,47.0885606310086],[-121.392289650791,47.0885129815465],[-121.392233058584,47.0884896180305],[-121.392142505079,47.08847608696],[-121.392065005748,47.0884338554464],[-121.392001594914,47.0883914881883],[-121.391952193558,47.0883490398359],[-121.391909738329,47.0883017121817],[-121.391922202189,47.0882349580705],[-121.391956221793,47.0881680097712],[-121.391970836977,47.0880517186398],[-121.391928186164,47.0879901887015],[-121.391878747499,47.0879429149699],[-121.39182945752,47.0879386888129],[-121.391766833463,47.0879437792499],[-121.391711197511,47.0879490073579],[-121.391655760115,47.0879638308817],[-121.391578536737,47.0879358278564],[-121.391480406586,47.0878889298737],[-121.391382069601,47.0878610625622],[-121.391270756538,47.0878667202117],[-121.391180833842,47.0878912421136],[-121.3911602333,47.0879200272213],[-121.391111857368,47.0879394299577],[-121.391014347491,47.0879591846414],[-121.390973429938,47.0880023574149],[-121.390904532034,47.0880553158661],[-121.390829040284,47.0881319882617],[-121.390788632177,47.0882083902585],[-121.390713102286,47.0882852553536],[-121.390658133929,47.0883285095091],[-121.390518957702,47.0883486119838],[-121.390386332629,47.088340037655],[-121.390197168445,47.0882796369277],[-121.390133170399,47.0882040119925],[-121.389956913987,47.0880768535487],[-121.389872833981,47.0880298459322],[-121.389767513067,47.088002058214],[-121.38969084252,47.0880074474143],[-121.389628495374,47.0880317285015],[-121.389559880312,47.0880703156476],[-121.389448086135,47.0880759752411],[-121.389308448302,47.0880389920899],[-121.389229545798,47.0880015679813],[-121.389054274701,47.0879314611668],[-121.38887233231,47.0878852062036],[-121.38863372305,47.0878109517477],[-121.388486631119,47.0877454257184],[-121.388393633673,47.0876127986655],[-121.388330108682,47.0875656586732],[-121.388176465065,47.0875288090478],[-121.387911808676,47.0875498465472],[-121.387681650741,47.0875278152156],[-121.387569738705,47.0875286754192],[-121.387458035049,47.0875105044898],[-121.387282884497,47.0874499630822],[-121.386722787588,47.0872924882518],[-121.386394455851,47.0872521787432],[-121.386145139555,47.0872587261426],[-121.385950250785,47.0872794154251],[-121.385804205539,47.0873089702353],[-121.385721503,47.0873430294646],[-121.385500001372,47.0874542438361],[-121.38536152769,47.0875171648904],[-121.385236792354,47.0875609779159],[-121.385098841125,47.0876238946436],[-121.384980216325,47.0876438060559],[-121.384791997308,47.0876404501093],[-121.38465985892,47.0876320568845],[-121.384491956157,47.0876141493599],[-121.38432488997,47.0876154288448],[-121.38418579153,47.087640294704],[-121.383900581345,47.0876615072361],[-121.383817158458,47.0876859733579],[-121.383671777195,47.0877537437108],[-121.383526684099,47.0878121071942],[-121.383450205146,47.0878316937428],[-121.383311105787,47.087856585692],[-121.383178874078,47.087871828534],[-121.383046838915,47.0878966661367],[-121.382964481346,47.0879543566778],[-121.382923152239,47.0880071266599],[-121.38284099257,47.0880744125588],[-121.382570514461,47.0881691864088],[-121.382396618478,47.088182524926],[-121.382204747627,47.0881719812223],[-121.382046700366,47.0881137150282],[-121.381889566508,47.0880792692553],[-121.381715474106,47.0880805986103],[-121.381470639757,47.0880228297144],[-121.381312245347,47.0879407644326],[-121.381102407628,47.0879067198019],[-121.380823518857,47.087885019469],[-121.380560758773,47.087803721469],[-121.380401977027,47.0876978300184],[-121.380243247764,47.0875681103408],[-121.380119397445,47.0874501342608],[-121.380013085991,47.0873318319058],[-121.379906450127,47.0872255423846],[-121.379817916849,47.0871191151188],[-121.379743864964,47.0870094790144],[-121.379846284516,47.0868895861461],[-121.380000499888,47.0867456633527],[-121.380120849648,47.0866494620227],[-121.380242111975,47.0865772462902],[-121.380310226219,47.086505242836],[-121.380307504605,47.0863386879646],[-121.380358222792,47.0862192166851],[-121.380477756026,47.0860707591154],[-121.380562983518,47.0859749890494],[-121.381101631585,47.0858637513091],[-121.381483992171,47.0858013865622],[-121.381743729177,47.0857279472815],[-121.38193403113,47.0856431926057],[-121.382123553902,47.0855108143463],[-121.382329445625,47.0853068552084],[-121.382655915274,47.0850188365988],[-121.383120559873,47.0846819668784],[-121.383239963876,47.0845262961119],[-121.383289412855,47.0843593420747],[-121.383287072742,47.0842166112665],[-121.383267673911,47.0840740114867],[-121.383177250081,47.0838841351324],[-121.383121171923,47.0836466955448],[-121.383047199977,47.0833877861203],[-121.382883121448,47.082960605319],[-121.382718395474,47.0824619717215],[-121.382625640305,47.0821295281458],[-121.382479434488,47.0816902261405],[-121.382297475304,47.0812393519629],[-121.38194009913,47.0806827153719],[-121.381673867638,47.0803872417666],[-121.381477550422,47.0801032166164],[-121.381210545857,47.0797601199023],[-121.381120423231,47.0795583935083],[-121.381045415811,47.0792376578994],[-121.381040358373,47.0789283723713],[-121.380964612513,47.0785599600531],[-121.380978103459,47.0783098420642],[-121.380817947516,47.0781206591131],[-121.380554416252,47.0779917391346],[-121.380256334295,47.0778632456756],[-121.380045951664,47.0777933929827],[-121.379765756141,47.0776884261934],[-121.379730132631,47.077657658492],[-121.379437161178,47.0767673700821],[-121.379291289851,47.0763756898237],[-121.379092280228,47.0759249668793],[-121.378893857533,47.075510022996],[-121.378679798495,47.0752141451328],[-121.378221534602,47.0748604870695],[-121.377674075765,47.0744243947378],[-121.377004259741,47.073929562887],[-121.376652741688,47.0737538383846],[-121.375760403266,47.0734867675574],[-121.375636594675,47.0733687584367],[-121.375661572083,47.0732090394318],[-121.375745181885,47.0729823541903],[-121.375827687347,47.0727198678142],[-121.375962110256,47.0724094957062],[-121.376195294598,47.0717531005141],[-121.376346087365,47.0713711470137],[-121.376374679066,47.0710019658912],[-121.376407274516,47.0708469601044],[-121.376315392328,47.0705645455731],[-121.376171921648,47.0703155910571],[-121.375779185466,47.0697355664812],[-121.37568836702,47.0694862127019],[-121.375506466523,47.0690353257863],[-121.375394211476,47.0685482649222],[-121.375267515765,47.0682517458577],[-121.375314848105,47.0679538520658],[-121.37546872967,47.067762307752],[-121.375692406123,47.0676058521454],[-121.37586260374,47.0673665277158],[-121.376048015717,47.0669843110355],[-121.376305055683,47.0667204982067],[-121.376459161703,47.066540768786],[-121.376681903387,47.0663248443909],[-121.376783326511,47.0661456791165],[-121.376900537895,47.0658590990679],[-121.377070626489,47.065584127373],[-121.377067720963,47.0654055902011],[-121.377048016429,47.065274808235],[-121.37697409889,47.0650158944732],[-121.37703934122,47.0647417184206],[-121.377068738981,47.064420159109],[-121.377059832146,47.0638728398832],[-121.376923803285,47.0630050126735],[-121.376794789366,47.0625657356772],[-121.376756912097,47.0623636359133],[-121.376788400216,47.0621729912693],[-121.376697397629,47.0619118207974],[-121.376518225582,47.0616276560004],[-121.376445879551,47.0614377998749],[-121.376355904704,47.0612717413741],[-121.375860739122,47.060799596494],[-121.375611087381,47.0604397097228],[-121.375518411687,47.0601070943883],[-121.375409306921,47.0598104134131],[-121.375228601596,47.0594309732398],[-121.375118878726,47.0590984859552],[-121.374975366977,47.0588497221078],[-121.374797892249,47.0586368336938],[-121.374706770765,47.0583994904671],[-121.374687017307,47.0582330634414],[-121.374573883229,47.0577221780594],[-121.374552198506,47.0574366796946],[-121.37451211742,47.0571276296969],[-121.374612463293,47.0568530235567],[-121.374800358093,47.0566255486842],[-121.375057647718,47.0564093920244],[-121.375297497251,47.056169538372],[-121.375659314535,47.0559049041325],[-121.376140743452,47.0555322844718],[-121.376383296067,47.0554591504527],[-121.376591070824,47.0553742974662],[-121.376781039527,47.0552775696176],[-121.376918220632,47.0551693973214],[-121.377020529257,47.0550138879076],[-121.377175435923,47.0549175892477],[-121.377417361027,47.0548086473121],[-121.377641499196,47.0546521838656],[-121.377831311555,47.0545436373266],[-121.378056129429,47.054458624028],[-121.378368200823,47.0543729741972],[-121.378628852979,47.0543351790483],[-121.378993809227,47.0542967539972],[-121.379195255177,47.0542547747518],[-121.379279113054,47.0540755479545],[-121.379311265097,47.0538969075431],[-121.37930815958,47.0537065257112],[-121.379288685952,47.0535875602446],[-121.379215511949,47.0533739115082],[-121.37914287963,47.0531958768676],[-121.379105155055,47.0530057858588],[-121.3791030201,47.0528748709786],[-121.379235861247,47.0524692194275],[-121.379354195785,47.0522541106617],[-121.379508120153,47.0520983428603],[-121.379680001005,47.0519661015982],[-121.379956811329,47.0518448772989],[-121.380180837042,47.0517122376406],[-121.38038820349,47.0516035527886],[-121.380525850616,47.0514953992679],[-121.380662096779,47.0513039533878],[-121.380849947146,47.0510764948597],[-121.380916265771,47.0508974004882],[-121.381052355232,47.050694137719],[-121.38115538134,47.0505862479828],[-121.381379748228,47.0504774032072],[-121.381622656735,47.0504279187668],[-121.381900275231,47.0503543403795],[-121.3824712977,47.050159569577],[-121.382782712174,47.0500382382026],[-121.383596764154,47.0497701723565],[-121.383838783235,47.0496373875989],[-121.384063375857,47.0495403541706],[-121.384341051156,47.0495025802323],[-121.384584434298,47.0494530855764],[-121.38482776636,47.0494273921159],[-121.385140344855,47.049377530485],[-121.385400774439,47.0493279033407],[-121.385748200253,47.0492893994095],[-121.38595648562,47.0492403360301],[-121.386111162817,47.0491320448847],[-121.386212128655,47.0489288532224],[-121.386331732052,47.0487613837239],[-121.386415557661,47.0485821514293],[-121.386482219826,47.0483984448581],[-121.386457409915,47.0479581840519],[-121.386402958156,47.0478158524426],[-121.386381476706,47.0475779815738],[-121.386412660201,47.0473397072346],[-121.386409726966,47.0471613057951],[-121.386424320231,47.0469826331573],[-121.386594404645,47.0467432633658],[-121.386747507967,47.0465396981207],[-121.386814438552,47.0463726050147],[-121.386983934997,47.0460976209696],[-121.387155279943,47.0459058967352],[-121.387396401094,47.045749309974],[-121.387843239921,47.0453888879338],[-121.388050279929,47.0452920094493],[-121.388619314835,47.0449544717332],[-121.388790562603,47.0447865747412],[-121.388944366718,47.0445948191015],[-121.389082136646,47.0444986360447],[-121.389185045227,47.0444145407191],[-121.38932049692,47.0441754605874],[-121.389388439688,47.0440678331783],[-121.389490756236,47.0439479309221],[-121.389626990799,47.0437564736991],[-121.389780468892,47.0435768939706],[-121.389969823345,47.043444501875],[-121.390159373608,47.0433239529746],[-121.390297963812,47.0432753914276],[-121.390523066545,47.0432140151147],[-121.390695679237,47.0431294072472],[-121.390884047276,47.0429375468076],[-121.39107182491,47.0427100430756],[-121.391500691718,47.042325752146],[-121.391690431577,47.0422171824008],[-121.391973005749,47.0420222061447],[-121.392246148069,47.0417107648374],[-121.392484872637,47.0414114083285],[-121.392690161905,47.0411836020538],[-121.392775029608,47.0410401950643],[-121.392928684317,47.0408723999641],[-121.393203872522,47.0406560623869],[-121.393411043993,47.0405711827481],[-121.393602349618,47.0405576911196],[-121.393759442396,47.0405684844376],[-121.393915895386,47.0405672723827],[-121.394036511433,47.0404948523927],[-121.394138741194,47.0403393002264],[-121.394187525673,47.0401367241314],[-121.39421834491,47.0399102398556],[-121.394302811392,47.0397430069981],[-121.394367341113,47.0394330125576],[-121.394449352251,47.0391468761678],[-121.394481876874,47.0389918628822],[-121.394514711368,47.0388845046093],[-121.394684980606,47.0386333021915],[-121.394855198588,47.0384057644982],[-121.394957691945,47.0382978654849],[-121.395182107312,47.0381651915733],[-121.395439621142,47.0379727863338],[-121.39562827031,47.0377999440385],[-121.395590698596,47.0376218389284],[-121.395568428583,47.037336318754],[-121.395511154983,47.0370272696307],[-121.395507201896,47.0367892364446],[-121.395522752536,47.0366701934772],[-121.395660441164,47.0365976670622],[-121.395921631503,47.0365956390235],[-121.396182188159,47.036557968795],[-121.396300223314,47.0363309977677],[-121.396556266331,47.0360194867338],[-121.396781334392,47.0359582628478],[-121.39717890622,47.0357766100117],[-121.397333450084,47.0356326576648],[-121.397589715142,47.0353687986059],[-121.397814351044,47.0352481014114],[-121.39805539192,47.0350914638985],[-121.398435785546,47.0349337686691],[-121.398642528557,47.0348250545111],[-121.398866919213,47.0346923738458],[-121.39922795701,47.0344276679863],[-121.399433591734,47.0342238386991],[-121.399482945306,47.0340569021825],[-121.39945966427,47.0337119152451],[-121.399418704365,47.0333312547328],[-121.399449738198,47.0331168045515],[-121.399565768101,47.0327708960613],[-121.399664467393,47.0324368028536],[-121.399744180638,47.0319839361906],[-121.399809069628,47.0316979008641],[-121.399856194985,47.031397635992],[-121.399558875013,47.0313046410956],[-121.399052919609,47.0312371280089],[-121.398738280551,47.0311563035693],[-121.398160695318,47.0309703941416],[-121.397932479696,47.0308412383918],[-121.397737840454,47.0306523451015],[-121.39743446447,47.0302262621194],[-121.397239757079,47.0300017219144],[-121.397114844373,47.0298479597708],[-121.396988316235,47.029563249645],[-121.396880303685,47.0293380357415],[-121.396824415687,47.029112251144],[-121.396838180349,47.0288861172097],[-121.396919762909,47.0285759606195],[-121.397000445142,47.0281826994751],[-121.397149099344,47.0277172872805],[-121.397197628941,47.0274694405264],[-121.397297286025,47.0271949809376],[-121.39734564716,47.0269683862604],[-121.397340697739,47.0266709119148],[-121.397320404517,47.0265044908528],[-121.397212990014,47.0263149179747],[-121.397104583984,47.0260657134033],[-121.396926807476,47.0258648703324],[-121.396853882653,47.025639217736],[-121.396904028309,47.0255199051244],[-121.396972128969,47.0254240896039],[-121.396917703209,47.0253174083618],[-121.396794315372,47.0252232463233],[-121.396602073155,47.0251770834632],[-121.396426996629,47.0251069864325],[-121.396199560802,47.0250254508659],[-121.39595480525,47.0249560858924],[-121.39576141738,47.0248384738163],[-121.395637241769,47.0246966592915],[-121.395581561985,47.0244828826816],[-121.395490998116,47.0242811956578],[-121.395364059984,47.0239728498607],[-121.395168111423,47.0237006593092],[-121.394992015491,47.0235710932272],[-121.394953576201,47.0233690001786],[-121.394932391531,47.0231193091468],[-121.39498095774,47.0229046955739],[-121.395251375067,47.0224383401832],[-121.395422333333,47.0222586154574],[-121.39552369409,47.0220554099384],[-121.395608163141,47.0219191872649],[-121.395673295598,47.0216448329761],[-121.395825193694,47.0213461402703],[-121.396063610349,47.0210349569233],[-121.396199369471,47.0208196660139],[-121.396488117109,47.020400821447],[-121.396657441273,47.0201257933185],[-121.39680877401,47.0197912922643],[-121.396804423542,47.0195296249397],[-121.396782511383,47.0192679285303],[-121.396743404164,47.0189945486365],[-121.396771235955,47.0185897142551],[-121.396854314015,47.0183390198947],[-121.396956964078,47.0182430999455],[-121.397164916912,47.0181818429806],[-121.397390109634,47.0181326259461],[-121.397650021115,47.0180591452487],[-121.397943697274,47.0179379081032],[-121.398133339587,47.0178293269303],[-121.398270664582,47.0177091427312],[-121.398512222657,47.0175883379983],[-121.398736061664,47.017455660072],[-121.398994736358,47.0173107007619],[-121.399287213889,47.0171180117034],[-121.399803410764,47.0167570245012],[-121.400199997563,47.0165278739446],[-121.400319997915,47.0164198326445],[-121.400734848052,47.0162618316944],[-121.400921425171,47.0161817040641],[-121.401006033886,47.016026473176],[-121.40107327884,47.0158830047679],[-121.401105489567,47.015740001735],[-121.401138453618,47.015644456758],[-121.401276565231,47.0155720841823],[-121.401605932525,47.0154862329849],[-121.402021726804,47.0153876951837],[-121.402438437193,47.0153129489632],[-121.402559584894,47.0152763543602],[-121.402836713012,47.0152147100812],[-121.403097161972,47.0151770239833],[-121.403304937424,47.0151039385743],[-121.403616539908,47.0150062110436],[-121.403841512337,47.014944999858],[-121.404084442238,47.0149074488175],[-121.404327568697,47.0148817142812],[-121.404501347423,47.014844704607],[-121.404621932636,47.014772272653],[-121.404689566424,47.0146526543349],[-121.404721527308,47.014497806683],[-121.404805959151,47.014330398903],[-121.404923311519,47.0140677761919],[-121.405025137789,47.013924060796],[-121.405090575043,47.0136736627561],[-121.405086981595,47.0134594812619],[-121.405101942832,47.0133046012355],[-121.405186011087,47.0131491798603],[-121.405357906024,47.0130289071409],[-121.40556507178,47.0129201477848],[-121.405824707711,47.0128348321313],[-121.406049108035,47.0127377824968],[-121.406222078681,47.0126531468336],[-121.406342218758,47.0125570807007],[-121.40647899133,47.0124368898044],[-121.406580934667,47.012269508241],[-121.406647802211,47.0121024026314],[-121.406662436088,47.0119593431745],[-121.406659038329,47.0117571700021],[-121.406620566907,47.0115266177202],[-121.406602969279,47.0104794517047],[-121.406564896198,47.0103011879477],[-121.406475995294,47.0101709254736],[-121.406352864074,47.0100886167994],[-121.406195659042,47.010066023779],[-121.40607268727,47.0099955321361],[-121.405984629139,47.0099129195048],[-121.405965476148,47.009817975666],[-121.405980833951,47.0096869207698],[-121.406133757362,47.0094833274793],[-121.406184065496,47.0093757993001],[-121.406215100169,47.0091375168243],[-121.406263010202,47.0088872556845],[-121.406382579547,47.0087553824146],[-121.406553616636,47.0085874564016],[-121.406655471473,47.0084439037839],[-121.40672329418,47.0083362652966],[-121.406686943607,47.0082294462262],[-121.406648071081,47.0080035317966],[-121.406697859249,47.0078365588198],[-121.406817425603,47.0077046850537],[-121.406952986513,47.0075132093238],[-121.407107582738,47.0073810596939],[-121.407210231841,47.0072849654743],[-121.407313724496,47.0072128573523],[-121.407484753802,47.0070449301536],[-121.407535454976,47.006961062782],[-121.407568044021,47.0068418827126],[-121.407566242602,47.0067347916456],[-121.407632299065,47.006522419365],[-121.408072708876,47.0058048345956],[-121.408122410262,47.0056616901215],[-121.408258883528,47.0054940348958],[-121.408377598936,47.005314508028],[-121.408462206818,47.0051590794624],[-121.408529020041,47.0049919724387],[-121.408526414395,47.0048372298932],[-121.408489141215,47.004706589933],[-121.408486337201,47.0045400585759],[-121.408554391982,47.0044444001173],[-121.408726808248,47.0043595721181],[-121.408935300651,47.0043342928506],[-121.409213085015,47.0042844446056],[-121.409349631483,47.0041524340585],[-121.40948689669,47.0040322362779],[-121.409866237167,47.0038270149144],[-121.410038290476,47.003718551647],[-121.410123212793,47.0035869475925],[-121.410173347418,47.0034676001323],[-121.410153987175,47.0033606478424],[-121.409905494326,47.0030649291201],[-121.409445875585,47.0026401075499],[-121.409110947986,47.0023572436865],[-121.408758545391,47.0021099716145],[-121.408494158876,47.0019098278217],[-121.408318299779,47.0017920980052],[-121.408211697477,47.0016501848727],[-121.408017167237,47.0014613077455],[-121.407891611811,47.0012362396349],[-121.407766895993,47.0010586580511],[-121.407643742262,47.0009763237065],[-121.407485722627,47.0009061091638],[-121.407363610525,47.0008832408254],[-121.407188999421,47.0008369859073],[-121.407084602693,47.0008259610168],[-121.406874685919,47.0007681642343],[-121.406769287301,47.0006975076425],[-121.406662610664,47.0005794228412],[-121.406574645713,47.0005038574855],[-121.406606630907,47.0003488429978],[-121.406656132169,47.0001938560916],[-121.406790356434,46.9998952847546],[-121.406891951987,46.9997397503115],[-121.407182025321,46.9993803127924],[-121.407196859003,46.9992494267442],[-121.407177225637,46.999094817922],[-121.40710521343,46.9989524678238],[-121.407154910685,46.9988093242956],[-121.407145709537,46.9982619965182],[-121.407212916013,46.9981185226589],[-121.407333422576,46.9980462805657],[-121.407436813942,46.9979978366388],[-121.407609853307,46.9979488177161],[-121.407782576512,46.9978523622605],[-121.407971726353,46.9977199387603],[-121.408176905762,46.9975279121734],[-121.408365853417,46.9973835067093],[-121.408503507482,46.9972872995799],[-121.408918345125,46.9971410845599],[-121.409021856923,46.9970689746355],[-121.409194689594,46.9970079714837],[-121.40934953266,46.9969234732542],[-121.409591974407,46.9968620851965],[-121.409887033231,46.9968002805214],[-121.410163413291,46.9967028115515],[-121.410612143836,46.9964850569214],[-121.410835064931,46.996304896409],[-121.411022795687,46.9960891740123],[-121.411143289836,46.9960167631158],[-121.411229443083,46.9959566067063],[-121.41163933062,46.9957247310825],[-121.411811436077,46.9955926275229],[-121.412314454437,46.9955051790869],[-121.412522629489,46.9954917130398],[-121.412696903297,46.9954903333967],[-121.412903466467,46.9953815920955],[-121.413145132201,46.9952725446698],[-121.413439330898,46.995163108174],[-121.413662596357,46.9950065762972],[-121.413956312882,46.9948971414524],[-121.414164400364,46.9948478623382],[-121.41454728702,46.9948568074472],[-121.414896321691,46.9949373428943],[-121.415280014054,46.9949937457291],[-121.415488100681,46.9949444631303],[-121.415677828973,46.9948478328276],[-121.416023793326,46.9947497971166],[-121.416230668062,46.9946292288989],[-121.416401465495,46.9944492790907],[-121.416503387991,46.9943175343102],[-121.416570001864,46.9941386049798],[-121.416550544204,46.9939958145776],[-121.416495102719,46.9938296740446],[-121.416509824704,46.9936629756565],[-121.41664664584,46.9935191342998],[-121.416854321161,46.9934460239879],[-121.417009180823,46.9933614879255],[-121.417111504674,46.9932535683349],[-121.417283990558,46.9931450900845],[-121.417386352644,46.9930371419618],[-121.417540846555,46.9929288064952],[-121.417937789249,46.9927352632737],[-121.4180752117,46.9926270353122],[-121.418470249066,46.9923500365551],[-121.418883521681,46.9920850379237],[-121.419107365618,46.9919641373723],[-121.419383253028,46.991807201312],[-121.419521074556,46.9917227971086],[-121.419606084179,46.9916269962224],[-121.41960405522,46.9915079232864],[-121.419653511048,46.9913529303898],[-121.4197216887,46.9912689167394],[-121.419806406087,46.9911254879531],[-121.419908759368,46.9910175652199],[-121.419993717769,46.9908859527536],[-121.420127884773,46.9905873650158],[-121.420125857049,46.9904684296861],[-121.420053986771,46.9903380680991],[-121.419947257409,46.9902198039038],[-121.41984145954,46.990125552597],[-121.419751756425,46.9899763038515],[-121.419714781769,46.989833653523],[-121.419729658093,46.9896789632798],[-121.419761800469,46.9895357614373],[-121.419864962988,46.9894754902675],[-121.42012207053,46.989247380055],[-121.420187203949,46.988984990281],[-121.420305843845,46.9888054782074],[-121.420450099828,46.9886853750236],[-121.420622856261,46.9886245185806],[-121.420761683939,46.9885996091503],[-121.420970106537,46.988574115259],[-121.42117824941,46.9885604410855],[-121.421351250506,46.9885115927623],[-121.421749770908,46.9884131191597],[-121.422287856094,46.9883611576323],[-121.422566932505,46.988394762829],[-121.422828699626,46.9884401329509],[-121.423124804347,46.9884735735957],[-121.42340245519,46.9884237194831],[-121.423696930009,46.9883618843133],[-121.42402646054,46.9882996025606],[-121.424251706443,46.9882621497023],[-121.424354861435,46.9882018465227],[-121.424510623349,46.988141148727],[-121.424718877114,46.9881036384677],[-121.425031674847,46.9880893098711],[-121.425326757846,46.9880631128226],[-121.425552613074,46.9880612994416],[-121.425830666585,46.9880352378441],[-121.426073908129,46.9880214650922],[-121.426351235074,46.9879834248523],[-121.426889795634,46.9879316296178],[-121.427166957346,46.9878817431658],[-121.427444804467,46.9878436960971],[-121.427600247328,46.9877949795998],[-121.427720538003,46.9877107069377],[-121.427805800369,46.9876029139155],[-121.427925884303,46.9875066594677],[-121.428080207942,46.9873626638221],[-121.428217278021,46.9872662725564],[-121.428476181981,46.9871452346626],[-121.428632510198,46.987120174432],[-121.428979670909,46.9870935475535],[-121.429221637583,46.9870082925255],[-121.429482339066,46.9869942072447],[-121.429725124114,46.9869566018872],[-121.430037747418,46.9869302512147],[-121.4302641182,46.9869284244018],[-121.430471639601,46.9868791191142],[-121.430574483894,46.9867711557014],[-121.430728892517,46.9866628018665],[-121.431079615724,46.986438710043],[-121.431234544045,46.9863303521285],[-121.431629540558,46.9860296423289],[-121.431835411191,46.9858850600129],[-121.432231676008,46.9856557968569],[-121.43242072432,46.9855233327571],[-121.4325576866,46.9853912897807],[-121.432763347618,46.9852348610253],[-121.433125534727,46.9850653471221],[-121.433505885304,46.9849313322203],[-121.434060443101,46.9848197320959],[-121.434285775544,46.9847584298776],[-121.434493492369,46.9847210988824],[-121.434857221405,46.9846110427948],[-121.435116811911,46.9845612795025],[-121.43551610432,46.9845104089024],[-121.435759532776,46.9845084327546],[-121.436037523387,46.9844823465563],[-121.436262370996,46.9844210435529],[-121.436539988871,46.9843711585586],[-121.436989848591,46.9842603677901],[-121.43733623012,46.9841624552281],[-121.437595713823,46.9840768753434],[-121.43802771719,46.9839187599695],[-121.438235009991,46.9838574322408],[-121.438372992117,46.9837850142659],[-121.438492633332,46.9836649506429],[-121.438681413342,46.9835206597415],[-121.43890570068,46.9833998798824],[-121.439111790717,46.9832672656899],[-121.439266444386,46.9831468887772],[-121.439472286422,46.9830024566524],[-121.439661928545,46.9829056225698],[-121.439852812459,46.9828802375098],[-121.440061618491,46.9828785345478],[-121.440219213174,46.9829249064722],[-121.440341753997,46.9829715370468],[-121.440480866179,46.982994230815],[-121.440688012635,46.9828972521878],[-121.441085463702,46.9827394354038],[-121.44124087621,46.9826905087926],[-121.44146556707,46.9825933854538],[-121.441671402313,46.982448949368],[-121.441860621218,46.982328286453],[-121.441980421679,46.9822202010356],[-121.442048804767,46.9821483473883],[-121.442116939207,46.9820644847651],[-121.442097978441,46.9819813620535],[-121.442113323455,46.9818573211946],[-121.442162912539,46.9817141621292],[-121.442351505517,46.9815578552849],[-121.442488474306,46.9814258000195],[-121.442607648702,46.9812820716487],[-121.442691663385,46.9811027908811],[-121.442844993177,46.9809349539575],[-121.443033998892,46.9808024711691],[-121.443257951789,46.9806935320278],[-121.443483050017,46.9806203946939],[-121.443881824986,46.9805694718396],[-121.444037542916,46.9805087475213],[-121.444157998854,46.9804363014532],[-121.444331325699,46.9804110524302],[-121.444505486149,46.9804334541252],[-121.444783114668,46.9803835209304],[-121.44497357015,46.9803343010591],[-121.445147313452,46.9803328762966],[-121.445269812276,46.980379529968],[-121.445357778906,46.9804264659588],[-121.445497030568,46.9804253235996],[-121.445635096579,46.9803885434093],[-121.445928142465,46.9802193632507],[-121.446064123656,46.9800636747236],[-121.446131454987,46.9799321866089],[-121.446164213138,46.9798009820256],[-121.446214203843,46.9796814538763],[-121.446298729539,46.9795618348992],[-121.446295809717,46.9793952760836],[-121.446257522588,46.9791813492741],[-121.446237054271,46.979014770002],[-121.446252308025,46.9788838730536],[-121.446250013162,46.9787529564859],[-121.446212937401,46.9786103422029],[-121.446123513516,46.9784801130088],[-121.446018109302,46.9784097114596],[-121.445963217239,46.9782791989366],[-121.445944940059,46.9782078896056],[-121.445890819304,46.9780894085709],[-121.445819110334,46.9779708793663],[-121.445799481105,46.9778520883227],[-121.445762863824,46.9777332987643],[-121.445690991156,46.9776031179494],[-121.445602779686,46.9775442001035],[-121.445514443247,46.9774736300737],[-121.44540858191,46.9773792105669],[-121.445337124503,46.9772726899781],[-121.445265210932,46.9771423444281],[-121.44519271329,46.976976355374],[-121.445190421078,46.9768454387115],[-121.445135846558,46.9767031323611],[-121.445081686059,46.9765844587506],[-121.444974413409,46.976406937062],[-121.444902957657,46.9763003882079],[-121.444829378937,46.9760747679671],[-121.44475813496,46.9759802556949],[-121.444634271522,46.9758573554266],[-121.444492368032,46.9757039178484],[-121.444333438665,46.9755504830634],[-121.44426198533,46.9754439348817],[-121.444048381912,46.9751719946718],[-121.443976680877,46.9750534650415],[-121.443905645951,46.9749707690218],[-121.443868997927,46.9748521158942],[-121.44374505726,46.9747221954959],[-121.443533371452,46.9745573460152],[-121.443376695434,46.9745348269797],[-121.443290442832,46.9745829990069],[-121.443134598433,46.9746081035725],[-121.442995234955,46.9745973984729],[-121.442716802442,46.9745996766472],[-121.442542455243,46.974565455402],[-121.442384778722,46.9744833025765],[-121.442261673674,46.9744010034081],[-121.442137426677,46.9742830671059],[-121.442066627118,46.9741883847433],[-121.441976807804,46.9740345193652],[-121.441904114528,46.9738565193613],[-121.441884741702,46.9737495711386],[-121.441882664279,46.973630497968],[-121.44194995977,46.9734991760616],[-121.442035002613,46.9733793640909],[-121.442155654428,46.9733189015546],[-121.442293809485,46.9732583226306],[-121.442362969965,46.9732339281035],[-121.442414003978,46.9731740346076],[-121.442412756743,46.9731025853805],[-121.442393343037,46.9729956095783],[-121.442356945684,46.9728888003603],[-121.442286538581,46.9728417456522],[-121.442198756096,46.9728068160047],[-121.442162566683,46.9727118237995],[-121.442248373737,46.9726634637208],[-121.442404240593,46.9726147231079],[-121.442507136244,46.9725424220868],[-121.442679400156,46.9724577078428],[-121.442938823685,46.9723723072699],[-121.443095101928,46.972347199624],[-121.443354625142,46.972297444477],[-121.443804890992,46.9721866227257],[-121.443995111846,46.9721255883601],[-121.44409806845,46.9720294564202],[-121.444148723668,46.9719457633961],[-121.444147060388,46.9718506533887],[-121.444075990561,46.9717679577145],[-121.444074324524,46.9716726823752],[-121.44413998538,46.9714460850923],[-121.444259963801,46.9713498135014],[-121.444432221144,46.9712650957851],[-121.444690595618,46.9711202235862],[-121.44501812098,46.9709507901715],[-121.445449163611,46.9707450226758],[-121.445812255463,46.9706349358366],[-121.446344402788,46.9704543861641],[-121.446656086898,46.9703803383626],[-121.446933167117,46.9703067668668],[-121.447140608199,46.9702574310633],[-121.447382573438,46.9701483350782],[-121.447589805626,46.9700871545053],[-121.447848332991,46.9699540923244],[-121.44807185324,46.9698213167743],[-121.448261013587,46.969700642903],[-121.448483548841,46.9694845973628],[-121.448706649827,46.9693281597879],[-121.448843321031,46.9691841152346],[-121.449031814148,46.969027961987],[-121.449650096659,46.9685944118306],[-121.449908022278,46.9684255374879],[-121.450027814633,46.9683174429435],[-121.45023374008,46.9681848089333],[-121.450422684733,46.9680524783191],[-121.450560435062,46.967967872127],[-121.45073246414,46.9678713557828],[-121.450835819742,46.9677990163901],[-121.450956448504,46.9677385714197],[-121.451267062885,46.9676050434328],[-121.45149157214,46.967531730246],[-121.451784224713,46.9673747397872],[-121.452094623675,46.9672292279604],[-121.452267587651,46.9671565036904],[-121.452474172373,46.967059507669],[-121.452577107127,46.9669635327889],[-121.452764778074,46.9667595845344],[-121.452866811145,46.9666398149486],[-121.453035929434,46.9663765441326],[-121.453290643222,46.9660292586387],[-121.453375861164,46.9659214462292],[-121.453770946497,46.9656682864306],[-121.453942577924,46.9655477751154],[-121.454251239336,46.9653071756578],[-121.454433408074,46.9651890987835],[-121.454623171512,46.9651042483321],[-121.454829593658,46.9649716016736],[-121.455415576669,46.9646692231195],[-121.455622566681,46.9645960466794],[-121.456229201799,46.9644718960164],[-121.456384552999,46.9644231400823],[-121.456609503325,46.9643736138451],[-121.456799852806,46.9643244024912],[-121.456990493985,46.9642871714816],[-121.457127974506,46.964190740863],[-121.457178560844,46.9641070151169],[-121.457159854712,46.9640120736316],[-121.457174554124,46.9638809873387],[-121.457154159218,46.9636907710238],[-121.45715183857,46.9635598540913],[-121.457271144384,46.9634279258018],[-121.457390236313,46.9632839897424],[-121.457525968091,46.9631162770295],[-121.457628042153,46.9629726735392],[-121.457608009598,46.9628300852387],[-121.457571336804,46.9627112723684],[-121.457496498875,46.9624143733909],[-121.457564162415,46.9623067035487],[-121.457684137049,46.9622104176633],[-121.457820038499,46.96205468648],[-121.457922780906,46.9619467247562],[-121.457938208641,46.9618274787488],[-121.457986852843,46.9616366886407],[-121.457984107566,46.961481945252],[-121.45806756325,46.9613028487037],[-121.458167728389,46.961051960759],[-121.458164985542,46.9608973818516],[-121.45814516201,46.9607666103867],[-121.458142839086,46.9606356933631],[-121.458241679914,46.9603373500636],[-121.458275243563,46.960253792437],[-121.458325612206,46.9601580847549],[-121.458321387864,46.9599200480061],[-121.458232177713,46.9598018639535],[-121.458107984811,46.9596599774286],[-121.457932198536,46.9595424860047],[-121.45782639147,46.9594480762488],[-121.457685335381,46.9593421414071],[-121.45750951062,46.9592246499379],[-121.457358386363,46.959142627484],[-121.457164851801,46.95901329929],[-121.45695402761,46.9588959321528],[-121.456778205968,46.9587784664245],[-121.45660196415,46.9586371471221],[-121.456408681738,46.9585196341516],[-121.456181014456,46.9584144165217],[-121.455969946325,46.9582852318713],[-121.455827883979,46.9581198257956],[-121.455353583973,46.9578262397664],[-121.455124390148,46.9576615553969],[-121.454930866243,46.9575322233947],[-121.454580330041,46.9573565614864],[-121.453968155256,46.9571355710252],[-121.453585107627,46.9571029303162],[-121.453428457739,46.9571042269546],[-121.453288257074,46.9570459107545],[-121.45298999864,46.9568817945231],[-121.452883995314,46.9567755630435],[-121.452794591591,46.9566453661645],[-121.452654181846,46.9565750678258],[-121.45251324664,46.95644546141],[-121.452424264543,46.9563390895851],[-121.452388236116,46.9562559165025],[-121.452299254978,46.9561495445719],[-121.452227811596,46.9560430007274],[-121.452225630355,46.9559192938811],[-121.452275588446,46.9557999270472],[-121.452342833961,46.9556684347064],[-121.452410746562,46.9555725842161],[-121.452513387927,46.9554884570456],[-121.45258126365,46.9553927707298],[-121.452647039106,46.9551780118497],[-121.45281590909,46.9549027308932],[-121.452918191169,46.9547711131484],[-121.453019398314,46.954603527167],[-121.45310438933,46.9544838697801],[-121.453206395553,46.9543639349635],[-121.453360937945,46.9542437026268],[-121.453426436206,46.9540407632514],[-121.453488424751,46.9536117920875],[-121.453482334964,46.9532668554301],[-121.453445928488,46.9531600214116],[-121.453391564751,46.9530295348531],[-121.45330216688,46.9528993650931],[-121.453282738867,46.9527923904985],[-121.453281057184,46.9526971153163],[-121.453331950655,46.9526015698082],[-121.453328799111,46.952423028493],[-121.453308322015,46.9522566128596],[-121.453218504239,46.9521025904861],[-121.453163761751,46.95194830494],[-121.453126477107,46.9517938472088],[-121.453089343695,46.9516752010164],[-121.452928570605,46.9514146572332],[-121.452839387504,46.9512964687051],[-121.452714178119,46.9510951078321],[-121.452571896524,46.9509178537088],[-121.452254285732,46.9506466236364],[-121.452096877175,46.950576629421],[-121.451974440047,46.950529982601],[-121.451903594157,46.9504591081213],[-121.451797545717,46.950376678757],[-121.451708847665,46.9502584853448],[-121.45161987735,46.9501521129835],[-121.451513891054,46.9500458531553],[-121.451442837034,46.9499631612412],[-121.45135793398,46.9498876040846],[-121.451217815932,46.9498054555917],[-121.451005785442,46.9496167921441],[-121.45093393465,46.9494864487564],[-121.450879581157,46.949355988018],[-121.4507556408,46.9492260465698],[-121.45063191409,46.9491081414681],[-121.450542948185,46.9490017679624],[-121.450436375426,46.9488597005336],[-121.45013764916,46.9486955800134],[-121.449997746878,46.9486254388171],[-121.449926526688,46.9485307370652],[-121.4499587361,46.9483995347714],[-121.450008481503,46.948268186999],[-121.450111424465,46.9481722134734],[-121.450350250384,46.9479202155207],[-121.450487073469,46.9477881489713],[-121.45058970256,46.9477039961835],[-121.450710498818,46.9476555327745],[-121.450899575646,46.9475348537978],[-121.451037027376,46.9474386216321],[-121.451174016421,46.9473183714593],[-121.451293339811,46.9471864492443],[-121.45132680392,46.9471266959099],[-121.451376544838,46.9469953483213],[-121.451460729456,46.9468280675719],[-121.451561636391,46.9466486662758],[-121.451679911185,46.9464572756097],[-121.451765100571,46.9463494358203],[-121.451901917111,46.9462173954933],[-121.452019728972,46.9460021782688],[-121.452086375099,46.9458350427824],[-121.452115889635,46.9455490952182],[-121.452148304031,46.9454299007358],[-121.452215155772,46.9452745823266],[-121.45228154824,46.9450954376647],[-121.452313853656,46.9449405962211],[-121.452311753878,46.9448214953774],[-121.452326880384,46.9447142626528],[-121.452253144575,46.9444768267722],[-121.452075281962,46.9442402245367],[-121.451934275666,46.9441342824752],[-121.451828932005,46.9440638575603],[-121.451740660666,46.9439692980269],[-121.451686795987,46.943893648806],[-121.451701812639,46.9437506047189],[-121.451734498574,46.9436195614581],[-121.45180041029,46.943440448654],[-121.452038050661,46.9430933039108],[-121.45212149475,46.9429140462195],[-121.45222138382,46.9426751474999],[-121.452285888524,46.9423891019712],[-121.452335514402,46.9422221071385],[-121.45236645452,46.9420194541744],[-121.45232523387,46.9416389665755],[-121.452216643513,46.9414136373493],[-121.452074177895,46.9412244015341],[-121.451933660253,46.9411184554062],[-121.45179287507,46.9410244933784],[-121.451651707002,46.9409065419819],[-121.451545530719,46.9407884926897],[-121.45138616354,46.9406350424136],[-121.451243490298,46.9404338238542],[-121.451136477244,46.9402681229558],[-121.451063763373,46.9400903192413],[-121.450956159971,46.9398887835305],[-121.450865323185,46.9396753169667],[-121.450723974926,46.9395217180803],[-121.45061749014,46.939415489103],[-121.450529059819,46.9393091110037],[-121.450490894758,46.9391309945797],[-121.450400957636,46.9389411577417],[-121.450398238626,46.9387866056363],[-121.45037697715,46.9385725652376],[-121.450266137366,46.9382162887596],[-121.450159218892,46.9380577976903],[-121.45010449888,46.9379034821068],[-121.450085082683,46.9377965344844],[-121.450031369718,46.9377016881755],[-121.450010698969,46.9375234551718],[-121.449973681918,46.9373808123703],[-121.449987825899,46.9371903086923],[-121.449976944918,46.9365715246661],[-121.449991235806,46.9364166396294],[-121.449918359382,46.9362268269195],[-121.449881765336,46.9361082009143],[-121.449791943752,46.9359541757683],[-121.449665987361,46.935705322766],[-121.449541911974,46.9355634257031],[-121.449435124421,46.9354097315764],[-121.44931017666,46.9352203466923],[-121.4491848096,46.9350071372616],[-121.449129011588,46.9347933811434],[-121.449142049192,46.9345670461876],[-121.449208688915,46.9343999118341],[-121.44925946885,46.9343280052231],[-121.449362594702,46.9342438757898],[-121.449464362471,46.9341120995212],[-121.449514725242,46.9340165594817],[-121.449633984066,46.9338846379887],[-121.449754079994,46.9338003684984],[-121.449873585155,46.9336802641797],[-121.44992317086,46.9335132700278],[-121.450023931404,46.9333220238263],[-121.450126114818,46.9332140724587],[-121.450261396978,46.932998711903],[-121.45041571327,46.932866501021],[-121.450672318854,46.9326619850691],[-121.450808267703,46.9324824578925],[-121.451250431748,46.9321312394201],[-121.451609899,46.9318307454967],[-121.451833103491,46.9316623155984],[-121.45224526506,46.9313970319071],[-121.452451144246,46.9312405616089],[-121.452605602396,46.9311441592067],[-121.452862462192,46.9309278170984],[-121.453051055893,46.9307833356353],[-121.453204002945,46.9306036375803],[-121.453287904157,46.9304243741608],[-121.45331950536,46.9302575274584],[-121.453419846896,46.9300186500084],[-121.453555568045,46.9298271114141],[-121.453794087724,46.9295632601037],[-121.454051083838,46.9293825342829],[-121.454344420071,46.9292491657854],[-121.454638156913,46.9291634515176],[-121.454862084125,46.9290664696534],[-121.455121280065,46.9289810403176],[-121.455346773613,46.9289433292717],[-121.455520142436,46.9289300727326],[-121.45579819982,46.9289515937761],[-121.4560418575,46.9289495707728],[-121.456335967904,46.9288874863809],[-121.456576790525,46.9287547122705],[-121.456662152347,46.9286587132209],[-121.456810021732,46.9281933751009],[-121.456824349173,46.9280146593307],[-121.456908388234,46.92787120466],[-121.456922925436,46.9277043337656],[-121.456916940932,46.9273664128119],[-121.456931520107,46.9271997060719],[-121.456875067829,46.9269502825188],[-121.456819607865,46.926783993338],[-121.456782542769,46.9266415442825],[-121.456775169851,46.9262251551308],[-121.456734099814,46.9258564846946],[-121.456696133101,46.9256902137489],[-121.456640563824,46.9254882773327],[-121.456567217866,46.9252746698982],[-121.456458531674,46.9250136968124],[-121.456455792648,46.9248589525969],[-121.456383330775,46.924692968094],[-121.45632941025,46.9245863076984],[-121.45627481826,46.924443976861],[-121.456167549511,46.9242901008425],[-121.456131118525,46.9241832950876],[-121.45611152626,46.9240645305078],[-121.456126907143,46.9239452829677],[-121.456211362849,46.9238256270599],[-121.45641703387,46.9236573600098],[-121.456571900157,46.9235607836496],[-121.456759980026,46.923416436347],[-121.456863243011,46.9233441174993],[-121.457119667508,46.9231039395208],[-121.457290697412,46.9229597330595],[-121.457358943421,46.9228877049232],[-121.457461305228,46.9227917556113],[-121.457581822718,46.9227311112803],[-121.457805184963,46.922574650004],[-121.457942247161,46.9224900385542],[-121.458080044584,46.9224175957239],[-121.458269057952,46.9222969305945],[-121.458476152339,46.9222119000437],[-121.458768958104,46.9220785231861],[-121.45892376236,46.9220059376773],[-121.459147746245,46.9218849528865],[-121.459302967867,46.9218360279345],[-121.459510735547,46.9217868296168],[-121.459857038132,46.9217362842265],[-121.460099565739,46.9216747837982],[-121.460271891209,46.9216018857844],[-121.460492548016,46.9215191515086],[-121.46071758772,46.9214577962186],[-121.461098688391,46.9213949734099],[-121.461635647817,46.9213191930169],[-121.462466298747,46.9211336811323],[-121.463020566556,46.921045739133],[-121.463592745527,46.9209815007783],[-121.464215454654,46.9208333383387],[-121.464717559882,46.9207696535789],[-121.464873508202,46.9207326984646],[-121.465081899368,46.9207189689008],[-121.465340733327,46.9206455019001],[-121.465443979049,46.9205731481574],[-121.465562146495,46.9203817689898],[-121.465628678714,46.9202146239806],[-121.465846166611,46.9197605070344],[-121.46591252186,46.9195813805978],[-121.465997129731,46.9194449338105],[-121.466234056545,46.919097926582],[-121.466336392389,46.9190017776267],[-121.466438304799,46.9188819933038],[-121.466540522198,46.9187501970136],[-121.466624051846,46.9185827169132],[-121.466691897564,46.9184870497321],[-121.466794500114,46.9183790513971],[-121.466932006528,46.9183184460234],[-121.467069312759,46.9182220026167],[-121.467241404236,46.9181372500164],[-121.467466422687,46.9180759088942],[-121.467691130728,46.9180263604246],[-121.467881772315,46.9180009284722],[-121.468211719129,46.9179863349808],[-121.469149535401,46.9179784430484],[-121.469357183415,46.9179528651874],[-121.46958219701,46.9178914927931],[-121.469736330632,46.9177830853939],[-121.46983939129,46.9176987729951],[-121.469976425234,46.9176143116098],[-121.470149206339,46.9175415583759],[-121.470269697889,46.9174809009495],[-121.470407426801,46.9174084435948],[-121.470561769614,46.9173118523013],[-121.470681196715,46.9171919174776],[-121.470843396334,46.9171428909838],[-121.470964581626,46.9170942094073],[-121.471067761465,46.9170457075682],[-121.471188642373,46.9170090395614],[-121.471481429404,46.9168756306587],[-121.471671172648,46.916802733028],[-121.471878905554,46.916753347552],[-121.472189816884,46.9166554319712],[-121.472620535681,46.9164613766148],[-121.472705332384,46.9163655345193],[-121.472840947922,46.9161738071425],[-121.472890181734,46.9160187880837],[-121.473009986383,46.9159225121883],[-121.473112826492,46.9158265175139],[-121.47328468669,46.9157297740792],[-121.473455650125,46.9155855433118],[-121.473626180968,46.9154173499201],[-121.474017678377,46.9149619358607],[-121.474101915598,46.9148064546334],[-121.474168666767,46.9146511218755],[-121.474320811732,46.9144356159964],[-121.47444064905,46.914339311369],[-121.474525960526,46.9142434623657],[-121.474628272029,46.9141473059142],[-121.474817610927,46.9140505768797],[-121.475041652985,46.9139653994627],[-121.475370710307,46.9139029692708],[-121.475734435416,46.9138523917988],[-121.476203567644,46.9138484139314],[-121.476481810483,46.9138817296856],[-121.477212140655,46.9139111797429],[-121.477473341298,46.913944774629],[-121.477749215311,46.9138471412749],[-121.478043867747,46.9138208076164],[-121.478269068164,46.913771235121],[-121.478528370683,46.9136977347348],[-121.47871834695,46.9136366689085],[-121.479373910973,46.9134048636364],[-121.47964983004,46.9132835597662],[-121.479873252938,46.9131625653096],[-121.480166999123,46.9130887676695],[-121.480460389334,46.9129909785499],[-121.480893904149,46.9129278073975],[-121.481352068373,46.9129262868143],[-121.481525376446,46.9129128265549],[-121.481769826314,46.9129583724781],[-121.482099825718,46.9129793875195],[-121.482273823729,46.9130017319605],[-121.482483913277,46.9130832187081],[-121.482675611691,46.9131172305052],[-121.482867704005,46.9131750678524],[-121.483201259441,46.9133627999852],[-121.483358383298,46.9134209360437],[-121.483514945463,46.9134195983519],[-121.483740093501,46.9133938439484],[-121.483965287424,46.9133442882689],[-121.484190178452,46.9133066895251],[-121.484363487018,46.9132932238973],[-121.484657742268,46.9132432399114],[-121.485090338017,46.913156066752],[-121.48533236455,46.9130707151919],[-121.4856777228,46.9129726323289],[-121.486074699926,46.9128262818078],[-121.486212604847,46.9127894522394],[-121.486437795165,46.9127398906074],[-121.48662797785,46.9126907934265],[-121.486765924979,46.9126299687715],[-121.486937928552,46.912545186934],[-121.487127891961,46.9124840795073],[-121.487335509154,46.9124584691889],[-121.487526557172,46.9124568301843],[-121.487699335984,46.9123838864743],[-121.487888125581,46.9122871403547],[-121.488111788401,46.9121543088319],[-121.488334535432,46.9119976280429],[-121.488607558084,46.9117215861262],[-121.488709187759,46.9115897743638],[-121.488863349269,46.9114575111808],[-121.489016338883,46.9112896084181],[-121.489152539145,46.9111336698945],[-121.489253514018,46.9109662140746],[-121.489321701794,46.9108941398889],[-121.489456595304,46.9106669423913],[-121.489539513741,46.9104399990868],[-121.4895908724,46.910403909438],[-121.489746032995,46.910354916419],[-121.489971388974,46.9103173299055],[-121.49017964995,46.9103273843201],[-121.490405521207,46.9103135949247],[-121.490560642093,46.910264628287],[-121.490663790395,46.9102160808314],[-121.490732018061,46.9101441968319],[-121.490835430274,46.9100838289669],[-121.490971796517,46.9099635619714],[-121.491195661764,46.9098426786669],[-121.491297935665,46.9097465064585],[-121.49142451819,46.9096383065019],[-121.491734658401,46.9095046955602],[-121.491941473462,46.9094077872419],[-121.492110155774,46.9093348720212],[-121.492247694717,46.9092504062444],[-121.492524135966,46.9091885441124],[-121.492696856281,46.9091155660442],[-121.492974212538,46.9091013546157],[-121.493304670197,46.9091221678084],[-121.493686565343,46.909107025234],[-121.494050676683,46.9090800785236],[-121.494172440941,46.909091010387],[-121.494347047906,46.9091489796625],[-121.494728681644,46.909121852545],[-121.494884355695,46.9090728749457],[-121.495091698959,46.9090354342975],[-121.495282295929,46.909009956632],[-121.495612398108,46.9090071015009],[-121.495872049714,46.9089572233053],[-121.496132400644,46.9089431242487],[-121.496408832853,46.9088810888248],[-121.497142236888,46.9082646001984],[-121.49672348392,46.9080490449457],[-121.496755210461,46.907890409235],[-121.496820530235,46.9076635857552],[-121.496927992967,46.9074698510161],[-121.496978697819,46.9073900531926],[-121.534709342288,46.9073907671924],[-121.538365650455,46.9073867112452],[-121.542034887329,46.9073849188574],[-121.542054698773,46.9074536508456],[-121.542120370034,46.9075496090139],[-121.542240986098,46.9074944958493],[-121.542581499013,46.9073846026766],[-121.549950235241,46.9073874018588],[-121.552849354146,46.9073880090644],[-121.576940247658,46.9073882578796],[-121.577431231826,46.9073812486553],[-121.57776866267,46.9073812432558],[-121.592566219452,46.9073810738901],[-121.598063218656,46.9073910059092],[-121.612901164326,46.9073908263186],[-121.619179162112,46.9073867371856],[-121.634027126633,46.907386561631],[-121.636085103548,46.9073805514999],[-121.640301124786,46.9073814965854],[-121.643971720189,46.9073766325557],[-121.653278070481,46.9073893258496],[-121.655143065287,46.907383317866],[-121.661417069348,46.9073812430249],[-121.678914724336,46.9073813113367],[-121.703649970463,46.9073807302353],[-121.718499943773,46.9073865555638],[-121.720003951548,46.9073825227425],[-121.729172920022,46.9073844206361],[-121.748859792526,46.9073857298444],[-121.786230282032,46.9073832608359],[-121.791574331448,46.9073742785577],[-121.792238346806,46.9073812765211],[-121.796424385807,46.9073812828885],[-121.797460396359,46.9073772857103],[-121.799170450361,46.9073813035156],[-121.817728659153,46.9073813546019],[-121.818721634561,46.9073813609521],[-121.822700132873,46.9073647765079],[-121.823273691397,46.9073623737539],[-121.834768852354,46.9073833869608],[-121.853600044924,46.9076094537679],[-121.861659150907,46.9076174659561],[-121.874007278203,46.9076615144883],[-121.890462476817,46.9076705402664],[-121.912578732315,46.9076975972015],[-121.914854758684,46.9077276111302],[-121.915714231667,46.9077170963886],[-121.915627628865,46.9146914963283],[-121.915639805594,46.9152694453767],[-121.915851937169,46.9152333784963],[-121.916287018994,46.9151328099225],[-121.917708279786,46.9147487072667],[-121.918267257271,46.9146037408854],[-121.919004869775,46.9143804129208],[-121.919362563287,46.9142426666387],[-121.919713794032,46.9141240860833],[-121.920038718675,46.9140629253524],[-121.920317074822,46.9140785506775],[-121.920772694343,46.9142300394846],[-121.921083572858,46.9144261780786],[-121.921318036493,46.9146232318183],[-121.921543788828,46.9147537524722],[-121.921885768874,46.9148114240726],[-121.922325762689,46.9148964599218],[-121.922745123009,46.9149912647669],[-121.922955784167,46.9150743605024],[-121.92313951666,46.9151911098981],[-121.923387623572,46.9153785020904],[-121.923605584321,46.9154757671802],[-121.923871906529,46.9155629443213],[-121.924269968653,46.9156389479804],[-121.924557263265,46.9157306360983],[-121.924824968109,46.9158701470682],[-121.925016295652,46.9160106036081],[-121.925578583929,46.916517842232],[-121.925873168799,46.916885570173],[-121.926027335119,46.9171978848095],[-121.926096237102,46.9174398444742],[-121.92623262722,46.9176048103886],[-121.926432270149,46.9177975410301],[-121.926742561055,46.9179698675653],[-121.92690571707,46.9180963817343],[-121.927442414376,46.9186848571342],[-121.9277887014,46.9189043424331],[-121.928214305889,46.9192323471958],[-121.928758117478,46.9195636281575],[-121.929763255522,46.9202605536907],[-121.930180158882,46.9205220183601],[-121.930511449601,46.9206988184003],[-121.93091132369,46.9208414449941],[-121.931408431076,46.9209828611531],[-121.931987919633,46.921085158061],[-121.932733472975,46.9211615811468],[-121.933227346185,46.9211792374363],[-121.933777515487,46.9212247652313],[-121.934251805984,46.9212902698344],[-121.934761545974,46.9213839054701],[-121.935537447313,46.9215551487176],[-121.93620307936,46.9217610826443],[-121.937143320654,46.9221016650817],[-121.937670038764,46.9223093528353],[-121.938269393486,46.9226351507984],[-121.938775905349,46.9228668624754],[-121.9392811562,46.9230510068873],[-121.93976429405,46.923187789995],[-121.940336097664,46.9232615657673],[-121.940558113847,46.9232758728805],[-121.940955673109,46.92330144758],[-121.941421589914,46.9233146468534],[-121.942722865046,46.9233792743792],[-121.943218247331,46.9234540205363],[-121.944006435563,46.923563156707],[-121.944601005586,46.9237080660028],[-121.945020895388,46.9238170441712],[-121.945461341388,46.9239162750546],[-121.946004753193,46.9239665749119],[-121.946721703768,46.9240099470258],[-121.947437508066,46.9240104656863],[-121.948326723237,46.9239992815392],[-121.949241451497,46.9239020687865],[-121.950244404442,46.9237275529149],[-121.951232868292,46.9235294061327],[-121.952191084094,46.923241188443],[-121.954029911944,46.9223657412327],[-121.954522780545,46.922088125316],[-121.955079083126,46.9218430244422],[-121.955595738407,46.9216746069425],[-121.956825212761,46.9213972074166],[-121.957882901974,46.9211933551631],[-121.95936358861,46.9209555821538],[-121.960869957324,46.9208983821832],[-121.963085937772,46.9208702375262],[-121.963676145827,46.9208532174544],[-121.964509769,46.9208426144709],[-121.965364713884,46.9208507944564],[-121.966228558296,46.9209302393825],[-121.967016108929,46.921015422314],[-121.967697402653,46.9210257979845],[-121.969329840201,46.9210049721149],[-121.971564463263,46.9208954696363],[-121.972638346843,46.9207770018902],[-121.973642725863,46.9206594147163],[-121.974368474341,46.9205167840184],[-121.975022330291,46.9202846518221],[-121.976177749496,46.9198460784304],[-121.97689382727,46.9196035936933],[-121.977514843757,46.9194432820121],[-121.978427448405,46.9192744491682],[-121.979001015388,46.9191575751541],[-121.979596337307,46.9190737398066],[-121.980093477334,46.9189578424006],[-121.980561635638,46.9187994517929],[-121.981200867872,46.9185436400643],[-121.981954118416,46.9181387861876],[-121.982713015249,46.917686217113],[-121.983672297308,46.9169406367286],[-121.984327500433,46.9165084261812],[-121.984901669749,46.9161629857731],[-121.985826182222,46.9156701675411],[-121.986690763457,46.9152733595957],[-121.987235022638,46.9151044414414],[-121.987850829009,46.9150107810291],[-121.988419899897,46.9149843909075],[-121.988862330824,46.9149024830228],[-121.989619803197,46.9146546101408],[-121.990282771618,46.9142556124302],[-121.990755196694,46.9137495728011],[-121.991394412137,46.9132461143024],[-121.992022139362,46.9128285295114],[-121.992708803317,46.9125339439715],[-121.993374616263,46.9122396527456],[-121.993973340276,46.912031903032],[-121.994451252279,46.9119780887072],[-121.994985522704,46.9119520906555],[-121.995456381179,46.9118936193077],[-121.99588449967,46.9117975816693],[-121.996642422757,46.9115687158757],[-121.997308202829,46.9112743741139],[-121.9979472668,46.9110184688689],[-121.997991490447,46.9110000804385],[-121.99799272492,46.9109995849886],[-121.998455536472,46.9108071271136],[-121.998828602419,46.910730855741],[-121.999230790351,46.9107018123315],[-121.999501661683,46.9106982833807],[-121.999856128447,46.9107031809843],[-122.000642262762,46.910740541925],[-122.000760051877,46.9107294901952],[-122.000876824263,46.9106803577236],[-122.000971921094,46.9106029324796],[-122.001051985935,46.910482864871],[-122.001190399645,46.9102144373764],[-122.001354935735,46.9098837443829],[-122.00147906786,46.9096012148158],[-122.001553095225,46.909514547027],[-122.001648229371,46.9094371470008],[-122.001944477314,46.9093475791325],[-122.002517491027,46.9092163045837],[-122.002772448952,46.9091415618504],[-122.002896003662,46.9090875673375],[-122.003039606743,46.909004734651],[-122.003127644211,46.9089226541506],[-122.003193025297,46.9088503866868],[-122.003386751363,46.9086964449332],[-122.003544026421,46.9085815652693],[-122.003689971168,46.9085082169388],[-122.003871915446,46.9084544182517],[-122.004087062115,46.9083973331662],[-122.004574711484,46.9083195448886],[-122.004750850023,46.9082829613764],[-122.005218714635,46.9080940029267],[-122.005464672091,46.9079751632587],[-122.010818115117,46.908032886714],[-122.016033827494,46.9080174985429],[-122.021375888595,46.908025243334],[-122.026660007098,46.9080455203936],[-122.031895159823,46.9080955787258],[-122.037208520472,46.9080400573472],[-122.039113459117,46.9080421853893],[-122.039111451079,46.9080602029705],[-122.039100124864,46.9080812256103],[-122.039148274674,46.9081546285549],[-122.039155338482,46.9081792164763],[-122.039172927564,46.9081954361593],[-122.039212090201,46.9082525043473],[-122.039218873234,46.9082770960201],[-122.039239162825,46.9082911958307],[-122.039253613669,46.9083138195013],[-122.039303414186,46.9083664670902],[-122.039295848701,46.9083747957501],[-122.039310363471,46.9083828290684],[-122.039320041524,46.908402308408],[-122.039341452931,46.9084248120868],[-122.03936538275,46.9084725952432],[-122.039450005879,46.9085619659317],[-122.039493654974,46.9085967050038],[-122.039517284505,46.9086268856448],[-122.039523113009,46.9086432626037],[-122.03955425301,46.9086757556055],[-122.039589797916,46.9086999624785],[-122.039608496297,46.9087326221866],[-122.039642398678,46.9087609647507],[-122.039655192205,46.9087886295726],[-122.039666534646,46.9087976654344],[-122.039675478105,46.9088222279019],[-122.039742477359,46.9089026191331],[-122.03978880119,46.9089441234065],[-122.039803845548,46.9089496816133],[-122.039816175278,46.9089610625165],[-122.039840947683,46.908968109172],[-122.039851417071,46.9089844237435],[-122.039902472924,46.9090248779084],[-122.039946721915,46.9090694540452],[-122.039989787768,46.9090977567137],[-122.039999331471,46.9091223111244],[-122.040032597489,46.9091465483595],[-122.040043547016,46.9091628567631],[-122.040036638085,46.9092040865442],[-122.040044929987,46.9092451129068],[-122.040052501437,46.9092496192396],[-122.040064172754,46.9092378892027],[-122.04007615228,46.9092369335677],[-122.040082333045,46.9092446123707],[-122.040078281768,46.9092611212422],[-122.040125298306,46.9092763713229],[-122.040186118434,46.9093041886708],[-122.040248001539,46.9093692898767],[-122.040260150214,46.909374310858],[-122.040272012931,46.9093692976093],[-122.040284576472,46.909388875923],[-122.04030907931,46.9094061275967],[-122.04031421509,46.9094192494041],[-122.040321528773,46.9094217023033],[-122.040357324784,46.9094139555946],[-122.04038073338,46.9093928262387],[-122.040392728939,46.9093924742525],[-122.040427682935,46.9094127675726],[-122.040437273311,46.9094290938582],[-122.040458993366,46.9094413908719],[-122.040553775237,46.9094686716994],[-122.040558449642,46.9094768365912],[-122.040587729793,46.9094946270544],[-122.040596410981,46.9095197691606],[-122.040626760049,46.9095581965173],[-122.040629756763,46.9095692632043],[-122.040647024273,46.909582607634],[-122.040701825696,46.9096476937068],[-122.04070617971,46.9096558628821],[-122.040680960729,46.9096808828995],[-122.040679675428,46.9096891272975],[-122.040710735527,46.9097216213385],[-122.040690457266,46.909729051534],[-122.04065444226,46.909729121485],[-122.040642696711,46.9097382466618],[-122.040618652334,46.9097370876008],[-122.040598229382,46.9097478098801],[-122.040619334531,46.9097610201173],[-122.040643128077,46.9097533794228],[-122.04065518778,46.9097552748436],[-122.040659623403,46.9097634429278],[-122.040655941912,46.9097817303089],[-122.040619446294,46.9097649409279],[-122.040607635864,46.9097717904299],[-122.040608566769,46.9097805813555],[-122.040584006047,46.9097851615483],[-122.040561593232,46.9097541963885],[-122.040520792742,46.9097323915487],[-122.040517987686,46.9097406565622],[-122.040540681354,46.9097814901056],[-122.040585621261,46.9098418268843],[-122.040609944251,46.9098527726318],[-122.040657276243,46.9098622047521],[-122.040670627379,46.9098757381838],[-122.040707067586,46.9098905805759],[-122.04079171516,46.9099118534421],[-122.040848465855,46.9099007821461],[-122.040898857325,46.9098799770362],[-122.040910992098,46.9098845042144],[-122.040923372298,46.9098976395188],[-122.040983933682,46.9099163285301],[-122.041091925417,46.909914250595],[-122.041104012538,46.9099171057475],[-122.041140625674,46.9099380074109],[-122.041189092194,46.9099535659247],[-122.041226411302,46.9099992222304],[-122.041332207434,46.9100506259502],[-122.04135023742,46.9100668394039],[-122.041351532527,46.9100743639019],[-122.041421943313,46.9101198234873],[-122.04143039639,46.9101398127096],[-122.041451541682,46.9101642118876],[-122.04144989686,46.9101724613842],[-122.041459860098,46.9101864246014],[-122.04148398052,46.9101902421362],[-122.041531427162,46.9102289615963],[-122.041533816505,46.9102453845232],[-122.041606689758,46.9102832151437],[-122.041631963641,46.910327468904],[-122.041668712543,46.9103531130902],[-122.041681543276,46.9103750456684],[-122.041763938369,46.9104562162584],[-122.041825408136,46.9104800751477],[-122.041845813635,46.9105234070634],[-122.041863169292,46.9105453889734],[-122.041890667942,46.9105582119261],[-122.041908323877,46.9105823015227],[-122.041933739013,46.910602035478],[-122.041961194223,46.910642804955],[-122.042020357746,46.9106867702078],[-122.042076321534,46.9107729023814],[-122.042077176461,46.9107832572584],[-122.04205387613,46.910839022857],[-122.042078792495,46.9108398954177],[-122.042103348607,46.9108589286226],[-122.042139387792,46.9108596792796],[-122.042159980719,46.9108787384282],[-122.042182711153,46.9109277983568],[-122.042256195077,46.9109883548013],[-122.042277802216,46.9110499357862],[-122.04227746004,46.9110828502334],[-122.042297365697,46.9111366656225],[-122.042324167246,46.9111727272425],[-122.042380545085,46.9112789284618],[-122.0424080867,46.9113114692107],[-122.042426550464,46.9113484367751],[-122.042441782883,46.911359120853],[-122.042471476309,46.9114011214831],[-122.042491566327,46.9114207632367],[-122.042507464368,46.9114253215389],[-122.042540484466,46.911452084179],[-122.042541162784,46.9114660069283],[-122.042558714346,46.91148222661],[-122.04256430365,46.9114986066246],[-122.042584330647,46.9115230205883],[-122.042627995307,46.9115553451785],[-122.042645701665,46.9115797902375],[-122.042659343863,46.9115894534572],[-122.042717969572,46.9116117311164],[-122.042761118802,46.9116358359241],[-122.042751861055,46.9116606424196],[-122.042818197887,46.9117091179474],[-122.042843962822,46.9117368550839],[-122.042861015412,46.9117453750175],[-122.042884942936,46.911742421456],[-122.042900222878,46.9117491556545],[-122.04290012674,46.9117738390644],[-122.042925660883,46.9118173485852],[-122.042947704765,46.9118380887613],[-122.042961047855,46.9118470695114],[-122.043020513188,46.9118651134285],[-122.043044442721,46.9118622146574],[-122.043068662642,46.9118694866199],[-122.043093988166,46.9119154948404],[-122.043117130734,46.911935478685],[-122.043134326979,46.9119434755801],[-122.043167510928,46.9119759404981],[-122.043152168506,46.9120090560766],[-122.043168975227,46.9120188136565],[-122.043199574738,46.9120224350906],[-122.043205343982,46.9120310782965],[-122.043228861839,46.9120137600676],[-122.043252926056,46.9120155759796],[-122.043265512428,46.9120358941422],[-122.043277472912,46.9120343076653],[-122.043387143025,46.9120908403537],[-122.043411177539,46.9120916147601],[-122.043508199218,46.9121256094274],[-122.043541211677,46.9121437064491],[-122.043557267771,46.912162167455],[-122.043584717388,46.912176032817],[-122.043618850479,46.9122164926706],[-122.043641534297,46.9122246352891],[-122.043633608091,46.9122329690652],[-122.043643657124,46.9122442981584],[-122.043675083495,46.9122488677002],[-122.043704388837,46.9122688238931],[-122.043752619746,46.9122760478989],[-122.043794884636,46.9123097889537],[-122.043801656087,46.9123114535891],[-122.043825422889,46.9123028524646],[-122.043831153263,46.9123073284017],[-122.043831659372,46.9123208146565],[-122.04386248193,46.9123392692398],[-122.043879530686,46.9123448546145],[-122.043928640059,46.9123477887553],[-122.043990765358,46.9123762722551],[-122.044044672774,46.9124126823405],[-122.044080737334,46.9124142833317],[-122.044129629535,46.9124445900644],[-122.04418991052,46.9124533251341],[-122.044225639436,46.9124431921833],[-122.044237683414,46.9124445115254],[-122.04428211003,46.9124628654631],[-122.044331136843,46.9124951182955],[-122.044354920112,46.9125277087487],[-122.04434506988,46.9125442958581],[-122.044297298081,46.9125531643453],[-122.044282445515,46.9125698185711],[-122.04428212004,46.9125780504044],[-122.04432193597,46.9126268809421],[-122.044308363175,46.9126435179983],[-122.044312639557,46.9126516878084],[-122.044335231962,46.9126678395866],[-122.044338988683,46.9126760166431],[-122.044376616883,46.91268472621],[-122.044389305511,46.912691796387],[-122.044509539651,46.9127145907837],[-122.044533301752,46.9127310013498],[-122.044545127701,46.9127555250414],[-122.044588924513,46.9127713921998],[-122.044631934636,46.9127961827142],[-122.044648988799,46.9128117231389],[-122.044663650265,46.9128444362291],[-122.044705829663,46.9128611483469],[-122.044718168764,46.9128601594399],[-122.044735956507,46.9128846030946],[-122.044769711191,46.9129006049699],[-122.044782498219,46.9129251154639],[-122.044841927302,46.9129572284614],[-122.044875237456,46.9129814637397],[-122.044908412419,46.9130303832224],[-122.044975481479,46.9130539179364],[-122.045009198884,46.9130783950825],[-122.045024986518,46.9131028652694],[-122.045100841438,46.9131397758347],[-122.045112004615,46.9131592893389],[-122.045167423723,46.9132079101169],[-122.045187367217,46.9132405519538],[-122.04519122825,46.9132734099821],[-122.045218888505,46.9133141759504],[-122.045238237415,46.9134044188477],[-122.045264477756,46.9134178889555],[-122.045281455356,46.9134532033863],[-122.045287692059,46.9135271668437],[-122.045282917458,46.9135519130736],[-122.045298269368,46.913568161882],[-122.045284892592,46.9135930238839],[-122.045285189057,46.9136341572324],[-122.04529241675,46.9136406150115],[-122.045323632669,46.9136461468109],[-122.04533161184,46.9136536635197],[-122.045333416977,46.9136664195533],[-122.04532055987,46.9136912743068],[-122.045338709018,46.9137157130176],[-122.045341099672,46.9137321358497],[-122.04537248495,46.9137646242992],[-122.045380227172,46.9137974302048],[-122.045398579667,46.9138136384361],[-122.045399469629,46.9138349356219],[-122.045381398217,46.9138467800967],[-122.04537767193,46.9138550573218],[-122.045398291851,46.9138959177783],[-122.045419961974,46.9139021808014],[-122.045427286968,46.913911983376],[-122.045434198013,46.9139283455074],[-122.045419546253,46.9139449971768],[-122.045459297557,46.9139691458019],[-122.045459568695,46.9139855968175],[-122.045481763133,46.9140017537207],[-122.045469466517,46.9140266012362],[-122.045477062552,46.9140347267016],[-122.045474217224,46.9140429923741],[-122.04547837268,46.9140511640396],[-122.045499492212,46.9140591079083],[-122.045504327788,46.91406727044],[-122.045526407168,46.9141410208618],[-122.045556559017,46.9141652983601],[-122.045585419411,46.9142060481237],[-122.045585089292,46.914222507487],[-122.045624147071,46.9142713474911],[-122.045658342837,46.9142985056675],[-122.045720786525,46.9143687800555],[-122.045786323601,46.9144254921227],[-122.045884841442,46.9144948425722],[-122.045905727242,46.9145226176986],[-122.045925627688,46.9145634877256],[-122.045961147443,46.9146005829891],[-122.046016961185,46.9146251461712],[-122.046038712349,46.9146551582161],[-122.046083258602,46.9146901850248],[-122.046139516531,46.9147120548177],[-122.046153212672,46.9147249804705],[-122.046151968902,46.9147332246441],[-122.046161960824,46.9147495450704],[-122.046271397115,46.9147892121948],[-122.046315416443,46.9148379855875],[-122.046347592143,46.9148504701437],[-122.046364272863,46.9148431983832],[-122.046380624109,46.9148453369595],[-122.046396286575,46.9148737849774],[-122.046493293913,46.9149070917654],[-122.046505159643,46.9149021609474],[-122.046522971955,46.9149092437758],[-122.04652985995,46.9149261549247],[-122.046541787636,46.9149233890136],[-122.046578058704,46.9149321440905],[-122.046602686861,46.9149536153843],[-122.046626638419,46.9149654430282],[-122.046651157506,46.9149691175757],[-122.046687044936,46.9149644664568],[-122.046714610517,46.9149724883068],[-122.046745729385,46.9149914052019],[-122.046784066355,46.9149982390373],[-122.046833078542,46.9150326019225],[-122.046881133847,46.9150335749594],[-122.046907205068,46.9150439468666],[-122.046953583214,46.91504784863],[-122.046989865419,46.9150569873776],[-122.047037755905,46.9150522019673],[-122.047049605914,46.9150467225324],[-122.047054868119,46.915050189611],[-122.047181778591,46.9150501294385],[-122.047253455365,46.9150374006149],[-122.047277703177,46.9150455763584],[-122.047317796634,46.9150703785025],[-122.047357184492,46.9150761832998],[-122.047374836174,46.9150832412814],[-122.047398674265,46.9150771064419],[-122.047422756494,46.915079498004],[-122.047465776697,46.9150975134027],[-122.047471757393,46.9151134496756],[-122.047507281369,46.9150961049156],[-122.047543396502,46.9150994047836],[-122.047567314256,46.9150960661766],[-122.04758377589,46.9151006713394],[-122.047599735771,46.9151185302913],[-122.047640018673,46.9151192222022],[-122.047651886685,46.915114372961],[-122.047700124209,46.9151217052332],[-122.047741667184,46.9151314578032],[-122.04784569309,46.9151736104218],[-122.047899474194,46.9151704737508],[-122.047918016108,46.915183442906],[-122.047941702653,46.9151720178106],[-122.047990207621,46.915188697431],[-122.048038321181,46.915191698097],[-122.048098760554,46.9152058311878],[-122.048122805583,46.915206879011],[-122.048113963693,46.9152251811935],[-122.048124921735,46.9152332612677],[-122.048129698928,46.9152519282126],[-122.048139951272,46.9152577415116],[-122.048112317001,46.9152599227085],[-122.048082606567,46.9152831952385],[-122.048085038925,46.9152996171835],[-122.048089592491,46.9153049312149],[-122.048101646633,46.9153065793978],[-122.048125551131,46.9153027200554],[-122.048133352694,46.9153054396078],[-122.048136474261,46.9153236077488],[-122.048175483676,46.9153692114273],[-122.048211343776,46.9153636011546],[-122.048253946264,46.9153796198656],[-122.048260097972,46.9153889710024],[-122.048271988772,46.9153849169873],[-122.048407242673,46.915402240046],[-122.048390897882,46.9154435970003],[-122.048399715391,46.9154468516397],[-122.048406203423,46.9154595446298],[-122.048418468905,46.9154685672331],[-122.048442161323,46.915457360259],[-122.048452616694,46.9154674490828],[-122.048478726825,46.9154763671453],[-122.048486734961,46.9154834450016],[-122.04846811336,46.9155166054046],[-122.048455866169,46.9155249976418],[-122.048461395608,46.9155377863485],[-122.048510532821,46.9155611489226],[-122.048549885588,46.915597780741],[-122.048569431528,46.9156304273585],[-122.048615869109,46.9156531408629],[-122.048630022073,46.9156707494648],[-122.048665026793,46.9156925746331],[-122.048671560191,46.9157277828356],[-122.048666630076,46.9157443038337],[-122.048677975303,46.9157770610505],[-122.048706482394,46.9158095873428],[-122.048740908885,46.9158265660633],[-122.048777145544,46.9158340862523],[-122.048785881782,46.915841428814],[-122.048818746707,46.9158821236322],[-122.048824290077,46.9159149589083],[-122.048849006426,46.9159310812413],[-122.048880951273,46.9159717886978],[-122.048880467645,46.9159800226738],[-122.048860934992,46.9159967404615],[-122.048859409148,46.9160049884624],[-122.04887903707,46.916037635022],[-122.048862295098,46.9160707699156],[-122.048873644843,46.9160952995845],[-122.048910951716,46.9161359348751],[-122.04892614974,46.916143957816],[-122.048931173495,46.9161768000786],[-122.048946327598,46.9161930508012],[-122.048932157206,46.9162096964356],[-122.048928809377,46.9162591062929],[-122.048933242062,46.9162755015744],[-122.048950357413,46.9162917261771],[-122.048979576853,46.9163406974765],[-122.048995902883,46.9163447291675],[-122.049007852749,46.9163427303286],[-122.049015620542,46.9163484398649],[-122.049006374282,46.9163567917701],[-122.049006730447,46.9163650144439],[-122.049027792562,46.9164058683206],[-122.049041730889,46.9164550455357],[-122.049095788688,46.9164782876181],[-122.049092195066,46.9165037317068],[-122.049084724413,46.916511181575],[-122.048974822565,46.9165644117087],[-122.048971734785,46.9165711726355],[-122.048990646357,46.9165802423138],[-122.049017362808,46.9165823787009],[-122.049039077881,46.9165942899804],[-122.049060735664,46.9165972349109],[-122.049063372247,46.9166040556486],[-122.049091736641,46.9166161799242],[-122.049116852037,46.9166350390459],[-122.049137964131,46.9166594372958],[-122.049148197772,46.9166757544921],[-122.049146751969,46.9166840014183],[-122.049158177386,46.9166874405744],[-122.0491651878,46.9167002082171],[-122.049185103164,46.9167163950991],[-122.049192479879,46.9167656606113],[-122.04920715372,46.9167819177644],[-122.04921801163,46.9168311364182],[-122.049226569885,46.9168518644143],[-122.049247515548,46.9168718766282],[-122.049235372686,46.9169131771298],[-122.049243885254,46.9169295185801],[-122.049253688566,46.9170034335489],[-122.049285497251,46.917077052591],[-122.049316559034,46.9171259990053],[-122.049315293171,46.9171753808408],[-122.049338184263,46.9172408921631],[-122.049340848232,46.9172737661671],[-122.049352753517,46.9173065157746],[-122.049352060186,46.9173312075046],[-122.0493804812,46.9173801905452],[-122.049385973888,46.9174377085919],[-122.049422317774,46.9175606310619],[-122.049441514164,46.9175768275794],[-122.04948922602,46.9176369591084],[-122.049552440483,46.9176905185186],[-122.049569129369,46.9177281676073],[-122.049574807741,46.9177642645829],[-122.049629131977,46.9178022851268],[-122.049659150255,46.9178371770808],[-122.049684067372,46.9178532962638],[-122.049700540448,46.9178875741558],[-122.049727568349,46.9179103028294],[-122.049779924067,46.9179229529945],[-122.049800608487,46.91793241087],[-122.049907921482,46.9180066037189],[-122.050005856625,46.9180663870193],[-122.050107760861,46.9181207974548],[-122.050125268092,46.9181353159925],[-122.050176641576,46.9181598004311],[-122.050249523117,46.9181889044968],[-122.050273617453,46.9181916787177],[-122.050292107267,46.9181888517432],[-122.050345941035,46.9182013731451],[-122.050387793233,46.9182273838567],[-122.050439527364,46.9182462675486],[-122.050443608432,46.9182573750532],[-122.050467615916,46.91825710679],[-122.050479862305,46.9182654435407],[-122.0504991698,46.9182701476366],[-122.050503006254,46.9182783231487],[-122.05052871341,46.9182940475623],[-122.050564959855,46.9183018418746],[-122.050589420433,46.9183173633945],[-122.050606851893,46.9183180615614],[-122.050637839785,46.9183309174728],[-122.050673798332,46.9183286775727],[-122.050686001517,46.9183355070637],[-122.050733656997,46.9183224410048],[-122.050829780633,46.9183246288838],[-122.050853644589,46.9183193165691],[-122.050865874937,46.9183270778473],[-122.050889673921,46.9183195436133],[-122.050913664129,46.9183186724169],[-122.050937350984,46.9183072456238],[-122.050949394859,46.9183085094329],[-122.050996812658,46.9182871652468],[-122.051008780191,46.9182857693157],[-122.051032299048,46.9182684766625],[-122.051067963262,46.9182559842442],[-122.051079912696,46.9182539580512],[-122.051092129685,46.9182612532626],[-122.051128099962,46.9182594241606],[-122.051178548403,46.9182363104657],[-122.051223499902,46.9182364182613],[-122.051247160306,46.9182240595872],[-122.051259175053,46.9182243090353],[-122.051283385619,46.918210215445],[-122.051330379349,46.9181950202836],[-122.05135450169,46.9181987537728],[-122.051578545682,46.9181075074346],[-122.051564041371,46.9180665658845],[-122.05157844746,46.918052494419],[-122.05159034292,46.9180486045552],[-122.05163834745,46.9180477108857],[-122.05171077734,46.918061104836],[-122.05174708957,46.9180558707899],[-122.051770332899,46.9180443129498],[-122.05179424935,46.9180408917727],[-122.051806296335,46.9180422651494],[-122.051818575551,46.9180517254643],[-122.051866750911,46.9180567803248],[-122.051878652254,46.9180530820516],[-122.051927288202,46.9180741745162],[-122.051939073023,46.918066418923],[-122.051951105066,46.9180672716874],[-122.051956488619,46.9180777299856],[-122.051963440206,46.9180786781265],[-122.051975183302,46.9180694698469],[-122.051987181083,46.9180691435245],[-122.052006541141,46.9180770550988],[-122.052011018765,46.9180852219186],[-122.052007453248,46.9180934974647],[-122.052108714832,46.9181199131778],[-122.052169642462,46.9181508498798],[-122.052233789528,46.918172720068],[-122.052260787484,46.9182013166707],[-122.05229152819,46.9182138740756],[-122.052340499934,46.9182466451215],[-122.052352611556,46.9182502664118],[-122.052388581011,46.91824841005],[-122.052403733465,46.9182882180665],[-122.05243525168,46.9183180980323],[-122.052484451266,46.9183421168541],[-122.05248596866,46.9183503238574],[-122.052518575135,46.9183777200589],[-122.052585401575,46.9184119768464],[-122.052621609807,46.9184184274856],[-122.052633971169,46.918430738797],[-122.052658160266,46.9184368025057],[-122.052694737152,46.918456082454],[-122.052718848699,46.9184594326796],[-122.052743173698,46.9184702113459],[-122.052753254046,46.9184783576806],[-122.052762085834,46.9185029209479],[-122.052741457421,46.9185525637736],[-122.052745822035,46.9185623781327],[-122.052782239132,46.9185760932292],[-122.052841757517,46.9185579572014],[-122.052853416291,46.9185458160545],[-122.052865472074,46.918547490603],[-122.052882849556,46.918558883769],[-122.052884162445,46.9185753209967],[-122.052892480816,46.9185834362409],[-122.052927004041,46.9185994802605],[-122.052951062086,46.9186009659928],[-122.052975323404,46.9186095248761],[-122.05300065776,46.9186554208944],[-122.053025012064,46.9186672141027],[-122.05303698909,46.9186661472062],[-122.053061508091,46.9186836705375],[-122.053070746962,46.9187126711233],[-122.053088499999,46.9187371139929],[-122.053087696506,46.9187453523046],[-122.05312474389,46.9187949297374],[-122.053130193769,46.9188188261115],[-122.053149663619,46.9188514730019],[-122.053186264197,46.9188464811673],[-122.05323179366,46.9188750471591],[-122.053283241502,46.9188783297832],[-122.053358120941,46.9189309346919],[-122.053344898878,46.9189722502037],[-122.053354483512,46.9190132582073],[-122.053363081694,46.9190213696423],[-122.053362850637,46.9190425722082],[-122.053353102063,46.9190626416702],[-122.053363333383,46.9190871860054],[-122.053355403613,46.9191037476855],[-122.053335111417,46.9191204764715],[-122.053326899731,46.9191439543995],[-122.053280169651,46.9191892050478],[-122.053283500971,46.919203448465],[-122.05325759585,46.9192449353882],[-122.053261785967,46.9192695612531],[-122.053246819671,46.9192822141166],[-122.053209542407,46.919336085715],[-122.053190076005,46.919385713205],[-122.05318242505,46.9193896836294],[-122.053166632419,46.9194167725785],[-122.053147424885,46.9194322802706],[-122.053109194911,46.9195072821299],[-122.053107915159,46.9195184610555],[-122.053120787964,46.9195429697672],[-122.053114826735,46.9195556108042],[-122.05309903384,46.9195715383618],[-122.053074195799,46.9195847365945],[-122.053066107024,46.9196013003955],[-122.053070797959,46.9196670568469],[-122.053051657741,46.9197907268399],[-122.053034930267,46.9197991800007],[-122.053029397259,46.9198239370562],[-122.053010529838,46.9198345587759],[-122.052953851621,46.9199236856439],[-122.052956757988,46.919956556301],[-122.052942943432,46.9199814250813],[-122.052947576095,46.9199978175138],[-122.052938686598,46.9200143921056],[-122.052943680195,46.9200307807657],[-122.052927665393,46.9200556789535],[-122.052940413299,46.9200884168342],[-122.052901668014,46.9201218494222],[-122.052892210093,46.9201548868852],[-122.052894200696,46.9201795424295],[-122.052877281362,46.9202119946555],[-122.052874404156,46.9202456289587],[-122.052843322254,46.9203200954686],[-122.052860952349,46.9203527672184],[-122.052859547827,46.9203610136322],[-122.052837894618,46.9203777606772],[-122.052811004036,46.9203863509055],[-122.052772006374,46.9204444692446],[-122.05278528189,46.9204607448161],[-122.052778341648,46.9205019765898],[-122.052781899333,46.9205101560624],[-122.05282519844,46.9205460196254],[-122.052835898521,46.920632839587],[-122.052848248304,46.9206781434414],[-122.052863792674,46.9207065101948],[-122.052881234822,46.9207145023541],[-122.0529049757,46.9207717740521],[-122.052943206689,46.9208346100304],[-122.053014188267,46.9209075075915],[-122.0530568962,46.9209395118628],[-122.05308940584,46.9209996553481],[-122.053092540256,46.9210167804854],[-122.053117992195,46.9210486344341],[-122.053168104057,46.9210833640777],[-122.053188583353,46.9211135013931],[-122.053209343,46.9211296762052],[-122.053205934241,46.9211461771309],[-122.053282651936,46.9212027341748],[-122.053366364595,46.9212756514292],[-122.053407703475,46.9213491407462],[-122.053491605728,46.9214467385703],[-122.053502987035,46.921495949758],[-122.053463247333,46.9216939446718],[-122.053481588793,46.9217512893914],[-122.053480340748,46.9217677611627],[-122.053495159978,46.9218251542371],[-122.053475022815,46.9218501081192],[-122.053474927865,46.9218830192558],[-122.0534881211,46.9219075235958],[-122.053497636522,46.9220143519309],[-122.053515872588,46.9220387882106],[-122.053531051621,46.9220961755989],[-122.053541807373,46.922112485091],[-122.053545583634,46.9221700263692],[-122.053565164537,46.9222273543437],[-122.053566769303,46.9223096078643],[-122.053583915924,46.9223505137622],[-122.053599761279,46.9224408017225],[-122.053613879014,46.9224570661067],[-122.053622030423,46.9224816384778],[-122.053629611234,46.9225309009373],[-122.053666254422,46.922594114078],[-122.053720942949,46.922661307346],[-122.053728945849,46.9226862387856],[-122.053792494494,46.9227343892662],[-122.053815011542,46.9227587677133],[-122.053890942604,46.9227906525968],[-122.053908820156,46.922806866192],[-122.053920093581,46.9228313963976],[-122.053933988574,46.9228413283299],[-122.05400166587,46.9228632050575],[-122.05402272425,46.9228800061923],[-122.054046991585,46.9228887013624],[-122.054071228396,46.9229116304501],[-122.054168559472,46.9229596811666],[-122.05419327429,46.9229644762068],[-122.054248731635,46.9229915085584],[-122.054382305059,46.9230429089552],[-122.054417480546,46.9230675831294],[-122.054497093324,46.9230896815253],[-122.054521684203,46.9231096167018],[-122.054578859453,46.9231351444806],[-122.054612900521,46.9231593682423],[-122.054631782529,46.9231798456208],[-122.054680739668,46.9232119023078],[-122.054756091568,46.9232431088322],[-122.054790696434,46.9232771970609],[-122.054848874502,46.9233013678933],[-122.054912697371,46.9233436999924],[-122.05494888354,46.9233492169686],[-122.0549737365,46.9233601805756],[-122.055032643464,46.9234277822036],[-122.05506349225,46.92344124246],[-122.055090848432,46.923473782756],[-122.055118081625,46.9235145521707],[-122.055141464787,46.9235718285182],[-122.055165416163,46.9236126430806],[-122.055167854421,46.9236208373291],[-122.055141774264,46.9236952368332],[-122.055149123701,46.9237280473969],[-122.055145185852,46.9237692376362],[-122.055179930933,46.9238345879409],[-122.055147928613,46.9239090671742],[-122.055128152771,46.9239340167238],[-122.055125652804,46.9239542629038],[-122.055130936454,46.9239751164298],[-122.055168219805,46.9239992951336],[-122.05510190144,46.9241527010559],[-122.055071877469,46.9241651464436],[-122.055072781647,46.9242062712637],[-122.055041663474,46.9242725113237],[-122.055033473416,46.9243384416507],[-122.055034822512,46.9243631055361],[-122.055059473342,46.9243850966567],[-122.055064416557,46.9244038430672],[-122.055033709386,46.9244453951845],[-122.055044099145,46.9244781644041],[-122.055035366257,46.9245029658525],[-122.055077623427,46.9245928968106],[-122.055080298023,46.9246093156016],[-122.055065599147,46.9246424240083],[-122.055048363217,46.9247195010496],[-122.055051890147,46.9247989303991],[-122.05506776459,46.9248233983382],[-122.0550671108,46.924856317011],[-122.055045813215,46.9248812870914],[-122.055077614736,46.9249055398774],[-122.055080532023,46.9249137279285],[-122.055070912373,46.9249549960007],[-122.055055339045,46.9249716610203],[-122.055044755193,46.9250211687511],[-122.055050260278,46.9250622316846],[-122.05506885402,46.925094890349],[-122.055066036026,46.9251360654399],[-122.055032053606,46.9251612068677],[-122.055101755187,46.9252672219965],[-122.055097262555,46.9252919650646],[-122.055077520043,46.9253153232222],[-122.055062462402,46.9253582548412],[-122.055106062315,46.9253988039818],[-122.055108700328,46.9254069958042],[-122.055081269665,46.9254567308379],[-122.055072812522,46.9254897549172],[-122.055084273965,46.9255471923002],[-122.055083063342,46.9255718907556],[-122.055102652675,46.925612763422],[-122.055091062389,46.9256787396596],[-122.055109882121,46.9257443048209],[-122.055114926462,46.9258347384432],[-122.055155308286,46.925916468328],[-122.055151753164,46.9259987909331],[-122.055158109674,46.9260151597034],[-122.055185946203,46.9260476934828],[-122.055176935557,46.9260642701262],[-122.055190358398,46.9261216809953],[-122.055182113016,46.9261592818924],[-122.055204219831,46.926179085663],[-122.055216094382,46.9262036076152],[-122.055224659088,46.9262549960663],[-122.05524535856,46.9262690319227],[-122.055239379027,46.9263102508143],[-122.055250573747,46.9263347816728],[-122.055238846563,46.9263431675622],[-122.05526019483,46.9263922438926],[-122.055266617224,46.9264415218683],[-122.055282849427,46.9264742121238],[-122.055337210911,46.9265228424221],[-122.055344197361,46.9265638853153],[-122.055354717808,46.9265719706337],[-122.05534298014,46.9266050387705],[-122.055346791155,46.9266790343913],[-122.055311917478,46.926728870016],[-122.055311017037,46.9267782477421],[-122.05531845253,46.9267946021987],[-122.055311833913,46.9268358288994],[-122.055304580532,46.9268606092628],[-122.05528107802,46.9268938366086],[-122.055291829347,46.9269266009071],[-122.055274851202,46.9269515126497],[-122.055277325494,46.9269679341337],[-122.055288283633,46.9269842410008],[-122.05527919283,46.9270008187291],[-122.05527877964,46.9270337341339],[-122.055253279974,46.9270587607228],[-122.055260425295,46.9270998014687],[-122.055278065786,46.9271160180592],[-122.055266254645,46.927132632537],[-122.055265927397,46.9271490918688],[-122.055270760096,46.9271737086716],[-122.055285478216,46.9271899647417],[-122.055285675374,46.9271981906304],[-122.05526514063,46.9272149226885],[-122.055264017211,46.9272231653208],[-122.055265550263,46.9272583578433],[-122.055279863453,46.9273216807016],[-122.05528966294,46.9273297757662],[-122.055273116769,46.9273793637584],[-122.055280312233,46.9273957214584],[-122.055274743617,46.9274122515991],[-122.055288658917,46.9274367459693],[-122.055278805566,46.927461561451],[-122.055291877854,46.9275151644255],[-122.055302945409,46.9275352821403],[-122.055309758088,46.9276092371906],[-122.055320999434,46.927617312773],[-122.055343149031,46.9276663788008],[-122.055326968063,46.9276995072272],[-122.055339006818,46.9277157994889],[-122.055336722913,46.9277240577993],[-122.055307620243,46.9277491333431],[-122.055314616083,46.927765493737],[-122.055293537431,46.9278398253201],[-122.055295026143,46.9278651183406],[-122.05530360412,46.9278808265889],[-122.055300097012,46.9279466933247],[-122.05532488328,46.9280039506368],[-122.055358444169,46.9280364070347],[-122.055403382871,46.9281345298767],[-122.055398478614,46.9281921883097],[-122.055423882831,46.9282082999847],[-122.05542127131,46.9282330176283],[-122.055411503783,46.928241377049],[-122.055416255411,46.9282659949356],[-122.055410850553,46.9282742954127],[-122.055425632777,46.9283316878634],[-122.05542869609,46.9283365826728],[-122.055590846834,46.9284108796418],[-122.055658968673,46.9284090269674],[-122.055706672913,46.9283973855204],[-122.055745861208,46.928401407651],[-122.055804080529,46.9284434867355],[-122.055828117528,46.9284496607587],[-122.055940906846,46.9284975011493],[-122.055955090769,46.9285090475561],[-122.05597851626,46.9285134474724],[-122.056010724158,46.9285294670645],[-122.056032160533,46.9285620879674],[-122.056048043765,46.928574269317],[-122.056077330085,46.928586159803],[-122.056118114091,46.9286553222224],[-122.05615853935,46.9286578196774],[-122.056191900987,46.9286833405946],[-122.056304976466,46.9287383072282],[-122.056341293128,46.9287482651444],[-122.056359462742,46.9287633497273],[-122.056375577058,46.9287960416938],[-122.05641054964,46.9288037963468],[-122.056417385872,46.9288201585588],[-122.056464141938,46.9288436608491],[-122.056484706722,46.9288668856347],[-122.056537378468,46.9288845204506],[-122.05656601688,46.9289086510566],[-122.056629570095,46.9289455009219],[-122.056757193838,46.9290107192768],[-122.056819798966,46.929036859293],[-122.056837280486,46.9290530778004],[-122.05685791313,46.9290911387202],[-122.056909210671,46.9291096972473],[-122.056958013382,46.9291584017002],[-122.056990166682,46.9291766982994],[-122.057004805441,46.9291929001044],[-122.057039474269,46.9291984372656],[-122.057045151431,46.9292148153921],[-122.057069671516,46.9292349424235],[-122.057088095094,46.9292407821087],[-122.057112013395,46.9292372499013],[-122.05714601153,46.9292792706014],[-122.057185382901,46.929282687251],[-122.057197802324,46.9292968901605],[-122.057240568559,46.9293139184467],[-122.057355184082,46.9293402868223],[-122.057377441827,46.929366642135],[-122.057404368482,46.9293799903033],[-122.057425171166,46.9293989060062],[-122.057465472655,46.9294165442981],[-122.057508042269,46.9294267458109],[-122.057535119207,46.9294550115825],[-122.057538958505,46.9294659844301],[-122.057550915699,46.9294641491966],[-122.057599461777,46.9294817027769],[-122.057623190472,46.9294715913402],[-122.057647470033,46.929480587017],[-122.057708594222,46.9295178254132],[-122.057842385912,46.9295760760467],[-122.057875059689,46.9295985059651],[-122.05789670064,46.929622895486],[-122.057912984282,46.929630902589],[-122.057926418977,46.9296636306077],[-122.057908516047,46.9297050098744],[-122.057920857645,46.9297706625045],[-122.057913772653,46.9297789858346],[-122.057913163111,46.9298036764472],[-122.057901988728,46.9298285100238],[-122.057901734254,46.9298696515628],[-122.057887041587,46.929886305018],[-122.05790295627,46.9299189994789],[-122.057890825287,46.9299453269397],[-122.057859485633,46.9299524975333],[-122.057848637674,46.9299608717776],[-122.057856586119,46.9300019014933],[-122.057871861715,46.9300346043313],[-122.057871842741,46.930083969312],[-122.05785845957,46.9301335151315],[-122.057878817563,46.9301661491949],[-122.057903343803,46.9302892288403],[-122.057923367322,46.9303019309304],[-122.057939145379,46.9303298824608],[-122.057935206231,46.9303793004869],[-122.057925874076,46.9303888609175],[-122.057896176995,46.9304002595916],[-122.057883604713,46.9304293634759],[-122.057890684677,46.9304374951248],[-122.057904786952,46.9304905907664],[-122.05790611279,46.9306018348655],[-122.057914868464,46.9306263987429],[-122.057916443836,46.9308073819302],[-122.057911112032,46.9308321364365],[-122.057933081575,46.9309470232023],[-122.057939528855,46.9310456653811],[-122.057949769071,46.931061981439],[-122.057954201558,46.9310866038134],[-122.057953950043,46.9311195170239],[-122.057997140633,46.9312012067968],[-122.05800813167,46.9312421961407],[-122.058023853407,46.9312584382868],[-122.058024279326,46.9312995697804],[-122.058036547664,46.9313487684642],[-122.058029220765,46.9313570950689],[-122.058064914647,46.9314022741077],[-122.058092578019,46.9314966528223],[-122.058139441348,46.9315612891628],[-122.058138635513,46.9315777549708],[-122.058169919192,46.9316102413886],[-122.058220629212,46.9317082850333],[-122.05827362593,46.9317898422555],[-122.058276619504,46.9318144838163],[-122.058310140417,46.9318551673671],[-122.058307891419,46.9318798801596],[-122.058330098741,46.9318878070311],[-122.058335914177,46.9319089554148],[-122.058493320706,46.9320583738622],[-122.058502989049,46.9320757126055],[-122.058555411726,46.9321151263216],[-122.058571132673,46.9321313681311],[-122.058568889496,46.9321396259482],[-122.058589202402,46.9321498538549],[-122.058629726048,46.9321847938224],[-122.058663410393,46.9322241586682],[-122.058877851152,46.9323493564972],[-122.058883754523,46.9323680348797],[-122.058907700204,46.9323654072426],[-122.058931816729,46.9323687002291],[-122.05895034176,46.9323835610258],[-122.058980527248,46.9323918456942],[-122.059016520921,46.9323905081372],[-122.059023229751,46.9323885249786],[-122.059028157542,46.9323775434399],[-122.059040155686,46.9323771064477],[-122.059052308914,46.9323820434451],[-122.059065088917,46.9323961856018],[-122.059028818125,46.9324004342334],[-122.059020660495,46.932413242122],[-122.058985396682,46.932430174529],[-122.059005987894,46.9324417158104],[-122.059020724211,46.9324626059645],[-122.059018908505,46.9324732442368],[-122.059003312203,46.9324710691914],[-122.058995491246,46.9324941848056],[-122.058965229722,46.9324916055358],[-122.058951682013,46.9324730298431],[-122.058935880834,46.9324637548046],[-122.058934309403,46.9324550826837],[-122.058922250322,46.9324534085031],[-122.058886232857,46.9324539230586],[-122.058882576237,46.9324562491045],[-122.058889497736,46.9324643828385],[-122.0588745875,46.9324665867343],[-122.058825881328,46.9324436065374],[-122.058810454874,46.9324736804977],[-122.058838937875,46.9324798496653],[-122.058851466823,46.9324978075703],[-122.058852079087,46.9325190263767],[-122.058876468603,46.9325317777958],[-122.058906579062,46.9325596174072],[-122.058949963152,46.9325813269146],[-122.058956878768,46.9326197925913],[-122.059012204425,46.932657135714],[-122.059014331315,46.9326683793436],[-122.059036726182,46.9326744660795],[-122.059047342198,46.93268438724],[-122.059039687149,46.9327174004257],[-122.059029439125,46.9327257666458],[-122.059016352248,46.9328008682271],[-122.059006439882,46.9328083525792],[-122.059012466532,46.9328202007754],[-122.059029083073,46.9328258169862],[-122.059046409247,46.9328407208781],[-122.059044508394,46.9328983387673],[-122.059055463279,46.932907542567],[-122.059082642864,46.9329142772751],[-122.059094203267,46.932930575629],[-122.059090830028,46.9329635311074],[-122.059064282062,46.9330050286766],[-122.059071320533,46.9330213879912],[-122.059053985611,46.9330380776278],[-122.059075303148,46.933078926208],[-122.059060751273,46.9330907788132],[-122.059040799312,46.9330958483319],[-122.059030748934,46.9331124393233],[-122.059042698027,46.9331616419415],[-122.059023237975,46.9331948152469],[-122.059040480977,46.9332110366578],[-122.059004379842,46.9332184085839],[-122.058987884434,46.933236431206],[-122.058969077454,46.9332437066187],[-122.058913464812,46.9334184424632],[-122.058920262765,46.9334348050418],[-122.058876185628,46.9334765399],[-122.058874296611,46.9335012478209],[-122.058861082843,46.9335178816247],[-122.058840111154,46.9335305887397],[-122.058821016531,46.9335348789886],[-122.058846022057,46.933559222778],[-122.058829126725,46.9335759064232],[-122.058844034886,46.933633296439],[-122.058837743121,46.9336580639677],[-122.058825382806,46.9336750973091],[-122.058814839856,46.9337259759768],[-122.058839987725,46.9337649901214],[-122.058845786039,46.9337952714462],[-122.059018495567,46.9338809666529],[-122.059030552959,46.9338908951738],[-122.059033119708,46.9339104697163],[-122.059162553195,46.9340156738266],[-122.05917186672,46.9340484572189],[-122.059193205906,46.9340858773759],[-122.059281679264,46.9341868364192],[-122.059297084814,46.9341948552295],[-122.059310924841,46.9342193501346],[-122.059327928127,46.9342355747499],[-122.059334775811,46.9342619746641],[-122.059385136732,46.9343006195213],[-122.059402087613,46.9343579826204],[-122.059461102055,46.9344065480023],[-122.059462897992,46.9344229785717],[-122.059454771262,46.9344313160905],[-122.059458847636,46.9344477157729],[-122.059472659702,46.9344615425068],[-122.059486337136,46.9344637983355],[-122.059501780503,46.9344800440542],[-122.05948845014,46.934488452057],[-122.05949608926,46.9345048032076],[-122.059481632845,46.9345296813554],[-122.059486107137,46.9345543030938],[-122.059500787801,46.93457878659],[-122.059500263602,46.934587021137],[-122.059485973488,46.9345954421385],[-122.059484770116,46.9346036858844],[-122.059513653582,46.9346333799715],[-122.059554984316,46.9346420894628],[-122.059575804004,46.9346518172408],[-122.059592242598,46.9346845043606],[-122.059581025254,46.9347175660916],[-122.059588325248,46.9347235829456],[-122.059624664742,46.9347341703337],[-122.059649048285,46.9347577819079],[-122.059754653578,46.9348002587506],[-122.059768893712,46.9348594403078],[-122.059772539538,46.9348636971635],[-122.05978676918,46.9348628736227],[-122.059783844899,46.9348711406851],[-122.05980254747,46.9348823780444],[-122.059807450305,46.9348955032383],[-122.059830180574,46.9349034227491],[-122.059832247593,46.9349445317058],[-122.059847303785,46.9349570802735],[-122.059886032787,46.9349602579318],[-122.059856491147,46.9349771130506],[-122.059871282985,46.9350262773343],[-122.059915248373,46.9350832735429],[-122.059899469811,46.9351163970988],[-122.059907696223,46.9351738777717],[-122.059897871934,46.9352039044751],[-122.059914712729,46.9352116563891],[-122.05995089668,46.9352168436442],[-122.059972705602,46.9352552720122],[-122.059988312814,46.9352647140916],[-122.060067990485,46.9352786633312],[-122.060091866006,46.9352902139531],[-122.060107721787,46.9353110347723],[-122.060112797565,46.9353356483357],[-122.0601961515,46.9353909311827],[-122.060201705641,46.9354002629089],[-122.060203739363,46.93542491769],[-122.060215618215,46.9354494390629],[-122.060211004806,46.9354824113629],[-122.060220725063,46.9354987345392],[-122.060212070169,46.9355317613296],[-122.060217665908,46.9355563678419],[-122.060199959892,46.9356059724455],[-122.060204359769,46.9356141402707],[-122.060200111758,46.9356306527254],[-122.060185138483,46.9356473105119],[-122.060176522797,46.9356803378633],[-122.060164791328,46.9356969514449],[-122.060143865487,46.9358041917839],[-122.060111108531,46.9358622274782],[-122.060085854392,46.9359859810617],[-122.060088771612,46.9360023964246],[-122.06007378729,46.9360519641214],[-122.060061777385,46.9360603542915],[-122.060058850453,46.9360768488383],[-122.060073456998,46.9360848783752],[-122.060073133787,46.936093110199],[-122.060057674033,46.9361262302676],[-122.060061167927,46.9362166845419],[-122.060049995836,46.9362332908023],[-122.060066394375,46.936265978393],[-122.060060428707,46.936274286667],[-122.060074618105,46.9363316862462],[-122.060075087474,46.9363645896625],[-122.060064636574,46.9363811861517],[-122.060069556395,46.936389346936],[-122.060067822251,46.9364305073771],[-122.06007569894,46.9364550829855],[-122.060071108172,46.9364680074238],[-122.060055403959,46.9364829752995],[-122.059999407569,46.9364807989804],[-122.060015552067,46.9364908096993],[-122.060022051867,46.9365106874467],[-122.060036338925,46.9365118371413],[-122.060048544627,46.9365185556691],[-122.060113244838,46.9365697581984],[-122.060104628961,46.9366027855358],[-122.060123147063,46.9366436718414],[-122.06016783185,46.9367088859191],[-122.060191476784,46.9367290241634],[-122.060200037643,46.9367495864696],[-122.060226572816,46.9367630492876],[-122.060244048214,46.9367983547674],[-122.060261776013,46.9368063419869],[-122.060266415338,46.9368145065637],[-122.060261124442,46.9368392605892],[-122.060294772031,46.9368799415762],[-122.060296567903,46.9368963721266],[-122.060297818614,46.9368968395003],[-122.060298061803,46.9368981893451],[-122.060360438909,46.9369202437697],[-122.060406251018,46.9369607053005],[-122.060431333337,46.9370015023247],[-122.06045207596,46.9370154278155],[-122.060487518437,46.937025424307],[-122.060503958297,46.9370581110007],[-122.060532794968,46.9370653440026],[-122.060569536957,46.9370898026087],[-122.060640128993,46.9371203843606],[-122.06067275594,46.9371562251566],[-122.060703921482,46.9371705849746],[-122.060714560201,46.9371951228273],[-122.060740567667,46.9372194526338],[-122.060789912769,46.9372338674057],[-122.060802310412,46.9372472200582],[-122.060863566748,46.9372886507773],[-122.060899359657,46.9372802672221],[-122.060911400074,46.9372812558415],[-122.060946922459,46.9372634969271],[-122.060958901876,46.9372623746579],[-122.060970058115,46.9372654658512],[-122.060995228294,46.9372724407386],[-122.06100697956,46.9372634232115],[-122.061018976412,46.9372629043198],[-122.061067347989,46.9372741226467],[-122.061091041038,46.9372626949216],[-122.061145037758,46.9372773207251],[-122.061154379067,46.9372860522871],[-122.061199709823,46.937282146414],[-122.061235509822,46.9372739546311],[-122.061271723013,46.9372801009607],[-122.061286062943,46.9372900262752],[-122.061306279294,46.9372940575707],[-122.061320486103,46.9373048625544],[-122.061356422245,46.9373180596948],[-122.061364781567,46.9373344012297],[-122.061420180243,46.9373768289982],[-122.061468046939,46.9374564133724],[-122.061486166354,46.9374749840915],[-122.061491131903,46.937489009816],[-122.06151193955,46.9375051825246],[-122.061514612746,46.9375242608191],[-122.062141727601,46.9375080761155],[-122.062423274823,46.937803926496],[-122.062879832876,46.9381161328598],[-122.063063543937,46.9383100557279],[-122.0632206165,46.9386322770072],[-122.063299310225,46.9389496102054],[-122.063322391266,46.9392974822805],[-122.063372877789,46.9395407953818],[-122.063395588302,46.939725001437],[-122.063385017305,46.9399602301492],[-122.06339646751,46.9403558423457],[-122.063213235325,46.9412302471844],[-122.063084505267,46.941586103058],[-122.062921978201,46.9419751634668],[-122.062793463405,46.9423399567222],[-122.062757070902,46.9427332560615],[-122.062844195001,46.9430415349079],[-122.063013688683,46.9433427716756],[-122.063220873933,46.9435958874064],[-122.063465360659,46.9437859952739],[-122.063767064282,46.9440020919899],[-122.064031136025,46.9441175298534],[-122.064419190995,46.944314625694],[-122.064843239799,46.9445528625228],[-122.065180215859,46.944786358098],[-122.065412912196,46.9450182804259],[-122.065518689176,46.9452191825525],[-122.065531772942,46.945370772878],[-122.065441095405,46.9455416275306],[-122.065182862005,46.9457772616686],[-122.064697898755,46.9461349980986],[-122.064503668056,46.9463310369345],[-122.064468819614,46.9464773272795],[-122.064473645296,46.9466439225626],[-122.064497825268,46.9468786791439],[-122.064537742234,46.9470566717869],[-122.064583760846,46.9471453136485],[-122.064665217636,46.9472573069606],[-122.06480756522,46.9473714070503],[-122.064951639545,46.9475450232063],[-122.065039184134,46.9477164444384],[-122.065169850745,46.9480271194957],[-122.065290493445,46.9482903209876],[-122.065609379516,46.948649035059],[-122.065669486095,46.9487731920048],[-122.065748951574,46.9489655387386],[-122.065899340629,46.9492075197882],[-122.065965881544,46.949403003147],[-122.065986051051,46.949649716756],[-122.066024670108,46.949931885406],[-122.066011289085,46.950369520032],[-122.066054059129,46.950645681286],[-122.066129510457,46.9508499840819],[-122.066246500247,46.950988259911],[-122.066406927931,46.951125944033],[-122.066622550337,46.9512182302426],[-122.067126497972,46.9513631422671],[-122.067531252649,46.951533207968],[-122.067883327634,46.9516861345405],[-122.068127435175,46.95186134714],[-122.068333767309,46.9520817197458],[-122.068511188837,46.9523560473395],[-122.068564774337,46.9527034744437],[-122.068664788764,46.9530056491083],[-122.068749630621,46.953233627283],[-122.068894724624,46.9534399695779],[-122.069119437385,46.9536957982635],[-122.069301793257,46.953839130887],[-122.069681334731,46.9540392878038],[-122.070024610206,46.9541863509991],[-122.070511910911,46.9543552801834],[-122.071672212214,46.954800710153],[-122.071936400989,46.9549191179111],[-122.072135970887,46.9550562600554],[-122.072278963026,46.9551911851639],[-122.07243155007,46.9553557349665],[-122.072674443358,46.9556381026976],[-122.072846189599,46.9558648913703],[-122.073060345027,46.9562041728532],[-122.073299962041,46.956522290783],[-122.073546969638,46.9567956595004],[-122.073810749563,46.9570479834294],[-122.074011198704,46.9572148665238],[-122.074272167916,46.957371981962],[-122.07461094055,46.9575131682332],[-122.074987878173,46.9576210879108],[-122.075355001553,46.9576904703264],[-122.075690567642,46.9577215874942],[-122.076116559635,46.9577246724306],[-122.076515746875,46.9577013555473],[-122.076935851846,46.9576509851632],[-122.077376221188,46.9575497373154],[-122.077669104732,46.9574594201443],[-122.078102799555,46.9572779060309],[-122.078440618273,46.9570887902337],[-122.078881563469,46.9568595640403],[-122.079797612342,46.9565285745534],[-122.08033804734,46.9562831145987],[-122.080733697679,46.9561407803852],[-122.081412959389,46.9558874579452],[-122.081714555706,46.9557970106061],[-122.08193053915,46.9557523864546],[-122.082138307908,46.9557227387044],[-122.082618338266,46.955641767937],[-122.08320262271,46.9555593350503],[-122.083799609293,46.9554648215907],[-122.084422046585,46.955349140013],[-122.08482902616,46.9552959308784],[-122.085197937885,46.9552789521774],[-122.085642551158,46.9553234313888],[-122.085923014356,46.9554028861891],[-122.086223164557,46.955559435508],[-122.086517823306,46.9558261701779],[-122.086687925344,46.9561422569439],[-122.086767832529,46.9564952662775],[-122.086797749371,46.9567745869581],[-122.086816052215,46.9571016505238],[-122.086867226124,46.9573628252851],[-122.087100036226,46.9577434825873],[-122.087385856737,46.9582990106486],[-122.087608110796,46.9587631295751],[-122.087767529042,46.9590109098486],[-122.087968815855,46.959204524614],[-122.088226736186,46.9594033362607],[-122.088608614651,46.9596777759081],[-122.088945262654,46.9598933543316],[-122.089265276572,46.9601329380699],[-122.089376931068,46.9602355578812],[-122.089405975063,46.9603363265112],[-122.089377685499,46.9604081587941],[-122.089288358844,46.9604748543126],[-122.089056035722,46.960555424546],[-122.088958107898,46.9606252277529],[-122.088908600538,46.9607151787121],[-122.088911926563,46.9608282051004],[-122.088932192795,46.9609261338419],[-122.089004856077,46.9610322537051],[-122.089099174059,46.9611351118218],[-122.089537615557,46.9614117572183],[-122.089714985781,46.9615313229089],[-122.089817205999,46.9616072773506],[-122.090230696259,46.9620687798199],[-122.090368159841,46.9621621005455],[-122.09052740839,46.9622551211493],[-122.090734211607,46.9623415336861],[-122.091049864387,46.9624323937134],[-122.091348188716,46.9625264810245],[-122.091580926886,46.9626065820602],[-122.091888772389,46.9627273305029],[-122.092039207073,46.9628174818253],[-122.092196638625,46.9629968306647],[-122.092408777356,46.9631159114791],[-122.09276132451,46.9634264782677],[-122.093149223087,46.9636085900483],[-122.093369442027,46.9637067145193],[-122.093514504224,46.9637612582922],[-122.093663364195,46.9637978680837],[-122.093988971437,46.9637844501319],[-122.094288862962,46.9637832623772],[-122.094540630459,46.9637708647332],[-122.094783053843,46.9637377527422],[-122.095469785325,46.9635883773928],[-122.095788917101,46.9635036020094],[-122.09605678975,46.9634492918847],[-122.096265022061,46.9634345045719],[-122.096508850102,46.9634489798162],[-122.096787123635,46.9634510738883],[-122.097090897144,46.9634349599093],[-122.097398419184,46.9633979787759],[-122.097649176366,46.9633528424782],[-122.097882242146,46.9632960494528],[-122.098140191854,46.9632002139763],[-122.098864756003,46.963008634355],[-122.099090011128,46.9629817035129],[-122.099390248896,46.9629923994583],[-122.099692162362,46.9630596486056],[-122.100131295719,46.9632112436584],[-122.101063020906,46.9635553974644],[-122.101317481616,46.9636352048617],[-122.101593156607,46.9636968349207],[-122.101775407421,46.9636853610167],[-122.101982450963,46.9636319107956],[-122.102167613894,46.9635727853343],[-122.102339545526,46.9635078929543],[-122.102534016516,46.9634694806166],[-122.102820232043,46.9634476445546],[-122.103041917961,46.9634475497749],[-122.103281776515,46.963473967259],[-122.103544751947,46.9635476731953],[-122.103562735913,46.9635570775239],[-122.103805260044,46.9636839134226],[-122.104138640303,46.9639322117905],[-122.104317594041,46.964102304674],[-122.104400395802,46.9642559102498],[-122.104405433399,46.9644254351385],[-122.104206303821,46.9647466387487],[-122.104104156664,46.9649652939994],[-122.104103239133,46.9650813683813],[-122.1041628335,46.9651846711586],[-122.104247486214,46.9652549067875],[-122.10434938122,46.9653189790071],[-122.104499048777,46.9653823578194],[-122.104873769303,46.9655586631024],[-122.104970280174,46.9655870748767],[-122.105110110013,46.9656118937101],[-122.105298372033,46.9656568798838],[-122.105503087906,46.9656718801605],[-122.105654699838,46.9656739360226],[-122.105720546216,46.9656748014345],[-122.105969813844,46.9657249151052],[-122.106211364823,46.9658078260415],[-122.106506471465,46.9659376269989],[-122.106774762236,46.9660439966799],[-122.10700736099,46.9661181180141],[-122.107204493147,46.9661689283129],[-122.107459104254,46.9662516824497],[-122.107921357705,46.9664475726702],[-122.108259212411,46.9665529674808],[-122.108338573077,46.9665905566847],[-122.1084052716,46.9666401967785],[-122.108610271774,46.966739821456],[-122.108640188387,46.9667637019275],[-122.108647115841,46.9667864501506],[-122.108638193128,46.9668365703557],[-122.108657825087,46.9668648735375],[-122.108730660325,46.9669281125159],[-122.108739712304,46.9669522851352],[-122.108740690896,46.9669851262405],[-122.108758028994,46.9670063032607],[-122.10884140341,46.9670737009854],[-122.108886786935,46.9671259150084],[-122.108904808089,46.9671713803912],[-122.108935531856,46.9672223730278],[-122.108993663478,46.9672815394508],[-122.109065523338,46.9673133908702],[-122.109158243822,46.9673435253297],[-122.109229632408,46.967358242661],[-122.109345768633,46.9674037635474],[-122.109402496553,46.9674172315001],[-122.109475756822,46.9674247928795],[-122.109951723795,46.967432430624],[-122.110086979988,46.9674205306018],[-122.110199203262,46.9674046740555],[-122.110370156042,46.9674008582302],[-122.110665779112,46.9673781589516],[-122.110839023514,46.9673800145006],[-122.111422759623,46.9674332835497],[-122.111559761261,46.9674785103822],[-122.111614409472,46.9674920343196],[-122.111689495154,46.9674909839362],[-122.111768319195,46.9674755928155],[-122.111848969399,46.9674515923618],[-122.111902463563,46.9674251467604],[-122.111995609071,46.9674009982516],[-122.112124785764,46.9673934591844],[-122.112172421586,46.9673828096442],[-122.11225073196,46.967348858971],[-122.112361677348,46.9672916062643],[-122.11262847437,46.9671421627965],[-122.112752038312,46.9670875855353],[-122.112865702857,46.9670502870408],[-122.11297754217,46.9670229969392],[-122.113087470192,46.9670014650275],[-122.113197907121,46.9669956401018],[-122.113295980242,46.9669956928703],[-122.113448575343,46.9670049921005],[-122.113670475088,46.967029007759],[-122.113722998398,46.9670411340905],[-122.113902489313,46.9670428980719],[-122.114218855264,46.9670856092229],[-122.114506073023,46.9671315799192],[-122.114658709748,46.9671423030689],[-122.114811262049,46.9671501478547],[-122.115274605238,46.9671536622378],[-122.116073217522,46.9671353047456],[-122.116255347601,46.9671556218973],[-122.116412533579,46.9671791137907],[-122.116616253665,46.967223398549],[-122.116822271546,46.9672747825665],[-122.117112042342,46.9673349993887],[-122.117556124639,46.9674630372473],[-122.117828270867,46.9675620595299],[-122.118001487678,46.9676324676894],[-122.118245712284,46.9677047304141],[-122.118450334936,46.9677790030393],[-122.118580883972,46.9678185807147],[-122.118746917372,46.9678591129216],[-122.118889573725,46.9678842319975],[-122.119001167686,46.9679169447877],[-122.119102270549,46.9679498051848],[-122.11927136865,46.9680217226008],[-122.119362442817,46.9680661325191],[-122.119478118632,46.9680973616561],[-122.119736107981,46.9681408789224],[-122.119946209947,46.9681893467176],[-122.120198555779,46.9682543606753],[-122.120458091184,46.9683507017219],[-122.12054656939,46.96837803377],[-122.120854878728,46.9684308228878],[-122.121025076564,46.9684698400165],[-122.121158054838,46.968520816854],[-122.121524277148,46.9686956534965],[-122.121868731777,46.9688393658479],[-122.122075489729,46.9689150002077],[-122.122325930075,46.9689857687762],[-122.122451847541,46.9690096928307],[-122.122689473907,46.9690006418138],[-122.122785470652,46.9690021419012],[-122.123022000977,46.9690259325347],[-122.123147876835,46.9690484585679],[-122.123418153505,46.9690846360994],[-122.123571227037,46.9691096295353],[-122.123726984607,46.969154577768],[-122.123931662339,46.9692302384357],[-122.124075570806,46.9692967721477],[-122.124530270972,46.9695688904581],[-122.124720247534,46.9696405053464],[-122.124837305597,46.9697173997457],[-122.124931757728,46.9698046229879],[-122.125033489856,46.9699260524281],[-122.125099454937,46.9699679601253],[-122.125171671994,46.9700112325731],[-122.12527698504,46.9700426018777],[-122.125454900334,46.9701300733787],[-122.12569743434,46.9702851961753],[-122.125913863212,46.970403552321],[-122.125990500391,46.9704538923918],[-122.126145428263,46.9705402611661],[-122.126210797062,46.9705636368047],[-122.126288528301,46.9705811063543],[-122.12638478314,46.9705897306169],[-122.126508453104,46.970608005603],[-122.126814698481,46.9706608070421],[-122.126909344435,46.9706851681186],[-122.127076364548,46.9707113872339],[-122.127384499946,46.9707803689397],[-122.127569060495,46.9708568013442],[-122.127692053664,46.9709217060634],[-122.127792063748,46.9709631589776],[-122.127875557747,46.9710095888696],[-122.127909922224,46.9710424244473],[-122.127938920935,46.9710820003844],[-122.127977376083,46.9711109937651],[-122.128139987177,46.9711982112248],[-122.128668324455,46.9714649946605],[-122.128728777216,46.971486024986],[-122.128836442095,46.9715035627886],[-122.129011601793,46.9715458445574],[-122.129081843697,46.9715686565934],[-122.12913982129,46.9715992658852],[-122.129214199405,46.9716210592064],[-122.129574264902,46.9717045225315],[-122.129641675673,46.9717264141238],[-122.129699538712,46.9717532124073],[-122.129735191475,46.9717822448545],[-122.129834773875,46.9718093856688],[-122.130028274589,46.9719057074632],[-122.130119843031,46.9719434377721],[-122.130190114869,46.9719672077734],[-122.130265780976,46.9719851709472],[-122.13039811784,46.9720023582092],[-122.130400928038,46.9720556335163],[-122.130417188482,46.9720580630975],[-122.130462217033,46.9720777481154],[-122.130494836155,46.9720965109051],[-122.130504648319,46.9721083299077],[-122.130551201675,46.9721175164046],[-122.130587227487,46.9721164029372],[-122.130623059924,46.9721088478624],[-122.130707139903,46.9721069174043],[-122.130763013617,46.972116904901],[-122.130858914794,46.9721773635062],[-122.130929761969,46.9721870013046],[-122.13097450031,46.9722037280564],[-122.131058898874,46.9722123237708],[-122.131086498521,46.9722399617109],[-122.131096738316,46.9722712458333],[-122.13113310633,46.9722814544377],[-122.131145152511,46.9722823257762],[-122.131157009007,46.9722769194671],[-122.131181125425,46.9722794582201],[-122.131269588164,46.9723018733091],[-122.131335452815,46.9723269394215],[-122.1313883449,46.9723380984722],[-122.131398496512,46.9723423553535],[-122.131460665854,46.9723814706315],[-122.131533933235,46.9724194587007],[-122.13159180257,46.9724384946794],[-122.13159946063,46.9724466137432],[-122.131591155604,46.9724714136042],[-122.131608295687,46.9724936876568],[-122.131647737785,46.9725035231947],[-122.131666738071,46.9725197091411],[-122.131717831346,46.9725385664929],[-122.131806523225,46.9725857709836],[-122.131828574191,46.9726233874978],[-122.13184046302,46.9726190505115],[-122.131903262308,46.9726367826617],[-122.131931631212,46.9726514097703],[-122.131962146987,46.9726800752308],[-122.132029708542,46.97269763016],[-122.132093570437,46.9727239857678],[-122.13215758297,46.9727680829291],[-122.132239094862,46.9728407021095],[-122.132256131018,46.972850224078],[-122.132264095808,46.9728522630118],[-122.132268271035,46.9728541938231],[-122.132328813559,46.9728688309889],[-122.132341222144,46.9728816820838],[-122.132389446497,46.9728864569937],[-122.132426127661,46.9729069989016],[-122.132474686562,46.97292284875],[-122.132502810847,46.9729439240699],[-122.132553407105,46.9729670178638],[-122.132587533284,46.9730003162027],[-122.132650133657,46.9730405667252],[-122.132667276191,46.9730814610917],[-122.132677738379,46.9730895403511],[-122.132684545019,46.973105268144],[-122.132730783183,46.9731444486131],[-122.13273447457,46.9731507816744],[-122.132755530915,46.9732152283096],[-122.132759670183,46.9732306329835],[-122.132757430366,46.9732776435312],[-122.132771936831,46.9732856654714],[-122.132786136231,46.9732848334757],[-122.132807510286,46.9732933888659],[-122.13284613744,46.9733504337594],[-122.132850167038,46.9733750602802],[-122.132875144276,46.9733993885651],[-122.132879543974,46.9734322362526],[-122.132906370423,46.9734647661081],[-122.132905706514,46.9734812305366],[-122.132885804381,46.9735226498631],[-122.132890191734,46.9736213177995],[-122.132910161255,46.9736457173199],[-122.132914583694,46.9736621093892],[-122.132899601895,46.9737363692943],[-122.132914485097,46.9737608408966],[-122.132913541237,46.9737773092912],[-122.132945480493,46.9738344497534],[-122.132960270063,46.9738756790957],[-122.132985660864,46.9738832453513],[-122.132997613596,46.9738995309666],[-122.133011919212,46.9739075557246],[-122.133098158966,46.973929205628],[-122.13313152058,46.9739552256219],[-122.133176218354,46.9739771348978],[-122.133218862014,46.9740795394087],[-122.133249221492,46.9741016518965],[-122.133267760983,46.9741065727048],[-122.133291774155,46.9741056286896],[-122.133340418548,46.9741242463542],[-122.133411991176,46.9741816196322],[-122.133455271703,46.9742056885949],[-122.133491407331,46.9742068218091],[-122.13354758941,46.9742176540661],[-122.13359617883,46.9742344620778],[-122.133608944742,46.9742591001886],[-122.133621039555,46.9742615623339],[-122.133644857466,46.9742542038314],[-122.133668947473,46.9742558363278],[-122.133752491799,46.9742360850184],[-122.133792478377,46.9742360670822],[-122.133810482486,46.9742417896248],[-122.133848904584,46.9742443715318],[-122.133881323901,46.9742603948131],[-122.133871763169,46.974282059038],[-122.133874436696,46.9742936490663],[-122.133886675887,46.9743008805439],[-122.133896690621,46.9742981605778],[-122.133901661193,46.9742796601962],[-122.133927035509,46.9742681386586],[-122.1339578652,46.9742700320465],[-122.133982275539,46.9742822465465],[-122.134054571835,46.9742880226841],[-122.134080091362,46.9743037872364],[-122.134091766625,46.9743254788605],[-122.134103933655,46.9743303253608],[-122.134151673973,46.974319062497],[-122.134163854261,46.9743243467809],[-122.134212011173,46.974326845351],[-122.134260540313,46.9743416519137],[-122.134280805592,46.974358533098],[-122.134273581296,46.9743753648369],[-122.134287551446,46.9743748924372],[-122.134300173064,46.9743603701202],[-122.134317279196,46.9743549707572],[-122.134376218245,46.9743536139439],[-122.134404796137,46.9743420468589],[-122.134421133627,46.9743483151208],[-122.134437442915,46.9743669247724],[-122.134463693427,46.9743723939353],[-122.134561949096,46.9743714112031],[-122.134586123039,46.9743758127954],[-122.134705796526,46.9743582907481],[-122.134753839751,46.9743570332009],[-122.134935088029,46.9743881937802],[-122.134947055069,46.9743864341443],[-122.134994400026,46.9743621219464],[-122.135168187082,46.974329488237],[-122.135268956651,46.9742990144545],[-122.135352801942,46.9742892135458],[-122.135389028017,46.974294677491],[-122.135397411158,46.9742883878705],[-122.13547228027,46.9742653034304],[-122.135544701691,46.9742751906157],[-122.135556653693,46.9742729361073],[-122.135593154843,46.9742411813941],[-122.135610180907,46.974213322409],[-122.135650519265,46.9741971449335],[-122.135710270942,46.9741856012067],[-122.135804688562,46.9741280394459],[-122.135825220846,46.9741100853921],[-122.135924079025,46.9741011950717],[-122.135942876626,46.9741027385073],[-122.135960453355,46.9741115397616],[-122.135987477206,46.9741121699666],[-122.136009695809,46.9741036269753],[-122.135999554931,46.9740955434487],[-122.135993328847,46.9740791768214],[-122.136001410072,46.9740708345631],[-122.136030903519,46.9740564018618],[-122.136094531305,46.9740366025304],[-122.13612630058,46.9740311603298],[-122.136174372537,46.9740308608317],[-122.136186206512,46.9740247149466],[-122.136201977274,46.9740268492746],[-122.136210655066,46.9740381899908],[-122.13622986085,46.974034680825],[-122.136254883303,46.9740260979683],[-122.136267891065,46.9740176857287],[-122.136281509122,46.9739963747717],[-122.136317103159,46.9739809780316],[-122.136334419461,46.9739838308687],[-122.136355614667,46.974004975976],[-122.136365931285,46.9740056247868],[-122.136375720272,46.9739914718356],[-122.136437399758,46.9739840958315],[-122.136472966317,46.9739677944059],[-122.136533146378,46.9739703946668],[-122.136617185765,46.9739669795592],[-122.136677408685,46.9739710063359],[-122.136701812006,46.9739829729935],[-122.136725714155,46.973978410005],[-122.13676205362,46.9739876022635],[-122.136858444379,46.9739951460962],[-122.136907224175,46.9740182034817],[-122.136955645277,46.9740294177698],[-122.136995191646,46.9740320375054],[-122.137043278477,46.9740560365831],[-122.137089072812,46.9740691533147],[-122.137113706328,46.9740714909691],[-122.137162160235,46.974100998042],[-122.137295271247,46.9741302340519],[-122.137319856872,46.9741482040783],[-122.137356038175,46.9741521879126],[-122.137362639535,46.9741584564431],[-122.137351433777,46.9741668432006],[-122.137368627866,46.9741709599959],[-122.137393532854,46.9741994572399],[-122.13745365584,46.9742001655061],[-122.137525571108,46.9741933570566],[-122.1376217981,46.9741954995733],[-122.137639599653,46.9742077523894],[-122.137647048384,46.9742353738053],[-122.137707325291,46.9742411539369],[-122.13774376615,46.9742536897578],[-122.137803401009,46.9742383073665],[-122.137882733481,46.9742448581458],[-122.137899957406,46.9742512501702],[-122.138068004971,46.9742434590256],[-122.138108109718,46.9742513078082],[-122.138259392394,46.9743380146764],[-122.138337424225,46.9744073050346],[-122.138365718821,46.9744101662936],[-122.138398092062,46.9744259693044],[-122.138446280871,46.9744295075336],[-122.13852412279,46.974459528325],[-122.138548632485,46.9744789250044],[-122.138548000604,46.9744871615097],[-122.138599738584,46.9745204876746],[-122.138604888442,46.9745357176235],[-122.138618100933,46.9745459238241],[-122.138756988315,46.9746123475074],[-122.138802229152,46.9746718464039],[-122.138826668241,46.974684964787],[-122.138877231493,46.9747007286203],[-122.138883336395,46.974720990911],[-122.138900380485,46.974737340097],[-122.138927801974,46.9747417774167],[-122.138945865438,46.9747507898784],[-122.138970450864,46.9747937991975],[-122.138994077523,46.9748157873984],[-122.139011438812,46.9748425812807],[-122.139065807592,46.9748794073785],[-122.139110383489,46.9749236135268],[-122.139145762293,46.9749394004532],[-122.13915783687,46.9749556837209],[-122.139197957743,46.9749864321072],[-122.139206564379,46.9750125831534],[-122.139227619496,46.9750303572805],[-122.139238932693,46.9750532599897],[-122.139235708264,46.9750697619986],[-122.139283746694,46.9750907440927],[-122.139342310403,46.9751034037496],[-122.139378315659,46.9751253254569],[-122.139410486899,46.9751779903526],[-122.139419808626,46.9752170750171],[-122.139557629501,46.975281235558],[-122.139566235435,46.9752888743946],[-122.139614823122,46.9753055162006],[-122.139627290606,46.9753202300522],[-122.139733453398,46.9753670971319],[-122.139749382448,46.9753823384588],[-122.139810098904,46.9754025371141],[-122.139831696412,46.9754183825631],[-122.139907020997,46.9754274312159],[-122.139955463133,46.9754392744686],[-122.14007529346,46.9754269282394],[-122.140111570335,46.9754340086203],[-122.140227358244,46.9754719342516],[-122.140294984718,46.9755072009019],[-122.140319202742,46.9755420416807],[-122.140355642179,46.9755544678346],[-122.140380116183,46.9755687092782],[-122.140447280472,46.9755901050616],[-122.14057479897,46.9756461015619],[-122.140595232935,46.9756592486301],[-122.140586510558,46.9756676003421],[-122.140587972493,46.9756840345689],[-122.140631316306,46.9756889844392],[-122.14067481873,46.9757109907029],[-122.140697040094,46.9757130602737],[-122.140709530498,46.9757285152595],[-122.140745714328,46.975732524887],[-122.14075370942,46.9757463978265],[-122.140778565438,46.9757494991689],[-122.140788926523,46.9757634483893],[-122.140783400557,46.9757859610604],[-122.140807093164,46.975774488826],[-122.140835015207,46.9757874743718],[-122.140859310307,46.9757852643179],[-122.140867066126,46.9757952454743],[-122.140868844177,46.9758287061656],[-122.140905036427,46.9758329901491],[-122.140921794642,46.9758438312248],[-122.140957154265,46.9758471131447],[-122.140977961807,46.9758593495249],[-122.140996385442,46.9758617199499],[-122.14100226528,46.9758679714026],[-122.141045491573,46.9758848258227],[-122.141051081424,46.9758920955821],[-122.141087379175,46.9758998609907],[-122.141219628726,46.9759005830134],[-122.141231839628,46.9759067994018],[-122.141249264976,46.9759079773028],[-122.141253749736,46.975913151063],[-122.141292246297,46.9759167713269],[-122.141340530864,46.9759365983184],[-122.141387561665,46.9759441558943],[-122.14143687609,46.9759293286616],[-122.14149684019,46.975924744893],[-122.141557214032,46.9759336481183],[-122.141641525085,46.9759391115161],[-122.141677791654,46.9759458344831],[-122.141702148645,46.9759562109317],[-122.141834557181,46.9759621676268],[-122.141850008658,46.9759682557751],[-122.141859097657,46.9759785752195],[-122.14189530628,46.9759833517639],[-122.142007507411,46.976021821493],[-122.1420169486,46.9760305452519],[-122.142075035603,46.9760577733241],[-122.142137860126,46.9760536964125],[-122.142211080137,46.9760805167723],[-122.14223502805,46.976086647779],[-122.14224693015,46.9760827483346],[-122.142259198374,46.9760908830062],[-122.14230762414,46.9761021506873],[-122.142334239612,46.9761445816085],[-122.142435694869,46.9761551474116],[-122.142474780214,46.9761754884642],[-122.142502361269,46.9761812111018],[-122.14258654721,46.9761825069859],[-122.14264714841,46.9761988654786],[-122.142663635963,46.9762074067325],[-122.142721193882,46.9762619851075],[-122.142805724136,46.9762746293598],[-122.142829796983,46.9762756573983],[-122.142841694075,46.9762715934137],[-122.142874797743,46.9762849708228],[-122.142917268209,46.9762888361138],[-122.142934290641,46.9762978079561],[-122.142938399691,46.9763169740759],[-122.142946935324,46.9763209389826],[-122.142951796206,46.9763345273645],[-122.142995887114,46.9763442110645],[-122.143012580006,46.9763568622812],[-122.143061069993,46.9763702396434],[-122.14307843088,46.976389025641],[-122.143097960397,46.9763974409073],[-122.143110033559,46.9763991608026],[-122.143121926477,46.9763949594491],[-122.143134253325,46.9764050132237],[-122.143146355704,46.9764076928507],[-122.143242722843,46.9764142447203],[-122.143279073411,46.976423709323],[-122.143321556634,46.9764464416455],[-122.143364342258,46.9764606138365],[-122.143424698211,46.9764688855731],[-122.143482796732,46.9764819891405],[-122.143509736428,46.9764981965218],[-122.143594255166,46.9765104569643],[-122.143606471955,46.9765168924226],[-122.143636569827,46.9765196987096],[-122.143666856413,46.976528728614],[-122.143703737156,46.9765529670945],[-122.14373988148,46.976568824541],[-122.143776361451,46.9765693739902],[-122.143824724507,46.9765785573567],[-122.143896747665,46.9765751704694],[-122.143956997806,46.9765799607279],[-122.144017022954,46.9765773765422],[-122.14406557474,46.976592754637],[-122.144161658048,46.9765900124145],[-122.14424602177,46.9765971738024],[-122.144305998898,46.9765929997706],[-122.144366426954,46.9766036282725],[-122.144485685094,46.9765724443377],[-122.144557789232,46.9765717166633],[-122.144576759073,46.9765762453077],[-122.144618824532,46.9766022746825],[-122.144643008246,46.9766069482996],[-122.144679802711,46.9766309688534],[-122.144740089727,46.9766369646077],[-122.144794609132,46.9766259571015],[-122.144811492753,46.9766132648296],[-122.144835573725,46.9766145660382],[-122.144882591021,46.9766347927876],[-122.144908451958,46.9766392781305],[-122.144929531317,46.976634122696],[-122.144941474764,46.976621063224],[-122.144985152624,46.9766040115031],[-122.144990169053,46.9766003472006],[-122.144982989416,46.9765922221695],[-122.144990912309,46.9765839632598],[-122.145002864461,46.9765817088697],[-122.145027460485,46.9765998976405],[-122.145088041189,46.9766155426536],[-122.145124045465,46.976613629387],[-122.145159641204,46.976598311893],[-122.145171635946,46.9765974550087],[-122.145190728968,46.9766151732652],[-122.145207363786,46.9766219288794],[-122.145244742754,46.9766296224302],[-122.145280457963,46.9766182252559],[-122.145316974889,46.9766331438926],[-122.145389421335,46.9766436825259],[-122.145426115045,46.9766643858482],[-122.145450270009,46.9766680998294],[-122.145464931115,46.9766758434701],[-122.145498646409,46.9766777211095],[-122.145515567831,46.9766833478837],[-122.145607383922,46.9766957492],[-122.145619137168,46.9766869704133],[-122.145645718119,46.9766979442347],[-122.14566628491,46.976714105561],[-122.14567203261,46.9767265293173],[-122.145704431424,46.9767246404868],[-122.145729008672,46.976746119843],[-122.145768032398,46.9767604545824],[-122.145844015003,46.9768120257738],[-122.145888718944,46.9768549377455],[-122.145911002071,46.976866933872],[-122.145922398231,46.9768832261474],[-122.145979682942,46.9769116422024],[-122.145996757637,46.9769315288664],[-122.146029541745,46.9769462263533],[-122.146040416522,46.9769638153194],[-122.14606065648,46.9769744682526],[-122.146096974488,46.9769828357128],[-122.14612147657,46.9769979257389],[-122.146143610737,46.9770010656423],[-122.146182457334,46.9770358339257],[-122.146253091904,46.9770841896978],[-122.146316482559,46.9770855057271],[-122.14636297913,46.9771030788143],[-122.146398195105,46.9771397092319],[-122.146426635552,46.9771499166532],[-122.146467758692,46.9771765624586],[-122.146485944174,46.9771960478579],[-122.146532028031,46.977215849306],[-122.146541199475,46.9772446243077],[-122.146535304539,46.9772693911332],[-122.146557589591,46.9773063979789],[-122.146612137155,46.9773199069827],[-122.146648795426,46.9773394308778],[-122.146675113563,46.9773733090045],[-122.146734903907,46.9774037188921],[-122.146773566783,46.9774140815419],[-122.146791532687,46.9774408108076],[-122.146872093753,46.9774519735813],[-122.146889904146,46.9774617840416],[-122.146888403346,46.9774782605524],[-122.146893624832,46.977483945196],[-122.146949706479,46.977504425244],[-122.146979040436,46.9775255078008],[-122.147002478209,46.9775057007021],[-122.147062280064,46.9774957682079],[-122.147086376975,46.9774975634733],[-122.14710823767,46.9775061641506],[-122.147123094477,46.9775190055826],[-122.147183535844,46.9775300166626],[-122.147199181192,46.9775371703651],[-122.147252900241,46.9775733991737],[-122.147257889971,46.9776029743791],[-122.147281791977,46.9775983812447],[-122.147317925302,46.9776006900195],[-122.147354606163,46.9776209261503],[-122.147409061714,46.9776353680035],[-122.147439822356,46.9776559361226],[-122.147463516051,46.9776445176265],[-122.147535230091,46.9776310144106],[-122.147583292647,46.9776302992305],[-122.147630764466,46.9776102311755],[-122.147647281701,46.977610488924],[-122.147703444096,46.9776283626192],[-122.147727433104,46.9776266203589],[-122.147795050009,46.9775996544413],[-122.147822605033,46.9775939670751],[-122.14783470207,46.9775964548652],[-122.147846384836,46.9775853726017],[-122.147870317276,46.9775817387878],[-122.148002375624,46.9775760657708],[-122.148114803101,46.9775888831081],[-122.148183014574,46.9775866459041],[-122.148290839873,46.9775747094475],[-122.14833937287,46.9775894012311],[-122.148369690974,46.977591517515],[-122.148375935659,46.9776057715163],[-122.148385116236,46.9776072039652],[-122.148388217727,46.977614317277],[-122.148400799561,46.9776129577346],[-122.148408999155,46.9776046129018],[-122.148420170604,46.9775715429538],[-122.148443672781,46.9775615761351],[-122.148458756471,46.9775623251643],[-122.148614253936,46.9775368711684],[-122.148641951643,46.9775398210224],[-122.148662830501,46.9775529874766],[-122.148670490543,46.9775400983238],[-122.148698219876,46.977530925263],[-122.148926527695,46.9775279049416],[-122.148938316576,46.977520304035],[-122.148946158732,46.9775251837317],[-122.148986518895,46.9775241670852],[-122.149023062599,46.9775399074858],[-122.149072820926,46.9775412934101],[-122.149100628566,46.9775444042118],[-122.149112291029,46.977549795003],[-122.149127194203,46.9775661182354],[-122.149133852938,46.9775777861178],[-122.14916004065,46.9776020939254],[-122.14921022277,46.9776275121151],[-122.149243225884,46.977663707409],[-122.149280067613,46.9776826519287],[-122.149269206528,46.977707489989],[-122.14927731874,46.9777238289487],[-122.149271401857,46.9777426449918],[-122.149272476676,46.9777426230258],[-122.149272375637,46.9777430144572],[-122.149293707921,46.9777421880488],[-122.149305534507,46.9777358212441],[-122.149341479917,46.9777319606027],[-122.149389163939,46.9777188547583],[-122.149414955993,46.977726300903],[-122.149426086901,46.9777469849355],[-122.149558576924,46.9777554276214],[-122.149594416778,46.9777481131214],[-122.149617286357,46.9777529441134],[-122.1496336937,46.977762072983],[-122.149643339337,46.9777677331129],[-122.149644809133,46.9777702639783],[-122.149657326547,46.977796584845],[-122.149654170867,46.9778336196514],[-122.149623832352,46.9778505090536],[-122.149634107955,46.9778668170181],[-122.149629872956,46.9778751051821],[-122.149641218976,46.9778831702865],[-122.149642818694,46.9778831473847],[-122.149646701926,46.9778855597778],[-122.149661142543,46.9778828850556],[-122.149691806724,46.9778824460525],[-122.149708638412,46.9778707139539],[-122.149766087202,46.9778585371854],[-122.149838145244,46.9778562442077],[-122.149858377563,46.977862062096],[-122.149865403168,46.9778681724696],[-122.149872154396,46.9778845640607],[-122.149876364082,46.9779044862762],[-122.149883704834,46.9779126084311],[-122.149906513151,46.9779168346973],[-122.149924524822,46.977929247476],[-122.149975829057,46.9779480938459],[-122.15001808096,46.9779709375825],[-122.150051734256,46.9779956593673],[-122.150059696148,46.9780253836113],[-122.150113075845,46.978054403443],[-122.150157997981,46.9780951443714],[-122.150186783305,46.9781139574281],[-122.150210946876,46.9781218389188],[-122.150215588017,46.9781218700861],[-122.150218949326,46.9781227933462],[-122.150273937838,46.9781235361576],[-122.150287951839,46.9781262120747],[-122.150292040512,46.9781274131536],[-122.150369797394,46.9781811604501],[-122.150394671925,46.9782097105357],[-122.150399942367,46.9782260898473],[-122.150472377759,46.9782893532951],[-122.150475233402,46.978307286817],[-122.15046571186,46.9783156507326],[-122.150484699596,46.9783364135588],[-122.150514639968,46.9783576234022],[-122.150531007506,46.978380535486],[-122.15064191332,46.9784627311368],[-122.150674686415,46.9785018912408],[-122.150709553185,46.9785059986416],[-122.150732356889,46.9785257474326],[-122.150823958085,46.9785791129041],[-122.150826873971,46.9785812588322],[-122.150858086575,46.9786720416061],[-122.150857185693,46.9787461023369],[-122.150871237691,46.978770583628],[-122.150888763559,46.9787867876122],[-122.150891520835,46.9788114304427],[-122.150899383771,46.9788195453278],[-122.15094325464,46.9788298319861],[-122.150961339637,46.9788433402871],[-122.150986370237,46.9788455047727],[-122.151013911751,46.9788553345249],[-122.151040621695,46.9788794663185],[-122.151053593502,46.9789078387831],[-122.151065615438,46.9789211399432],[-122.151067085014,46.9789373367313],[-122.151066722477,46.978941375064],[-122.151047543543,46.9789655187674],[-122.151048235292,46.9789737363917],[-122.151069940497,46.9789863697776],[-122.151084730017,46.9790061236296],[-122.151085736274,46.9790390193546],[-122.151076386553,46.9790556083921],[-122.151084800146,46.9791459904562],[-122.151105193846,46.9791930614251],[-122.151147860669,46.9792438170364],[-122.15115894933,46.9792683407538],[-122.151148417921,46.9793589945448],[-122.151163323392,46.9793916908315],[-122.151208881586,46.9794321765183],[-122.151227580204,46.9794565911826],[-122.151250101064,46.9795220887472],[-122.151244766341,46.9796044402658],[-122.15123398468,46.9796292773664],[-122.151213179374,46.9796460305639],[-122.151237165237,46.9796703694634],[-122.151255572729,46.9796760566667],[-122.151308679891,46.9797223025665],[-122.151318646613,46.9797350218462],[-122.151331943105,46.9797924240451],[-122.151329962542,46.9798089074961],[-122.151317889454,46.979825535301],[-122.151243902697,46.9798512792219],[-122.151252107196,46.9798758439828],[-122.151242882953,46.9799253413661],[-122.151266210165,46.9799661447654],[-122.15126037848,46.9800073657265],[-122.151270007469,46.9800483654146],[-122.151262090006,46.980059394064],[-122.15122826364,46.9800722749298],[-122.151202532918,46.9800904699541],[-122.151198336333,46.9801563500798],[-122.151214232169,46.9801808049059],[-122.151212223563,46.9802055162872],[-122.151225302723,46.9802217839391],[-122.151199462349,46.9802468368097],[-122.151236271426,46.9803039029183],[-122.151250581442,46.9803119251227],[-122.151259535796,46.9803282518771],[-122.151277450014,46.9803400622212],[-122.151291545422,46.9803607033207],[-122.151297942474,46.9803851017264],[-122.151307238309,46.980396871564],[-122.151309539334,46.9804262657329],[-122.151302447843,46.98043676147],[-122.151287710722,46.9804436092528],[-122.151323980473,46.9805001063117],[-122.15133713017,46.9805081454076],[-122.151336444561,46.9805211001581],[-122.15132510787,46.9805330002867],[-122.151356389651,46.9805901444662],[-122.151465540887,46.9806318576117],[-122.151483643378,46.9806459135371],[-122.151502195174,46.9806511058072],[-122.15152226081,46.9806782702188],[-122.151553071472,46.9806990282534],[-122.151570303741,46.9807187190591],[-122.151579190702,46.9807432753846],[-122.15160940968,46.9807421286741],[-122.151623596737,46.9807474103592],[-122.151658275263,46.9807675649761],[-122.151710995381,46.9807880086671],[-122.151727532937,46.980802005259],[-122.151739394128,46.9808268740967],[-122.151742052118,46.9808561262891],[-122.151735868893,46.9808661699572],[-122.151715077995,46.9808729679878],[-122.151738070468,46.9808778757989],[-122.15174113616,46.9808890495489],[-122.151722481975,46.9809014665262],[-122.151722715172,46.9809090868154],[-122.151753778771,46.9809237253732],[-122.151830047324,46.9809947327494],[-122.151832151879,46.9810687501003],[-122.15191782287,46.9812073906319],[-122.151936992008,46.98128116363],[-122.151932041123,46.981322372262],[-122.151946770407,46.9813283037903],[-122.151952540855,46.9813479405438],[-122.151989388765,46.9813734930401],[-122.152082524367,46.9814600827395],[-122.152112682414,46.9814739385841],[-122.152136611766,46.98147019535],[-122.152148714872,46.9814728460662],[-122.152178896464,46.9814874702821],[-122.152222814363,46.9815371379852],[-122.152264525411,46.9815644310014],[-122.1522723716,46.9815851347076],[-122.152297268575,46.981612998167],[-122.152462047994,46.9817163314963],[-122.152474714651,46.9817295333129],[-122.152483222917,46.9817587564455],[-122.152523605728,46.9817714785342],[-122.152555343616,46.9817963367781],[-122.152572604178,46.9817881082727],[-122.152605890971,46.9817850252569],[-122.152630149726,46.981795949631],[-122.152694644676,46.9818462270896],[-122.15275006211,46.9818735710107],[-122.152786553988,46.9818874726939],[-122.152834741174,46.9818907036289],[-122.15287432076,46.981904670973],[-122.152916372815,46.9819313280904],[-122.152932806785,46.9819524016781],[-122.152969215664,46.9819635899578],[-122.152981525477,46.981972985023],[-122.153005719455,46.9819778767248],[-122.153054664015,46.9820058330569],[-122.153078853791,46.9820105868556],[-122.153101514536,46.9820229873124],[-122.153128051629,46.9820468232783],[-122.153215109232,46.9820761807993],[-122.153227974729,46.982089297682],[-122.153230642101,46.9821018201157],[-122.153265345796,46.9821083702236],[-122.153298790641,46.98212610095],[-122.153346927277,46.9821276866184],[-122.153395685747,46.982149557927],[-122.153456209983,46.9821630597425],[-122.153496703026,46.9821885057148],[-122.153529534697,46.9822019665821],[-122.153562733209,46.9822286956561],[-122.153603163957,46.9822508232245],[-122.15367546945,46.9822682156118],[-122.153749116764,46.9823058832812],[-122.153789299028,46.9823159473023],[-122.153870533848,46.9823723739362],[-122.153902161605,46.9823883750881],[-122.153930557759,46.9824231270872],[-122.153994340329,46.9824775549793],[-122.15400688117,46.9824787739384],[-122.154030934367,46.9824934845428],[-122.154074001412,46.9824956917271],[-122.154103882233,46.9825056569494],[-122.15418271134,46.9825136302994],[-122.154212551197,46.9825209635453],[-122.154287796754,46.9825519162081],[-122.15436507791,46.9825956468539],[-122.154392917968,46.9825991961235],[-122.154480164581,46.9826229275706],[-122.15454017116,46.9826195163337],[-122.15467189142,46.9826023764564],[-122.155032335631,46.9825951435458],[-122.15509314536,46.9826179378025],[-122.155153749594,46.9826340163733],[-122.155165719458,46.982632308646],[-122.155189996283,46.9826398852702],[-122.155262251313,46.9826438113914],[-122.155323181831,46.98267052586],[-122.155377750438,46.9826675482772],[-122.155483963431,46.9826798450484],[-122.155528224654,46.9826922081603],[-122.155583592655,46.9826943746448],[-122.155597873615,46.9827013551334],[-122.155640607398,46.9827031543238],[-122.155661027997,46.9827104308226],[-122.15573965532,46.9827117691341],[-122.155769509866,46.9827196225731],[-122.155781364506,46.9827141589212],[-122.155829365063,46.9827112754955],[-122.155902307375,46.9827375976686],[-122.155911298452,46.9827655243755],[-122.155949356466,46.9827742469207],[-122.155983281423,46.9827945476716],[-122.155994852889,46.982819064002],[-122.156003310135,46.9828948554884],[-122.156014744305,46.9829175083327],[-122.156032513838,46.9829337091518],[-122.156159826375,46.9830223821988],[-122.156242750646,46.9830488621097],[-122.156309822014,46.9830888989702],[-122.156377738241,46.983114689187],[-122.156438685544,46.9831458188302],[-122.15652011043,46.9832121962287],[-122.156527941269,46.9832310067263],[-122.156528297538,46.9832556842173],[-122.156510613069,46.9832970761077],[-122.156536987005,46.9833625170201],[-122.156555982138,46.9833912328763],[-122.156578318215,46.9834112889407],[-122.15657334652,46.9834360430193],[-122.156578254221,46.9834771101566],[-122.156619628541,46.9834880882519],[-122.156643533935,46.9835044470524],[-122.156670922478,46.9835415980465],[-122.156708624978,46.9835739661899],[-122.156775643257,46.9836031155024],[-122.156814602619,46.9836255102228],[-122.156828372634,46.9836380649345],[-122.156844284558,46.9836707460417],[-122.156868753914,46.9836728353501],[-122.156905145012,46.9836833918869],[-122.156935315197,46.983697547998],[-122.156972786647,46.9837485141618],[-122.156991475893,46.9837920425418],[-122.15700082139,46.9838001357053],[-122.157025943051,46.9838104162626],[-122.157039152269,46.9838242682684],[-122.157122719661,46.9838755026548],[-122.157201863673,46.9839497842163],[-122.157320792313,46.9840341337075],[-122.157377683221,46.9840636197493],[-122.157422767664,46.9840962388499],[-122.157490568685,46.9841182185422],[-122.157586618103,46.9841948609914],[-122.15760074245,46.9842111129086],[-122.157607323404,46.9842335619776],[-122.157648106098,46.9842800920063],[-122.157669801566,46.984317078107],[-122.157671041915,46.9844240179741],[-122.157673606777,46.9844344572037],[-122.157699625104,46.984464744512],[-122.157694870475,46.9844730404411],[-122.157702157291,46.9844976182359],[-122.15773169827,46.9845278000157],[-122.157761753498,46.9845708085254],[-122.157760736914,46.9845872782225],[-122.157774341064,46.9846035376018],[-122.157773363739,46.9846200067341],[-122.157780838237,46.9846363542871],[-122.157843304192,46.98472595915],[-122.157854208605,46.9847587124303],[-122.157871230036,46.9847831501753],[-122.157866956503,46.9847914391897],[-122.15788042466,46.9848241555861],[-122.157907438447,46.9848437867578],[-122.157925591062,46.98486464323],[-122.157928177915,46.984894060047],[-122.157944186451,46.9849024694798],[-122.157997951471,46.984954105118],[-122.158017932658,46.9849600980038],[-122.15805115417,46.9849835073229],[-122.158093119278,46.9849993314748],[-122.158149975609,46.985034192969],[-122.158211697417,46.9850630342739],[-122.158234571136,46.9850836025448],[-122.158299082146,46.9851197807543],[-122.158319462586,46.985138711953],[-122.158321021238,46.9851581616358],[-122.158345162376,46.985161270367],[-122.158386686005,46.9851953381993],[-122.158399289038,46.985211611913],[-122.158396749617,46.985228103529],[-122.158461401234,46.9852649095819],[-122.158493447442,46.9852918186809],[-122.158590141959,46.9853084728393],[-122.158612099496,46.9853200598797],[-122.15864246609,46.9853262048682],[-122.158675301548,46.9853475075595],[-122.158701908126,46.9853538711996],[-122.158773327617,46.9854009469177],[-122.158809779642,46.9854134220258],[-122.158898335056,46.9854299736803],[-122.158979745616,46.9854669772874],[-122.159100633321,46.9854884115282],[-122.159167150678,46.9855102713401],[-122.159187642731,46.9855211380702],[-122.159194037402,46.9855375010814],[-122.159234770429,46.9855497498728],[-122.159246627876,46.9855443683822],[-122.159258722156,46.9855466902151],[-122.159282805033,46.9855609053965],[-122.159343218073,46.9855575675793],[-122.159367351445,46.9855604288367],[-122.15937925357,46.9855565007692],[-122.159427688863,46.9855676787115],[-122.159439537006,46.9855619951099],[-122.159475800474,46.9855683292229],[-122.159596014659,46.9855678596964],[-122.159619014447,46.9855807479459],[-122.159632333795,46.9855760032915],[-122.15968173047,46.9855962995769],[-122.159720079932,46.9856039748292],[-122.159909780726,46.9856059323804],[-122.159957709795,46.9856006074647],[-122.159988284656,46.9856044445691],[-122.160018349139,46.9856176689603],[-122.160055557571,46.9856547336754],[-122.160082475235,46.9856712392696],[-122.160133170102,46.9856803003344],[-122.160197887561,46.9857205054752],[-122.160219773453,46.9857284177312],[-122.160250459732,46.9857371633577],[-122.160329640643,46.9857381343743],[-122.160433909328,46.9857651540099],[-122.160444357124,46.985786915613],[-122.160458166407,46.9857954383913],[-122.16045648612,46.9858072828328],[-122.16046644564,46.985823594416],[-122.160470478178,46.9858543624381],[-122.160502362834,46.9858642143402],[-122.160519243727,46.9858762575735],[-122.160613854054,46.9859202006673],[-122.160637795013,46.9859428108039],[-122.160690390366,46.9859680247972],[-122.160722890995,46.9859953378474],[-122.160758446989,46.9860086208644],[-122.160780891087,46.9860281803793],[-122.160798621895,46.9860574068832],[-122.16082543565,46.9860587751321],[-122.160861775557,46.9860675765242],[-122.160874250492,46.986082261165],[-122.160959305342,46.9861113127167],[-122.161089589354,46.9861683987295],[-122.161190531151,46.9862019108269],[-122.161275335648,46.9862227653685],[-122.161289838653,46.9862395601662],[-122.161310220933,46.986250730334],[-122.161322618537,46.9862719978008],[-122.161333968069,46.9862800617338],[-122.161397439072,46.9862836167794],[-122.161409585941,46.9862876382644],[-122.161457663633,46.9862871645649],[-122.16148301361,46.986294367894],[-122.161530092428,46.9862965965025],[-122.161580303241,46.9863094203407],[-122.161678753038,46.9863244559782],[-122.161802986115,46.9863685197766],[-122.161833551916,46.9863902388163],[-122.161857638913,46.9863915641456],[-122.16187513164,46.9864038997648],[-122.161906333781,46.986411129411],[-122.161940138849,46.9864300040734],[-122.161952351378,46.9864439247559],[-122.162004341908,46.9864702976424],[-122.162028558589,46.9864758456347],[-122.162064441377,46.986469788272],[-122.162083635807,46.9864736249509],[-122.162117284889,46.9865030599421],[-122.162163564743,46.9865651965953],[-122.162181930574,46.9865681404535],[-122.162188099299,46.9865810504511],[-122.162215520643,46.9865943675267],[-122.162237231428,46.9866148157695],[-122.16226152203,46.986622747812],[-122.162286092957,46.9866397806782],[-122.162316331785,46.9866482576928],[-122.162357617962,46.98668490552],[-122.162394311615,46.9867090588641],[-122.162451514924,46.986732916073],[-122.162472319243,46.9867538435759],[-122.162476563929,46.9867654649065],[-122.162494528964,46.9867710201599],[-122.162543970088,46.9868147907953],[-122.162560458863,46.9868218474697],[-122.162586616768,46.9868708350925],[-122.162604535212,46.9868788052365],[-122.162599861644,46.9868871002003],[-122.162612840671,46.9869115953125],[-122.162607338449,46.9869281297726],[-122.16262633849,46.986936083213],[-122.162729757153,46.987019938238],[-122.162743454689,46.9870495788957],[-122.162764205408,46.9870739621397],[-122.162783290862,46.9870872347996],[-122.162801846538,46.9871145567712],[-122.162817294051,46.9871801539536],[-122.162844706507,46.9872100637694],[-122.162846868888,46.9872373200341],[-122.162870410073,46.9872534354562],[-122.16292174464,46.9872753753552],[-122.162962768363,46.987315208349],[-122.162976511919,46.9873424080265],[-122.162977699366,46.9873588459754],[-122.16295796108,46.9873738026851],[-122.162963530318,46.9873919605905],[-122.162953207509,46.9874003370817],[-122.162957427656,46.9874085037298],[-122.162968201073,46.9874134759557],[-122.162972019882,46.9874398589599],[-122.162980463959,46.9874446741907],[-122.162984602988,46.9874580248109],[-122.163017006403,46.9874899191809],[-122.163022628595,46.9875214866629],[-122.163060425344,46.9875775190443],[-122.163079189598,46.9875959799169],[-122.163165797642,46.9876558056208],[-122.163284248721,46.9877475062204],[-122.163298486312,46.9877738216742],[-122.163328544171,46.9877816154152],[-122.163354383076,46.9878059248469],[-122.163357159944,46.9878141123108],[-122.163333148175,46.9878438311809],[-122.163318166823,46.9878804954022],[-122.163326069531,46.9879379738606],[-122.16331431801,46.9879545985422],[-122.163316079856,46.9879935442328],[-122.163349996606,46.9880003769737],[-122.163373818988,46.9880360152088],[-122.163373992346,46.9880442402474],[-122.163427925723,46.9880620835019],[-122.163460605399,46.9880781766107],[-122.163521061922,46.9880891790876],[-122.163545707439,46.9881085968776],[-122.163625148752,46.9881439261669],[-122.163648560635,46.9881597139253],[-122.16366159619,46.988171729394],[-122.163669757987,46.9882323856797],[-122.163723593519,46.9882860205627],[-122.163742028151,46.9883132613094],[-122.163756800798,46.9883257458923],[-122.163820459269,46.988358670076],[-122.1638432124,46.9883830239486],[-122.163881908249,46.9884109874472],[-122.163907696708,46.9884232307008],[-122.163996794284,46.9884415530496],[-122.164025264768,46.9884537029784],[-122.164121872435,46.9884673099249],[-122.164182541702,46.9884851924254],[-122.164206965307,46.9884974004708],[-122.164228674772,46.9885255540089],[-122.164259546849,46.9885415632975],[-122.164304479367,46.988540393652],[-122.164322069468,46.9885519598742],[-122.164389399148,46.988564864686],[-122.16441376958,46.9885753459469],[-122.164425851226,46.9885772283546],[-122.164434031954,46.9885708570055],[-122.164441195782,46.9885718502788],[-122.16443403818,46.9885801811886],[-122.164436255203,46.9885883767127],[-122.164481430081,46.9886288620105],[-122.164533241083,46.9886506303281],[-122.164582027225,46.9886886223201],[-122.164613028514,46.9887256924311],[-122.164635809719,46.988741818479],[-122.164665236912,46.9887538164864],[-122.164746086951,46.9888243111273],[-122.16481961233,46.9888691582148],[-122.164843962678,46.9888789811995],[-122.164911455357,46.9889270700868],[-122.164931299325,46.9889350109664],[-122.16493853742,46.9889760438405],[-122.164946097402,46.9889885504675],[-122.164988360488,46.9890164617975],[-122.16502132076,46.9890312619877],[-122.165097686762,46.9891136134295],[-122.165105018438,46.9891381901319],[-122.165123046064,46.9891626123044],[-122.16513795757,46.9891653039342],[-122.165140646322,46.9891705855651],[-122.165171206171,46.9891829236095],[-122.165213293883,46.9892220279469],[-122.165228519584,46.9892621769433],[-122.165260389643,46.9892922683473],[-122.16529756704,46.9893657790535],[-122.16531357874,46.989382002509],[-122.165316725203,46.9893930370757],[-122.165340312878,46.9894145263885],[-122.165334114038,46.9894292615298],[-122.165305914122,46.9894479335879],[-122.165306727961,46.9894561493702],[-122.165346459104,46.989459141104],[-122.165388835495,46.9894751204448],[-122.165434391781,46.9895201247419],[-122.165470060047,46.98957720294],[-122.165458029684,46.9896431971142],[-122.165417874427,46.9897095974167],[-122.165375158566,46.9897280409879],[-122.165351412193,46.9897599230161],[-122.165348474867,46.98977642054],[-122.165372431945,46.989800756997],[-122.165378467641,46.9898171248656],[-122.16535397359,46.9898727950145],[-122.165331881984,46.9898841939753],[-122.16532273028,46.9899577981443],[-122.165335042478,46.9899905312282],[-122.165365006147,46.9900030152397],[-122.165379591824,46.9900145698674],[-122.165405436212,46.9900753819002],[-122.165435987709,46.9902029881102],[-122.165462882576,46.9902355096377],[-122.165465118365,46.9903053562939],[-122.165472832527,46.9903176409826],[-122.165473085383,46.9903505474874],[-122.165484143575,46.9903750703124],[-122.165478041348,46.9903916135704],[-122.165480093042,46.9904009638665],[-122.165496189338,46.9904160336704],[-122.165487815839,46.9904408383859],[-122.165477132681,46.9904492202998],[-122.165463921542,46.9904951554987],[-122.165436046341,46.9905321708438],[-122.165413969598,46.9905960338731],[-122.165387262073,46.9906150691462],[-122.165390426614,46.9906643886528],[-122.165368246172,46.9907119075169],[-122.165356828134,46.9907224668958],[-122.165357335712,46.9907389143644],[-122.165367352996,46.9907439803975],[-122.165382309406,46.9907714636678],[-122.165412556341,46.9907957092316],[-122.165425069472,46.9908284385751],[-122.165418673133,46.990861441153],[-122.165390415469,46.9908783042637],[-122.165384967614,46.9909030666928],[-122.165369249084,46.9909197486153],[-122.165385916099,46.9909441904037],[-122.16541834826,46.9909665120575],[-122.165444420959,46.991050302754],[-122.165470489977,46.9910910637487],[-122.165494686867,46.9911153967147],[-122.165492552862,46.9911358595445],[-122.165470890545,46.9911651057998],[-122.165461850847,46.9911981462988],[-122.165464921284,46.9912145570062],[-122.165498801834,46.9912552051178],[-122.165488265984,46.9912800399746],[-122.165491572141,46.9912832834895],[-122.1655196694,46.9912936829763],[-122.16558017478,46.9913061369722],[-122.165691257981,46.9913171751995],[-122.165725489472,46.9913393330917],[-122.165798166134,46.9913565481439],[-122.165819106432,46.9913739898278],[-122.165910819446,46.9914119367757],[-122.165947323095,46.9914362831977],[-122.165975178869,46.9914622369355],[-122.166033414374,46.9914738730532],[-122.166054709005,46.9914871960789],[-122.166102836137,46.9914881730518],[-122.16612667797,46.991481492928],[-122.16618674867,46.9914798572004],[-122.166227217298,46.9914872251877],[-122.166271651074,46.9915035866783],[-122.166331791627,46.9915042253285],[-122.16640376863,46.9914987695374],[-122.166428090816,46.9915076324544],[-122.166452151435,46.9915080250574],[-122.166490256566,46.9915206107492],[-122.166548796488,46.9915226436861],[-122.166585113898,46.9915305654987],[-122.16670529974,46.9915286910261],[-122.166753211851,46.9915227045798],[-122.166789589871,46.99153260061],[-122.166821523468,46.991532275655],[-122.166874277555,46.9915493670444],[-122.166910320665,46.9915484067051],[-122.166922618977,46.9915572785871],[-122.167007298727,46.9915737984876],[-122.167019526772,46.9915803950897],[-122.167026728618,46.9915786731184],[-122.167031234047,46.9915701338627],[-122.167086860811,46.9915790377941],[-122.167103967305,46.9915891565186],[-122.167200117252,46.9915877388858],[-122.167218142564,46.9915938405076],[-122.16722456748,46.9916007404317],[-122.167248512978,46.9915974052646],[-122.167260324389,46.991590515799],[-122.16729686639,46.9916057015271],[-122.167344969087,46.9916058830079],[-122.167381582635,46.9916233442351],[-122.167405390042,46.9916155399132],[-122.167417679149,46.9916241107487],[-122.167441156511,46.9916302708626],[-122.167502228696,46.9916364084274],[-122.16753866152,46.991648057817],[-122.16771933616,46.9916581144006],[-122.167731236472,46.9916541029651],[-122.167766282161,46.9916584769937],[-122.167797199434,46.9916732231506],[-122.167924298628,46.9916759090997],[-122.167942360573,46.9916806116718],[-122.16796159923,46.9917156294164],[-122.167973946914,46.9917260916809],[-122.167982955355,46.9917270588686],[-122.168029937269,46.9916093004831],[-122.16807742877,46.9916233955984],[-122.168360803849,46.991674062396],[-122.168568538479,46.9916972188543],[-122.168763325047,46.99169439882],[-122.168988513828,46.9916637679287],[-122.169071992447,46.9916465971128],[-122.169077027501,46.991481507629],[-122.169082671623,46.9914793934175],[-122.169080425189,46.9915564609981],[-122.169080298404,46.99157620565],[-122.169080052411,46.9917012848908],[-122.169076716714,46.9918202524723],[-122.169075255374,46.9918401055801],[-122.169004472556,46.9957242017691],[-122.171748801014,46.9956786949605],[-122.175855632551,46.9956169575677],[-122.175923654531,46.9956161531553],[-122.176036861828,46.9956148148354],[-122.176043555788,46.9956147353284],[-122.176180694045,46.9956131138939],[-122.176306079531,46.9956116297561],[-122.176309634482,46.9956115879301],[-122.176328514716,46.9956113646417],[-122.176328587261,46.9956113644095],[-122.177027328799,46.9956030953043],[-122.1775087463,46.9955973974863],[-122.178022122903,46.9955913187995],[-122.178286595016,46.9955881866579],[-122.178961422255,46.9955801892874],[-122.178963643667,46.9955801621414],[-122.179068868686,46.9955789173644],[-122.179071734364,46.9955788811056],[-122.179193415751,46.9955774395545],[-122.179195704507,46.99557741252],[-122.179584114494,46.9955728072309],[-122.180147633532,46.9955597368491],[-122.180267344856,46.9955569598469],[-122.18038705373,46.995554181659],[-122.18332220342,46.9954860497349],[-122.184404091339,46.9961467516455],[-122.184854134841,46.9961588042724],[-122.18606102947,46.9961995099313],[-122.186469215364,46.9962042028599],[-122.186690886522,46.9962098095392],[-122.190145927143,46.997077539743],[-122.190145673601,46.9970396412037],[-122.190145672395,46.99703947475],[-122.190144640111,46.9968848451517],[-122.190143606115,46.9967300455347],[-122.190135136768,46.9954622540871],[-122.190134289657,46.9953353662048],[-122.192227012324,46.9953217694856],[-122.192234549453,46.9953217230076],[-122.192585938275,46.9953132693697],[-122.193212411004,46.9953145994823],[-122.193414096371,46.9945684833698],[-122.193500333493,46.9942494497789],[-122.193547853226,46.9940215052076],[-122.193699981752,46.9935136842585],[-122.193863292832,46.9930953245985],[-122.193993392267,46.9928371780953],[-122.194155720513,46.9926493693382],[-122.194508182469,46.9923385599846],[-122.194785513015,46.9921575344527],[-122.194848757477,46.9921216643303],[-122.195406349904,46.9918007326048],[-122.195600920011,46.9916812852543],[-122.196055429096,46.9914409863367],[-122.196314183506,46.9913082550977],[-122.196853460594,46.9910681879085],[-122.197682418682,46.9907295096867],[-122.198944765395,46.9902307173211],[-122.199114727585,46.9901677942557],[-122.199452501676,46.9900716519555],[-122.199772687661,46.9900075817618],[-122.19991454481,46.9899864014937],[-122.200132430587,46.9899680866697],[-122.200341079924,46.9899546862972],[-122.200565549996,46.989950304619],[-122.201194728488,46.9899579957607],[-122.201557044254,46.989952647282],[-122.201748858005,46.9899434528604],[-122.201920354751,46.9899292647571],[-122.202314822949,46.9898619516106],[-122.202496432793,46.9898253435638],[-122.202779409067,46.9897596756757],[-122.203053426036,46.9897047525573],[-122.203301784374,46.989672477423],[-122.203505640438,46.9896524881757],[-122.203650981865,46.9896439777165],[-122.203898653752,46.9896382043922],[-122.204542957182,46.9896350396908],[-122.204761124038,46.9896265203453],[-122.204952735147,46.9896109605893],[-122.205174803889,46.9895801121887],[-122.205369031167,46.9895496761439],[-122.205587547229,46.9895040431695],[-122.205959062211,46.9893967962827],[-122.206328336611,46.9892694236437],[-122.206790739165,46.9890972010685],[-122.206996135608,46.989028448029],[-122.207339723499,46.9889216102119],[-122.209304953945,46.9883667068388],[-122.210047778496,46.9881479391804],[-122.210473135089,46.9880303344628],[-122.211191287166,46.9878161486995],[-122.211625932092,46.9876984020035],[-122.213318284101,46.9872842252311],[-122.21357630357,46.9872146778794],[-122.214020440655,46.987055421792],[-122.214352074216,46.9869137459869],[-122.214971994132,46.9866310625247],[-122.21587703732,46.9862052489754],[-122.216155304669,46.9860908546001],[-122.21647684598,46.9859737035198],[-122.21667031231,46.9859199469056],[-122.216853334401,46.9858780025092],[-122.217189341208,46.985826372948],[-122.217474617183,46.9858056794436],[-122.217724229322,46.9857929502277],[-122.220333349108,46.9857519748598],[-122.220554524594,46.9858258217252],[-122.220714896407,46.9858642632035],[-122.220811213128,46.9858696277069],[-122.221056304046,46.9858614148867],[-122.221370341849,46.9858850821606],[-122.221920681474,46.9859880439795],[-122.222373798375,46.9860584216477],[-122.222556569753,46.986071569354],[-122.222722540875,46.9860781663606],[-122.222918209787,46.9860797662279],[-122.224307489699,46.9860702383882],[-122.224320330431,46.986070148287],[-122.224850325614,46.9860554178369],[-122.226106122863,46.9860320633884],[-122.226195298805,46.986021653939],[-122.226237663013,46.9860134090453],[-122.226271081668,46.9860069099364],[-122.226310350994,46.9859904433717],[-122.22636255237,46.9859647027234],[-122.226424216435,46.9859229408591],[-122.226494873394,46.9858515397496],[-122.226522969392,46.9858072995441],[-122.226619640486,46.9856550851628],[-122.226874451113,46.9856488532441],[-122.227656196811,46.9856413603843],[-122.227826076026,46.9856393648148],[-122.227835894912,46.9856953197597],[-122.22787009018,46.9858505087173],[-122.227896067922,46.9860096829459],[-122.227897425716,46.9860520914158],[-122.228497781639,46.9859581214873],[-122.228509124616,46.9859561154873],[-122.228598746505,46.9859420528875],[-122.228720435425,46.9859187434201],[-122.228869885702,46.9858799798782],[-122.228913189537,46.9858680539113],[-122.229544488154,46.985702035508],[-122.229549538302,46.9858166496682],[-122.229487252706,46.9866454401149],[-122.229281110431,46.9866962214523],[-122.22927688262,46.9866973599758],[-122.229116378099,46.9867406280478],[-122.22901933412,46.9867655348554],[-122.228863714152,46.9867638601242],[-122.228766892139,46.9878996415569],[-122.2280087598,46.9879029302691],[-122.228039300316,46.9873384630542],[-122.227454029595,46.9873301169953],[-122.226639513617,46.9886863595502],[-122.226134070388,46.9895241076628],[-122.224459997244,46.9922986042144],[-122.224313702164,46.9925546167155],[-122.224161949246,46.9928368463604],[-122.223959296059,46.9932898491409],[-122.223809753626,46.993770606602],[-122.223791387109,46.9938494280268],[-122.223766560087,46.9939869267387],[-122.223745517358,46.9942429299844],[-122.223744471834,46.994407224299],[-122.22377092411,46.9946468023975],[-122.223831069771,46.9948958589269],[-122.223911179362,46.9951160668586],[-122.223976356392,46.9952603650777],[-122.224056586996,46.9954191390059],[-122.224175546921,46.9956144935066],[-122.22434780602,46.9958433055926],[-122.2245514515,46.9960745280779],[-122.224800927771,46.9963036383085],[-122.224991875229,46.9964636062732],[-122.225218654106,46.9966358999461],[-122.225538631318,46.9968482385923],[-122.225849002693,46.9970221322041],[-122.226152523447,46.9971647256318],[-122.226958781056,46.9975146105345],[-122.227871667914,46.9978566122809],[-122.228607807027,46.9981555391979],[-122.228920441772,46.9982694108588],[-122.229325077722,46.9983870303622],[-122.22957587834,46.9984726748254],[-122.229866635508,46.9985554705202],[-122.23015869254,46.9986124931191],[-122.230477057379,46.9986448484437],[-122.23074237973,46.9986494490305],[-122.231104554879,46.9986154334835],[-122.231349528071,46.9985717678754],[-122.231597932575,46.9985051775531],[-122.231796345032,46.9984422171637],[-122.231979531339,46.9983594637166],[-122.232407983886,46.9981261890213],[-122.232549101634,46.9980355111894],[-122.232992075699,46.9977203143456],[-122.23323655348,46.9975316530385],[-122.233457341565,46.9973855005534],[-122.233713128378,46.9972245327706],[-122.233962186102,46.9971136344898],[-122.234129115635,46.997045438729],[-122.234377006396,46.9969631350945],[-122.234619195259,46.9968980577165],[-122.234947063524,46.9968359958057],[-122.235192484816,46.9968066038342],[-122.235375693939,46.9967909831446],[-122.235755343745,46.9967809884657],[-122.235960024117,46.9967836106558],[-122.236198532914,46.9967985855671],[-122.236621906495,46.9968493353938],[-122.236949789246,46.9969172646684],[-122.237128723913,46.9969631118289],[-122.237343716327,46.9970270092748],[-122.237544309225,46.9970968558852],[-122.237903977239,46.9972442764574],[-122.238120390277,46.9973509901538],[-122.239304533068,46.9979454883402],[-122.240300147731,46.9984547019876],[-122.240455580744,46.9985397058822],[-122.240561704234,46.9987700151643],[-122.240606913834,46.9988418455944],[-122.240707140001,46.9989750465491],[-122.241220680534,46.9995198621144],[-122.241417959736,46.9997672780015],[-122.241497326268,46.9998800596332],[-122.24157466966,47.0000083952288],[-122.241654409264,47.000171222881],[-122.241760689394,47.000414830132],[-122.24218186332,47.0015758094897],[-122.242925728668,47.0037006636288],[-122.243189652234,47.0044081212753],[-122.244204507083,47.0072213103168],[-122.244551479124,47.0081537409605],[-122.244868846618,47.0090296287204],[-122.244980530725,47.0093215012367],[-122.2454861465,47.0107471080262],[-122.246111854763,47.0124506347308],[-122.246258001491,47.0128714877546],[-122.246524596151,47.0135806513657],[-122.247027376512,47.0149941995961],[-122.247523624709,47.0163538152929],[-122.24783663548,47.0163546937243],[-122.253967786742,47.0163716282908],[-122.257596395878,47.0163659348489],[-122.259168086227,47.0163634145219],[-122.265601650593,47.0163678488761],[-122.26986640494,47.0163652196886],[-122.272465018604,47.0163708308193],[-122.275104861169,47.0163619272488],[-122.285749140332,47.0165165656399],[-122.29632323816,47.0166682439023],[-122.296263794875,47.0205474654519],[-122.296237723877,47.0225666626796],[-122.296196471713,47.0233486678911],[-122.296168613499,47.02464239538],[-122.296130725695,47.0252653600511],[-122.296127533002,47.0266566947919],[-122.29601420267,47.0300483757081],[-122.295922126943,47.0326189982178],[-122.295889418269,47.0331195067174],[-122.295816909818,47.0349265939738],[-122.29569519292,47.0375790615962],[-122.295535367159,47.0403719945046],[-122.295400201154,47.0421860315784],[-122.295182730173,47.0458348089123],[-122.295053793124,47.0479619733234],[-122.29503773905,47.0484727509543],[-122.294784478281,47.0530811758119],[-122.29478130749,47.0548369561753],[-122.294769089589,47.0563632417936],[-122.2947738293,47.0572708173607],[-122.294761825943,47.0580371361631],[-122.294760191318,47.0584348294798],[-122.29475200823,47.0591332312223],[-122.294746759917,47.0593429629459],[-122.29474449493,47.0597744316597],[-122.294737877398,47.0603391965368],[-122.294740198285,47.0605929562286],[-122.294721719504,47.0641127735649],[-122.294705421925,47.0666646134685],[-122.294698402222,47.0671869341955],[-122.294681131149,47.0676105726034],[-122.294620219376,47.068792820368],[-122.294474676384,47.0712288166704],[-122.294364727737,47.0727053546183],[-122.294307596046,47.0735585152011],[-122.294263448456,47.0743519874438],[-122.294218742281,47.0748273610296],[-122.294138425946,47.0762779589],[-122.29404389554,47.0776321844493],[-122.294031865373,47.0779472414524],[-122.293931749595,47.0794943802318],[-122.293895124403,47.0801523625432],[-122.293895988628,47.0803133630142],[-122.293796762329,47.0818428254454],[-122.293783348727,47.0829495903986],[-122.293763945472,47.0832916935422],[-122.293748028252,47.0845729223106],[-122.293722603718,47.0856132565323],[-122.293711115901,47.0863776137527],[-122.293677812362,47.0879205281293],[-122.293661450403,47.0891378335171],[-122.293636655442,47.0906071971588],[-122.293610954456,47.0927113864529],[-122.293588057271,47.0944175604847],[-122.293579257932,47.0950731807207],[-122.29355730327,47.0964667604157],[-122.293523914839,47.0985860140931],[-122.293498999329,47.0995966130843],[-122.293494814283,47.1001474205364],[-122.293477321159,47.1010047364559],[-122.293477125043,47.101014320203],[-122.293458819594,47.1017725170119],[-122.293435066533,47.1030887191986],[-122.293426476051,47.1037319057225],[-122.293426037952,47.103764723669],[-122.293425266681,47.1044180360282],[-122.293420128352,47.1051206454984],[-122.293413560083,47.1059607055721],[-122.293411357648,47.1067514698471],[-122.293401990428,47.1075977262809],[-122.293396450978,47.108739292789],[-122.293395199062,47.1092880024173],[-122.29338928157,47.110282915053],[-122.293392119067,47.1105936238315],[-122.293398478724,47.1110603377159],[-122.293399238447,47.1111160209997],[-122.293399398815,47.1111278422743],[-122.293381861744,47.1113229769575],[-122.293355530821,47.1119756595812],[-122.293354483256,47.1125305182411],[-122.2933667365,47.1126728847573],[-122.293328223295,47.1134560061752],[-122.293306432536,47.1142901465342],[-122.293309545158,47.1147414142828],[-122.293290645254,47.1151241934525],[-122.293263460781,47.1159768773627],[-122.293257024937,47.1168210350304],[-122.29325385522,47.1169487758615],[-122.29321831461,47.1183813224905],[-122.291748072023,47.1183823381795],[-122.291299459537,47.1183799531981],[-122.290226022687,47.1183799855297],[-122.289937217077,47.118382384559],[-122.288503377953,47.1183807194379],[-122.285869934416,47.1183799413204],[-122.285356286382,47.1183878800347],[-122.283504365891,47.1183874238042],[-122.283194283663,47.1183901344266],[-122.282534471775,47.1183920135889],[-122.281000472053,47.118395951173],[-122.28043508529,47.1184025897808],[-122.279937774747,47.1183988364638],[-122.277949615948,47.118406048638],[-122.275401367599,47.1184159199291],[-122.274184025564,47.1184169896777],[-122.273595094065,47.1184175022057],[-122.272596222575,47.1184193393048],[-122.271618423374,47.1184146181093],[-122.2713447444,47.1184146629111],[-122.271183658593,47.1184171325665],[-122.270973738448,47.1184141235007],[-122.270832102376,47.1184069539067],[-122.270716332942,47.1184004254507],[-122.270575636018,47.1183755968499],[-122.27030599052,47.1183133060629],[-122.269906986933,47.1182011024013],[-122.269067715207,47.1179700572229],[-122.268715056656,47.1178799729114],[-122.268472701759,47.1178151843179],[-122.268345104357,47.117772508224],[-122.268274586303,47.1177549066178],[-122.268195155748,47.1177436679005],[-122.268072833903,47.1177227066256],[-122.267950987903,47.1177162684201],[-122.267537368861,47.117714294086],[-122.26673485466,47.1177211615324],[-122.266735293267,47.1183333626416],[-122.266716652256,47.1192225126569],[-122.266697034765,47.1201582698023],[-122.266677626548,47.1210307899072],[-122.266660444809,47.1219035296505],[-122.266651053737,47.1223514433491],[-122.266649698846,47.1224160822422],[-122.26663182088,47.1232687493446],[-122.266623114628,47.1236839694828],[-122.26662286418,47.1236959022466],[-122.266604938603,47.1245508048039],[-122.266568425862,47.125471018011],[-122.245608185815,47.1253601721317],[-122.245602341397,47.1258438531252],[-122.245596865807,47.1262969572313],[-122.245592212733,47.1266819304009],[-122.245587306133,47.1270879820067],[-122.24558615311,47.1271834795867],[-122.245582572428,47.1274796541814],[-122.245577796566,47.1278749598664],[-122.245572102572,47.1283460854107],[-122.245568115813,47.128675922213],[-122.245564226476,47.1289977865697],[-122.245561962276,47.1291100109028],[-122.245558300181,47.1292916496931],[-122.24549014312,47.1326707569893],[-122.245489051898,47.1327522343279],[-122.245477515765,47.13358545695],[-122.245466254496,47.1343986410558],[-122.245465138589,47.1344791983526],[-122.245463995989,47.1345616587596],[-122.245452721368,47.1353758561208],[-122.2454392208,47.1363520205494],[-122.246763488107,47.1363652172717],[-122.246763249034,47.1366462724637],[-122.24676146715,47.1369506822983],[-122.246760685498,47.13708429534],[-122.246760440117,47.1371262132065],[-122.246759704544,47.1372519473222],[-122.246757561032,47.1376180223097],[-122.246755865532,47.1379076245539],[-122.246755629415,47.1379479955299],[-122.246754034267,47.1382203838234],[-122.245425841509,47.1382078878738],[-122.245421148488,47.1388602160844],[-122.245420360772,47.138969520611],[-122.245418514981,47.1392256423877],[-122.245413584534,47.13990997358],[-122.245413200252,47.1399654109772],[-122.245412602697,47.1400485351666],[-122.245273704947,47.1400472108742],[-122.245240487759,47.1401288204184],[-122.245051879087,47.1405923658708],[-122.244969871848,47.1407938989313],[-122.244729054485,47.1413857602386],[-122.244967889858,47.1413859681363],[-122.245385108227,47.1413863319195],[-122.245348453943,47.1432154066074],[-122.245348371749,47.1432209272795],[-122.245340263226,47.1436258532974],[-122.24532367309,47.1448827159086],[-122.244996550954,47.1450758406768],[-122.244955914319,47.1451019305385],[-122.244880667759,47.145150237423],[-122.244765043951,47.1452326926179],[-122.244575086235,47.1453929201239],[-122.244405138473,47.1455591265968],[-122.244030518105,47.1459277680395],[-122.243814899494,47.1461186586425],[-122.243284631342,47.146500998267],[-122.243167872226,47.1465944937227],[-122.242710837374,47.1469732313489],[-122.242588814567,47.1470693011422],[-122.242494462475,47.1471695886765],[-122.242357778966,47.1473330676863],[-122.242265581099,47.1474999082344],[-122.241951624058,47.1481240734872],[-122.241843902289,47.1483143479563],[-122.241787475978,47.1483979101544],[-122.241750526584,47.1484448685328],[-122.241652715676,47.1485290810744],[-122.241539531116,47.1485953430993],[-122.241360868836,47.1487412991033],[-122.241318051866,47.1487883457161],[-122.241224804981,47.1489229234929],[-122.241196863587,47.1489737779094],[-122.241162803668,47.1490640772387],[-122.241142505664,47.1491672789104],[-122.241137084688,47.1492742878728],[-122.241152425882,47.149473815613],[-122.241152324878,47.1495625895576],[-122.241135613481,47.1496859211879],[-122.241092499325,47.149815711783],[-122.241016075774,47.1499671750097],[-122.240956935186,47.1500588680245],[-122.240768671989,47.1502735551036],[-122.24058240084,47.1504579365411],[-122.240402424517,47.150563541818],[-122.240137471319,47.1506743481741],[-122.24005978837,47.1506999248042],[-122.239891814745,47.1507342374607],[-122.239573799672,47.1507767865095],[-122.239145542952,47.1507953243669],[-122.237559064768,47.1507687200849],[-122.236210037201,47.1507466454262],[-122.234978326809,47.150702500209],[-122.234837582993,47.1514641260543],[-122.234738611023,47.1520208935234],[-122.234723979824,47.1521013596162],[-122.234689959295,47.1522945781323],[-122.233033564251,47.161610793741],[-122.233778026477,47.1616070304272],[-122.236464199407,47.1616515944985],[-122.237436844651,47.1616679453707],[-122.236826685412,47.1638970124604],[-122.237163318906,47.1647982678567],[-122.236350486754,47.1654305898556],[-122.236276103371,47.16542959509],[-122.236293730962,47.1694098535738],[-122.236290725081,47.1697625446741],[-122.236229339205,47.1733969597438],[-122.234806171056,47.1733918241754],[-122.235834693401,47.1770390315491],[-122.237756148025,47.1770387272783],[-122.238041916139,47.1770363717318],[-122.240020244386,47.1770200459198],[-122.240016082888,47.1805345478462],[-122.229279684045,47.1806745080646],[-122.229398748325,47.1856130093695],[-122.229438987032,47.1856166373828],[-122.229440507236,47.1860178919129],[-122.229400819592,47.1860183113703],[-122.229407325826,47.1870362816733],[-122.229409306674,47.1873797791822],[-122.229450178626,47.1873795414033],[-122.229452544959,47.1876852417027],[-122.229453711804,47.1878359522027],[-122.229454582053,47.1881797802228],[-122.22945467273,47.1883750200366],[-122.229454850149,47.1885709929498],[-122.22945489988,47.1886258244898],[-122.229455122589,47.1888730518242],[-122.229456467803,47.1890101351675],[-122.229462121063,47.1900451643312],[-122.229462937371,47.1901946924938],[-122.229464206536,47.1904695200886],[-122.229465243916,47.1906890592567],[-122.22942580837,47.1906876180364],[-122.229426713649,47.1909025678679],[-122.229466222239,47.1909035985608],[-122.229467085947,47.1910914400286],[-122.229427627348,47.1910899541744],[-122.229428037441,47.1911774979616],[-122.229546629657,47.1911786474094],[-122.229548078504,47.1915149670648],[-122.229551642399,47.1916718469822],[-122.229596415374,47.1935245026073],[-122.229596291119,47.1935638433181],[-122.229596235069,47.1935803576547],[-122.229372375131,47.1935821150393],[-122.22919183996,47.1935831210905],[-122.22842878813,47.1935878614375],[-122.227625933247,47.1935930081882],[-122.227450988022,47.193597472024],[-122.22725841914,47.1936092625107],[-122.227066465945,47.1936282224749],[-122.226873896715,47.1936565518622],[-122.226683063486,47.193690623329],[-122.226245669151,47.1937796802968],[-122.225986261063,47.1938334331191],[-122.225982284949,47.193824788413],[-122.224166786161,47.1943278320332],[-122.224073213349,47.1943538331827],[-122.223327516629,47.1945545956952],[-122.222507023937,47.1947751616032],[-122.222128520161,47.1948759296462],[-122.221832061392,47.1949540822575],[-122.221535481363,47.1950315651149],[-122.221166818823,47.1951308156261],[-122.220920282893,47.1951967932752],[-122.22082684382,47.1952217369609],[-122.220538654719,47.1952983615733],[-122.220179338149,47.1953934032377],[-122.220167505448,47.1953965321396],[-122.219773131453,47.1955005303399],[-122.219477565553,47.1955782905661],[-122.219059609059,47.1956885857659],[-122.219018270413,47.1956998518513],[-122.218978443139,47.195710734572],[-122.218917339154,47.1957295206807],[-122.218858952005,47.195742528267],[-122.2181280805,47.1959409274777],[-122.217807194997,47.1960281491777],[-122.21750396318,47.1961106504793],[-122.217203678587,47.1961924271227],[-122.216895062686,47.1962765605272],[-122.216496526872,47.1963862523312],[-122.216147326278,47.1964811374596],[-122.215804367435,47.1965742264936],[-122.215799505064,47.195924101622],[-122.215795537624,47.1954068081501],[-122.213454329562,47.1954184143778],[-122.213062373927,47.1954199311097],[-122.211916243272,47.1954243572411],[-122.210801285414,47.1954286519702],[-122.210077889391,47.1954314329153],[-122.209492843217,47.1954336785487],[-122.209498451935,47.1956610168557],[-122.209511294073,47.19618154061],[-122.208274736866,47.1961876755926],[-122.208250550079,47.1961877960221],[-122.208234460259,47.1961878753362],[-122.208234736619,47.1962185760723],[-122.208154247177,47.1962188440392],[-122.208073814082,47.1962196823516],[-122.2080336607,47.1962198862392],[-122.207944247891,47.1962200688665],[-122.207499706152,47.1962225913526],[-122.207493584216,47.1958822267233],[-122.207487964926,47.1955701727776],[-122.207485666521,47.1954425515508],[-122.207484621413,47.1953857987788],[-122.207476388567,47.1949393891063],[-122.206534000565,47.194942271119],[-122.203735695333,47.1949508813632],[-122.202803499992,47.1949537348263],[-122.202803534692,47.1949622476844],[-122.201792060465,47.1954921670983],[-122.202061471272,47.1959241137615],[-122.202098595528,47.1959135391238],[-122.202169554854,47.1960215937557],[-122.202245009721,47.1961282233691],[-122.202272578705,47.1961653350921],[-122.202286183321,47.196183286029],[-122.202363576951,47.1962815763382],[-122.202444789676,47.1963784249661],[-122.202497913556,47.1964386955074],[-122.202619440164,47.1965685474012],[-122.202747902474,47.19669526022],[-122.202805481097,47.1967489692523],[-122.202818270407,47.1967607067089],[-122.202913136745,47.1968451393578],[-122.203011184613,47.1969278670764],[-122.203075666779,47.196979963605],[-122.203156794808,47.1970430932822],[-122.203215407641,47.1970865867071],[-122.203244886499,47.1971084604465],[-122.202805771235,47.1973780926859],[-122.202805982715,47.1976121175967],[-122.203090525055,47.1976049455554],[-122.203163120771,47.1977193561211],[-122.203273308898,47.19769525179],[-122.203877859437,47.1984148337731],[-122.204603423794,47.1991387591435],[-122.20417777799,47.1991458386186],[-122.204040439889,47.1991481220384],[-122.202806511029,47.1991686327192],[-122.202813718471,47.1997045372843],[-122.20281489955,47.1997923181851],[-122.202855260271,47.2027931035331],[-122.202903980265,47.2064149149336],[-122.20808461895,47.2063316000558],[-122.208144979227,47.2063306282427],[-122.208205338259,47.2063296553194],[-122.208208134094,47.2072220135374],[-122.208213727445,47.2090070770833],[-122.208216526808,47.2099004482244],[-122.208219075124,47.2106445229951],[-122.208224249224,47.2121550175879],[-122.208226807094,47.2129018797444],[-122.208229038508,47.2135533522628],[-122.20834919869,47.2135533755498],[-122.209153973238,47.2135535296402],[-122.210866141258,47.2135538396384],[-122.21173530316,47.213553986848],[-122.212734982473,47.213554148778],[-122.21305409818,47.2139268862532],[-122.213089001371,47.2139677656255],[-122.213123903408,47.2140086450044],[-122.213494741131,47.2144417807051],[-122.21349655099,47.2149725230532],[-122.213498171756,47.2153141297853],[-122.213502673129,47.2162626510399],[-122.213505011363,47.2167552049587],[-122.213506975357,47.2171692785188],[-122.213554557322,47.2171699239097],[-122.213788680212,47.2171694446963],[-122.214156227896,47.2171684116362],[-122.214568941142,47.2171686716376],[-122.215375107424,47.2171682051467],[-122.2161721066,47.2171677384231],[-122.216838392196,47.2171673435651],[-122.217502688291,47.2171669464208],[-122.218151840316,47.2171665544361],[-122.218827514749,47.2171661425911],[-122.218830484355,47.2180757617477],[-122.2188316588,47.2184355834888],[-122.218832842992,47.2187983643008],[-122.218834023719,47.219160067375],[-122.218836383179,47.2198826797747],[-122.218839335544,47.2207872200112],[-122.218840873718,47.2221626153272],[-122.218841397766,47.2226312605891],[-122.218841897369,47.2230780154081],[-122.218842397869,47.2235250495843],[-122.218843421521,47.2244405860467],[-122.218844072755,47.2250234270908],[-122.218844454347,47.2253639950384],[-122.218845466717,47.226270468995],[-122.218845915704,47.2266710973273],[-122.218846476955,47.2271733518649],[-122.218847509124,47.2280952513729],[-122.218938054673,47.2280961554861],[-122.219025429284,47.229542079563],[-122.219031174523,47.2296304451929],[-122.218861739734,47.2296493868158],[-122.218862496759,47.2297319943839],[-122.218863937868,47.2298894437611],[-122.21887456583,47.2310500106105],[-122.218875444518,47.2311458683714],[-122.218880384084,47.2316853042362],[-122.218860293963,47.2323701553328],[-122.218855378724,47.2325377089713],[-122.218852577152,47.2326332028342],[-122.218851514668,47.2326694277802],[-122.218816453186,47.2338645890788],[-122.218771799213,47.2353866837935],[-122.218748460686,47.2372991284397],[-122.218727533618,47.2390137749179],[-122.218693991658,47.241761893667],[-122.218685860097,47.2424280961521],[-122.218682948704,47.2426666180381],[-122.222869836098,47.2427078542242],[-122.223554195795,47.24271428411],[-122.22395676089,47.2427180672741],[-122.223952981617,47.2431153059711],[-122.223947804184,47.2436594244605],[-122.223942526326,47.2442141294191],[-122.223930969795,47.2454286379558],[-122.223922075473,47.2463633219961],[-122.227506375076,47.2463787886072],[-122.227779653418,47.2463799638286],[-122.228645016657,47.2463836789597],[-122.228705462754,47.2463839383708],[-122.229096819969,47.2463856166371],[-122.229131987125,47.2470903729179],[-122.229276194952,47.2496798756172],[-122.229291431421,47.249955363169],[-122.229291892616,47.2499636940322],[-122.229295187299,47.2500367506977],[-122.229300562456,47.2501190458873],[-122.22930412945,47.2501738445067],[-122.229304871468,47.2501738369929],[-122.229892184262,47.2501676215493],[-122.231901009518,47.2501463425151],[-122.233695512721,47.2501557596975],[-122.233695711664,47.250156644958],[-122.23369631308,47.2501566485703],[-122.23378996536,47.2505740177566],[-122.235003300024,47.2503500838651],[-122.235003677623,47.2503510506367],[-122.235004100399,47.2503509724548],[-122.235145144464,47.2507117937499],[-122.229999788838,47.251655771931],[-122.229923383771,47.2516697951522],[-122.229410453908,47.2517633275974],[-122.229468720377,47.252620221094],[-122.229535349758,47.2536595788863],[-122.229535357924,47.253659707379],[-122.229580134551,47.2543456293759],[-122.229623683749,47.2550116797871],[-122.229668850636,47.2557000058236],[-122.229786743668,47.2575075262975],[-122.229782448042,47.2575075462917],[-122.228999116182,47.2575091420735],[-122.22693128405,47.2575058626494],[-122.226558949058,47.25750526679],[-122.2238958267,47.2575009808902]]]},"properties":{"OBJECTID":6,"District_Number":1,"Maplabel":"District #1","Council_Member":"Dave Morell","Phone":"798-3635","Email":"dave.morell@piercecountywa.gov","council_homepage":"http://www.co.pierce.wa.us/index.aspx?NID=1368","Address":"930 Tacoma Ave. S., Room 1046 Tacoma, WA 98402"}},{"type":"Feature","id":7,"geometry":{"type":"Polygon","coordinates":[[[-122.580633564721,47.1848201830713],[-122.579412255856,47.1841095477832],[-122.579392451938,47.1841175827582],[-122.57936902119,47.1841358593696],[-122.579226112107,47.1841854101775],[-122.5791551793,47.1842236842451],[-122.579119403731,47.1842348589224],[-122.579112959255,47.1842450401207],[-122.579065473911,47.1842821244434],[-122.579025515713,47.1843037149952],[-122.578977567802,47.1843121740171],[-122.578942209867,47.1843341201365],[-122.578894231819,47.1843418111659],[-122.578823327195,47.1843808253113],[-122.578770112758,47.1843956316561],[-122.578727532489,47.1844003743183],[-122.578720759963,47.1844166504104],[-122.57868396393,47.1844419957868],[-122.578669901491,47.184470552676],[-122.578555796493,47.1845430354437],[-122.578515952903,47.1845467683618],[-122.578479514735,47.1845408129963],[-122.578470608157,47.1845445662226],[-122.578449132928,47.1845614079082],[-122.578439656777,47.1845764435027],[-122.578385735568,47.1846125192224],[-122.578290386332,47.1846436062546],[-122.578266788619,47.1846575790743],[-122.578230587862,47.1846577352634],[-122.578199080588,47.1846918991593],[-122.578166497907,47.1847096811487],[-122.578136528861,47.184722205357],[-122.578112210592,47.1847237939079],[-122.578071877676,47.1847523295485],[-122.577934540875,47.1848045761223],[-122.577569336194,47.1849639313063],[-122.577490828339,47.1850113360671],[-122.577474633451,47.1850232281839],[-122.577467494281,47.1850362744162],[-122.577436960715,47.1850456816477],[-122.577397747471,47.1850657492091],[-122.577363841828,47.1850992702629],[-122.577342906036,47.1851103155409],[-122.577306793928,47.1851127736923],[-122.577280690734,47.1851254476578],[-122.577254588135,47.1851506005139],[-122.577229948162,47.1851625893993],[-122.577095001037,47.1852538480173],[-122.577001165159,47.1853241547519],[-122.576989722843,47.1853403779911],[-122.576954512696,47.1853661874404],[-122.57691309109,47.1854071939512],[-122.576792008148,47.1855334737981],[-122.576655795423,47.18570439916],[-122.576620744044,47.185770855124],[-122.57659660556,47.1858042014048],[-122.57656946379,47.1858789479838],[-122.576545479571,47.1859449954234],[-122.576497177863,47.1860250951307],[-122.57648528806,47.1860448122844],[-122.576399570736,47.1862191390011],[-122.576353943983,47.1862940110733],[-122.576332930331,47.1863519844494],[-122.576320096998,47.186368670857],[-122.576278068231,47.1864680839436],[-122.576278036134,47.1864681591205],[-122.576277638884,47.1864687276765],[-122.57626007499,47.186493744016],[-122.576260307918,47.1864938687409],[-122.576174657733,47.1866181133377],[-122.575977091542,47.1868355875118],[-122.57568400257,47.187013636118],[-122.575506273731,47.1871813853069],[-122.575513141361,47.1872388579577],[-122.575513555535,47.1872390504674],[-122.575579723979,47.1872698277126],[-122.575834150826,47.1872948861345],[-122.575860743339,47.1873313565796],[-122.57582927778,47.1873770988367],[-122.575633026975,47.187399975746],[-122.575318337922,47.1873771406383],[-122.575193623029,47.1874009233934],[-122.575121131762,47.1874472097126],[-122.574987348316,47.1876107161044],[-122.574901049078,47.1877764407501],[-122.574849953092,47.1879254612854],[-122.574827960985,47.188082188613],[-122.574831445493,47.1881068101636],[-122.574825928089,47.1881233651581],[-122.574824446379,47.1881892158653],[-122.574800741643,47.1883130610017],[-122.57480166008,47.188403552427],[-122.574779203939,47.1884190130135],[-122.574774630022,47.1884287212795],[-122.574820637852,47.188477264181],[-122.57482561035,47.1885018587656],[-122.574866232485,47.1885504990706],[-122.574876302061,47.1885914585341],[-122.574863178133,47.1886246059914],[-122.57484939334,47.1886906770853],[-122.574860562131,47.1887069327882],[-122.574861911947,47.1887398206366],[-122.574840252048,47.1887978052359],[-122.574837482961,47.1888636787435],[-122.574847123993,47.1888799618493],[-122.574846226611,47.1889046619876],[-122.574834674075,47.1889295532374],[-122.574832839917,47.1889789547676],[-122.574813287339,47.1890039895027],[-122.574815276121,47.189045093901],[-122.574791608881,47.1890948864716],[-122.574787817487,47.1891196382385],[-122.574705029379,47.1892148129768],[-122.574613999312,47.1892830098962],[-122.574551570736,47.1893542592901],[-122.57452628727,47.1893715529791],[-122.574447826627,47.1894568857229],[-122.57436313801,47.1895226374378],[-122.574323331207,47.1895722810235],[-122.574267704988,47.1896144182446],[-122.574231225605,47.1896606278235],[-122.574184118606,47.1896899690852],[-122.574162550376,47.1897232675705],[-122.574178896522,47.1897558865232],[-122.574168867321,47.1897889783863],[-122.57415211975,47.1898304187169],[-122.574129149847,47.1898555143152],[-122.57412370388,47.1898864129637],[-122.574088469161,47.189911728729],[-122.574067510509,47.1899389003829],[-122.574026294869,47.1899687387836],[-122.573999952282,47.1900013277294],[-122.573983562521,47.1900082585573],[-122.573958704567,47.19003135894],[-122.573924859962,47.1900895617619],[-122.573902966682,47.1901092077966],[-122.573885818595,47.1901350494704],[-122.573884498276,47.1901561094138],[-122.573865865921,47.1901893551988],[-122.573860938175,47.1902305835777],[-122.573849676433,47.1902390134759],[-122.57381559479,47.1902889924992],[-122.573790033323,47.1903105695568],[-122.573695540428,47.1903641824455],[-122.573687855493,47.1903735629973],[-122.573678714477,47.1903984108752],[-122.573684683665,47.1904394439068],[-122.573674891202,47.1904807594739],[-122.57368472047,47.1905436643861],[-122.573676526221,47.1905794659652],[-122.573679527486,47.1906040961841],[-122.573743804136,47.1907016797741],[-122.573746896778,47.1907098523411],[-122.573720150573,47.1907267878027],[-122.573745994258,47.1907334006163],[-122.573753794053,47.1907426407234],[-122.573762492149,47.1907918536574],[-122.573723469122,47.1908336929359],[-122.573712475688,47.1908668020226],[-122.57369043316,47.1908836531581],[-122.573674499141,47.1909128465064],[-122.573869912545,47.1909989947413],[-122.573842671675,47.1910318534287],[-122.573770483361,47.1911171244448],[-122.573772502651,47.1911694677242],[-122.573820388886,47.1912157483624],[-122.573938396935,47.1912869630045],[-122.573977796123,47.1913124444885],[-122.574056397054,47.1913581724611],[-122.574120047489,47.1914146462462],[-122.574134699605,47.1914272590034],[-122.574167731131,47.1914556940759],[-122.57419399718,47.1915390283831],[-122.574189346576,47.1916176752217],[-122.574116666777,47.1916917580273],[-122.573936158718,47.1918264889323],[-122.573754500438,47.1918978340692],[-122.57367973211,47.1919515535055],[-122.573639536304,47.1919804327],[-122.573597489382,47.192010640421],[-122.573546296338,47.1920520452608],[-122.57353788251,47.1920588503275],[-122.573501506548,47.1921118784795],[-122.573496856236,47.1921905290894],[-122.573515244826,47.1922687656643],[-122.57353483962,47.1923784060914],[-122.57353018689,47.1924570559161],[-122.573525137965,47.19252523695],[-122.573490779402,47.1926306048044],[-122.573441673936,47.1927519540711],[-122.573384690633,47.1928682065519],[-122.573305067038,47.1929953370655],[-122.57324747597,47.1930958878927],[-122.573114301957,47.1932292174978],[-122.573001295165,47.1933570663783],[-122.572869728995,47.1934817367866],[-122.572786737584,47.1935631351384],[-122.572657373479,47.1936828726362],[-122.57257419132,47.1937593818708],[-122.572485600119,47.1938196786835],[-122.572349944756,47.1939003887676],[-122.572145769112,47.1940035278637],[-122.572007407039,47.19407613179],[-122.571855516628,47.1941701786038],[-122.571718034327,47.1942655985327],[-122.571579985044,47.1943463505288],[-122.571460624081,47.1944153525007],[-122.571351202149,47.1944939602946],[-122.571260783123,47.1945689667398],[-122.571186162744,47.1946234480531],[-122.571136964795,47.1946519460499],[-122.571034195984,47.1947042587219],[-122.570935138113,47.1947441239459],[-122.570891120502,47.1947620535053],[-122.570845016534,47.1947725356677],[-122.57068885802,47.1948066228549],[-122.570648418119,47.1948123509095],[-122.570588809952,47.19482079414],[-122.570495193931,47.1948205647995],[-122.570439200265,47.1948177578689],[-122.570385817079,47.1948101423864],[-122.570333974581,47.194806308317],[-122.57029484622,47.1948060565394],[-122.570225110934,47.1948092091944],[-122.570181903468,47.1948118865782],[-122.570156955765,47.1948170947934],[-122.570122747408,47.1948358005088],[-122.570084498224,47.1948583883467],[-122.570017222533,47.1948891132685],[-122.569951488261,47.1949236206755],[-122.569898027042,47.1949502896252],[-122.569819838228,47.1949878765365],[-122.569727468229,47.195020003307],[-122.569665226821,47.1950363533535],[-122.569620915408,47.1950466691094],[-122.569574988475,47.1950513005111],[-122.569527555898,47.1950531009753],[-122.569474574038,47.1950559534837],[-122.569458861319,47.1950556399368],[-122.56936008853,47.1950503004569],[-122.569299502943,47.1950448003563],[-122.569225285918,47.1950404129042],[-122.569151141828,47.195037930249],[-122.569072149464,47.1950347347684],[-122.569049560257,47.1950335137285],[-122.569045530159,47.1950337980843],[-122.569005647019,47.1950329142927],[-122.568954062408,47.1950357407521],[-122.568933520442,47.1950380833682],[-122.568915115436,47.1950402470674],[-122.568854803878,47.1950522773046],[-122.568807809605,47.195065497476],[-122.568767870593,47.1950804962467],[-122.568728113864,47.1951002527267],[-122.5686858588,47.1951276737957],[-122.568613509175,47.1951718212202],[-122.568562875468,47.1951993920523],[-122.568517570837,47.1952201996277],[-122.56843361323,47.1952531277338],[-122.568357921323,47.1952830493303],[-122.568280871529,47.1953139490475],[-122.568272636194,47.1953169423292],[-122.568146203179,47.1953465588957],[-122.568095973344,47.1953539634782],[-122.568019169182,47.1953652856408],[-122.567956554119,47.1953588625513],[-122.567919416151,47.1953348427092],[-122.567891882568,47.1952989946151],[-122.567889378336,47.19523390123],[-122.567920129836,47.1951442146172],[-122.567925641173,47.1950782922922],[-122.567847291012,47.1949714128112],[-122.567638701129,47.1948050962898],[-122.567475683847,47.1947565301569],[-122.567360233965,47.1947343473108],[-122.567284743108,47.1947885752731],[-122.567170285763,47.1948214753358],[-122.567046422911,47.1948703133394],[-122.566898117468,47.1949113601838],[-122.566803669673,47.1949665293231],[-122.566754666805,47.1950263715987],[-122.566710397345,47.195104642509],[-122.566637322267,47.1951662871692],[-122.566568351598,47.1952038591132],[-122.566515653031,47.1952198850419],[-122.566444043371,47.1952149931294],[-122.566291891253,47.1951560000569],[-122.566220255762,47.1951504228047],[-122.566053322107,47.1952041440046],[-122.565977638848,47.1951979532222],[-122.565888734279,47.1951618284284],[-122.565827969506,47.1950820881828],[-122.565726030819,47.1950229942239],[-122.565663389695,47.1950158847058],[-122.565599790124,47.1950362185612],[-122.565545102581,47.1950790204619],[-122.565492299196,47.1951593074171],[-122.565446073516,47.1952129296436],[-122.565382869771,47.1952435415422],[-122.565245119966,47.1952713701627],[-122.565075944036,47.1952929029204],[-122.56497343491,47.1952954182743],[-122.564793394197,47.1952698337217],[-122.56473106875,47.1952709460304],[-122.56464289673,47.1952800618633],[-122.564483162132,47.1953117102201],[-122.564400989943,47.1953460883667],[-122.564330006576,47.195383694856],[-122.56431220043,47.1953966814435],[-122.56429664378,47.1954055457228],[-122.56426640197,47.1954300835486],[-122.564195887095,47.1955060787641],[-122.564169508321,47.1955264336556],[-122.564085639229,47.1955690698066],[-122.563980187648,47.1955997489784],[-122.563939603613,47.1956169289157],[-122.563841813795,47.1956417671019],[-122.563814105913,47.1956851287889],[-122.563749299024,47.19571700283],[-122.5636769992,47.1957161526634],[-122.563619731012,47.1957096318564],[-122.563588583626,47.1957078586326],[-122.563523461151,47.1957017496679],[-122.56337652547,47.1956957860748],[-122.563260273944,47.1957250113235],[-122.56320817467,47.1957451669848],[-122.563149975276,47.1957489475045],[-122.562960369903,47.195788668683],[-122.562884286146,47.1957982532704],[-122.562797616219,47.1958203684961],[-122.562667846998,47.1958727353082],[-122.562617104549,47.1958873532239],[-122.562540172682,47.1959010666811],[-122.562505967493,47.1959009908008],[-122.562475494544,47.1958933060802],[-122.562418069386,47.1958648462511],[-122.562369218421,47.195823891887],[-122.562314519988,47.1957878411055],[-122.562258600177,47.1957723819686],[-122.562177705039,47.1957614819544],[-122.561967395973,47.1957597450622],[-122.561816002969,47.1957466729039],[-122.561516273101,47.1957425247411],[-122.561423092384,47.1957448975902],[-122.561387670182,47.1957498072663],[-122.56133508778,47.1957710126128],[-122.561269384018,47.1958414352043],[-122.561245888366,47.195858309448],[-122.56121821401,47.1958711444303],[-122.561192261135,47.1958764064431],[-122.561160993326,47.195874220845],[-122.561069442564,47.1958477399174],[-122.560967070867,47.1958276223734],[-122.560662456787,47.1958063074455],[-122.560618705225,47.1957933734448],[-122.560544986864,47.195759717595],[-122.560507346126,47.1957487317069],[-122.560421400023,47.1957372347657],[-122.560358305065,47.1957445293778],[-122.560308646562,47.1957611839579],[-122.560118586985,47.1958017038992],[-122.560050646876,47.1958064788234],[-122.560024168674,47.1957991065797],[-122.560001666924,47.1957852180234],[-122.559988395385,47.1957518019997],[-122.559982247283,47.1956963722353],[-122.559974222079,47.1956707073275],[-122.55996100746,47.1956545138616],[-122.559863301249,47.1955933919295],[-122.559819020454,47.1955319769829],[-122.559757628581,47.1955049578105],[-122.559733022298,47.1954760772179],[-122.559685310254,47.1954385295209],[-122.559661716812,47.1954266076185],[-122.559632485686,47.1954250710172],[-122.559619627428,47.1954307852261],[-122.559554916317,47.1954914250372],[-122.559416332102,47.1955501163268],[-122.55927980447,47.1956361970695],[-122.559248956482,47.195644974088],[-122.559120257606,47.1956465790625],[-122.559046157233,47.1956554401558],[-122.559000309061,47.1956665410553],[-122.558980130676,47.1956755864123],[-122.558962634575,47.1956809247865],[-122.558877914211,47.1957214063617],[-122.558809453347,47.1957388060145],[-122.558698039865,47.1957484125984],[-122.558600958376,47.1957487138654],[-122.558423645588,47.1957238942383],[-122.558382428731,47.1957246275537],[-122.558312349169,47.1957334166366],[-122.558251658418,47.1957509522578],[-122.558225014899,47.1957644538365],[-122.558130945856,47.1958445122127],[-122.558093734552,47.1958972845033],[-122.558047870977,47.1960393465115],[-122.558032468826,47.1960574474353],[-122.558010825198,47.1960701743575],[-122.557979688175,47.1960714138849],[-122.557952610617,47.1960630647526],[-122.557879349412,47.1960234470028],[-122.557723327104,47.1959703820129],[-122.557429185089,47.1958021409027],[-122.557358799625,47.1957766520093],[-122.557084774621,47.1957396983476],[-122.557050149983,47.1957286577207],[-122.557015341806,47.1957128207123],[-122.556852393401,47.1956080690894],[-122.556771693288,47.1955759063276],[-122.556596578166,47.1955474788642],[-122.556409312388,47.1955432652813],[-122.556217281266,47.1955459927091],[-122.556122184249,47.1955319125853],[-122.556085471201,47.1955188518042],[-122.555906065653,47.1954308472406],[-122.555857027598,47.1954111487861],[-122.555791161913,47.1953986059445],[-122.555716982718,47.195405409318],[-122.555675050674,47.1954136966614],[-122.555585756896,47.1954461379957],[-122.555547818011,47.1954536686821],[-122.555515545019,47.1954514994258],[-122.555444286263,47.1954294529394],[-122.555381813251,47.195400393708],[-122.555346743772,47.1953777042324],[-122.555255975826,47.1953189779323],[-122.555144134136,47.1952352569732],[-122.55504377908,47.1951362475903],[-122.554948323346,47.194954871684],[-122.554909950471,47.19492469875],[-122.554831392757,47.1948959238253],[-122.554580268944,47.1948263325744],[-122.554472796833,47.1948042429479],[-122.55425022951,47.1947711693435],[-122.554124478382,47.1947446046017],[-122.554034567047,47.1947345446914],[-122.553759497442,47.1947490272663],[-122.553662340038,47.1947336104058],[-122.553526887671,47.1946900754137],[-122.553430709104,47.1946739553258],[-122.553389311366,47.1946698904558],[-122.553345106905,47.1946713606779],[-122.553239205608,47.1946903817302],[-122.553006441833,47.1947801101318],[-122.552831066414,47.1948058489121],[-122.552602708021,47.1948634650352],[-122.552545355053,47.19487043383],[-122.5523668001,47.1948593123035],[-122.552227727151,47.1948589541381],[-122.552162516982,47.1948635391583],[-122.552106982222,47.1948844081192],[-122.551990104932,47.1949648119223],[-122.55194174938,47.1949787522563],[-122.551898303243,47.1949842944624],[-122.551849402553,47.1949839549735],[-122.551743654177,47.195004892048],[-122.551626163015,47.1950186318491],[-122.551394170466,47.1950021757735],[-122.551289520015,47.195001288668],[-122.551246320472,47.1950027402647],[-122.551107584866,47.1950312550787],[-122.551007649942,47.1950748520757],[-122.550913785248,47.195145767536],[-122.550847599683,47.1951838567731],[-122.550715215173,47.1952385878948],[-122.55055060951,47.1953188751506],[-122.550469623355,47.1953476820864],[-122.550316508037,47.1954422739277],[-122.550229220319,47.195474676342],[-122.550182312953,47.1954844211678],[-122.550092766989,47.1954839509624],[-122.549790653524,47.1954488491811],[-122.549511386474,47.1954325414894],[-122.549378666788,47.1954342068618],[-122.549228271224,47.195448253337],[-122.548831432645,47.1955290863668],[-122.548723052416,47.1955549485968],[-122.548620467896,47.1955839989931],[-122.548359162348,47.1956937239235],[-122.548221714628,47.1957825504993],[-122.548178214064,47.1958025190892],[-122.54810031855,47.1958205733152],[-122.548012545674,47.1958286542918],[-122.547801818656,47.1958687243167],[-122.547715587781,47.195902476582],[-122.547672164023,47.1959245003219],[-122.547436564038,47.1960774589273],[-122.547365698337,47.1961184809895],[-122.54728160782,47.1961556233395],[-122.547080851032,47.196299049932],[-122.547044438738,47.1963202639796],[-122.547008717348,47.1963332378748],[-122.546942864986,47.1963474305094],[-122.546869375924,47.1963459880401],[-122.546742855503,47.1963255995639],[-122.546565381338,47.1962615444129],[-122.546447856929,47.1962396254425],[-122.546300746691,47.1962333138731],[-122.546225638124,47.196242184535],[-122.546115945261,47.1962674366777],[-122.545932894251,47.1962767350572],[-122.545638860782,47.1962605142599],[-122.545552653064,47.1962441844519],[-122.545491151233,47.1962119759157],[-122.545392075289,47.1961725879568],[-122.545327268935,47.1961613917805],[-122.545296452598,47.1961601516522],[-122.54528996957,47.196159308531],[-122.545232564763,47.1961575806873],[-122.545171425654,47.1961634610794],[-122.545051658276,47.196204221637],[-122.544803699944,47.1962514722512],[-122.54471330096,47.1962614075309],[-122.544344941604,47.1962534904461],[-122.544234941962,47.1962421320156],[-122.544199757367,47.1962427536851],[-122.544025449234,47.196275618919],[-122.543949075441,47.196290379141],[-122.543910901041,47.1962917392002],[-122.543809957059,47.1962825519021],[-122.543731559661,47.1962578817453],[-122.543614726093,47.1962033103487],[-122.543590339015,47.1961968845202],[-122.543562165707,47.196196696494],[-122.54353110643,47.1961999877301],[-122.543480540818,47.1962193936442],[-122.543463789804,47.1962286030725],[-122.543417203774,47.1962733080484],[-122.543327682258,47.1964142970149],[-122.543273805625,47.1965318382185],[-122.543254377249,47.1965500084611],[-122.543110040005,47.1966176950005],[-122.543068313018,47.1966314590954],[-122.543010293155,47.1966400258838],[-122.542766310233,47.1966511905185],[-122.542589015759,47.1966224790019],[-122.542446045637,47.1966107141415],[-122.542155822476,47.196638683332],[-122.542109523748,47.1966337958553],[-122.542028698185,47.1966023656787],[-122.541984435681,47.1965959880693],[-122.541867574023,47.1966094878765],[-122.541782590196,47.1966338332606],[-122.541711485726,47.1966379681026],[-122.541418100681,47.1966388386119],[-122.541126794776,47.1966457068615],[-122.541087406614,47.1966416021303],[-122.541035590804,47.1966281174088],[-122.540891582908,47.1965710055176],[-122.540808656204,47.1965170671233],[-122.540724515529,47.1965000384972],[-122.5406522134,47.1965033707509],[-122.540533495873,47.1965294623778],[-122.540419408621,47.1965726139497],[-122.540135276191,47.1966921291384],[-122.540104320445,47.1966981602521],[-122.540038231758,47.1967061821605],[-122.539993921236,47.1967049064834],[-122.539793742617,47.196679638249],[-122.539761808811,47.1966778483464],[-122.539718034318,47.1966727453704],[-122.53967277055,47.1966728576924],[-122.539637820031,47.1966796447637],[-122.539604030377,47.196690525033],[-122.539570500722,47.1967082575623],[-122.539456171054,47.1967959530448],[-122.539390532744,47.1968423634798],[-122.539359940793,47.1968579871881],[-122.539079840735,47.1969534306071],[-122.538867638939,47.1970079366552],[-122.538789811905,47.1970237069299],[-122.538716243767,47.1970202036914],[-122.538609103404,47.1969802667175],[-122.538510795001,47.1969620868295],[-122.538453493499,47.1969630964226],[-122.538388748397,47.1969800352293],[-122.538326662787,47.1970140406094],[-122.538233810463,47.1970856132016],[-122.538156362905,47.1971644565747],[-122.538124850046,47.1972088669041],[-122.538071809188,47.1973222487951],[-122.538045783367,47.1973521905137],[-122.538015554855,47.1973774063792],[-122.537924089649,47.1974325267335],[-122.537860112363,47.1974824718652],[-122.53781471424,47.1975013459478],[-122.537744004189,47.197515920247],[-122.537587872187,47.197525334863],[-122.537383712536,47.1975203731448],[-122.537257912115,47.1975359449332],[-122.537160509753,47.1975671432293],[-122.537029117543,47.1976018470638],[-122.536940338903,47.1976195913163],[-122.536813812852,47.1976351476895],[-122.536675492782,47.1976356904973],[-122.536559117523,47.1976759440886],[-122.536343933536,47.1977846368151],[-122.536310038696,47.1977927755922],[-122.536272842383,47.1977934302378],[-122.536173635418,47.1977759778034],[-122.536044683234,47.197717909596],[-122.535872015195,47.1976222405818],[-122.535795242011,47.1975872516576],[-122.535720289183,47.1975790532762],[-122.535621395251,47.1975730593257],[-122.535538128607,47.1975876066226],[-122.53541133458,47.1976290022666],[-122.5352654019,47.1976877933002],[-122.535174774185,47.1977120141589],[-122.535126493619,47.1977121777528],[-122.53499878794,47.1976869977206],[-122.534953931952,47.1976713309066],[-122.534859916396,47.1976187898603],[-122.534758843846,47.1975870799527],[-122.534723187119,47.1975625294412],[-122.534684538414,47.1975248126247],[-122.534580409694,47.1974580781187],[-122.534506471932,47.1974182388989],[-122.534441826216,47.1973687470303],[-122.534352947328,47.1972722332391],[-122.534249860775,47.1971968411218],[-122.534182974506,47.1971742656976],[-122.534108476788,47.1971632059525],[-122.53403989528,47.1971596400478],[-122.533936556347,47.1971605245315],[-122.533871255058,47.1971702286537],[-122.533773173008,47.1972005317844],[-122.533677329862,47.1972155453789],[-122.533642173579,47.1972094981978],[-122.533615853783,47.1972147055614],[-122.533588590563,47.1972332863628],[-122.533529379502,47.1973295513122],[-122.533504859874,47.1973461911842],[-122.533441468454,47.1973691914733],[-122.533391384311,47.1973748433231],[-122.533235865495,47.1973696230923],[-122.53309550692,47.197355633842],[-122.533034080435,47.1973539706023],[-122.532931579783,47.19735577167],[-122.532868712434,47.1973692180973],[-122.532837988714,47.197381414074],[-122.532771235022,47.1974250976039],[-122.532459884459,47.1976788023746],[-122.532384419547,47.1977315519458],[-122.532312145248,47.1977622778237],[-122.532216582373,47.1977879543391],[-122.532181577962,47.1977933684869],[-122.532073108812,47.1977980162343],[-122.531992502902,47.1977946323175],[-122.53194054896,47.1978051439337],[-122.531900880623,47.1978202393613],[-122.531817030515,47.1978374819728],[-122.53173691708,47.1978471166908],[-122.531627507782,47.197852466183],[-122.53146086434,47.1978883036997],[-122.531368712949,47.197898835177],[-122.531205760422,47.1979003247312],[-122.531023976579,47.197881574954],[-122.530689934862,47.1978257292875],[-122.530460660643,47.1977598985268],[-122.53043214272,47.1977261162133],[-122.530402180891,47.1977095006223],[-122.529877367826,47.1976206057052],[-122.529761085436,47.1976048189757],[-122.529623346792,47.1976058639783],[-122.52951013132,47.1976180248178],[-122.52931534427,47.1976214414453],[-122.528970708147,47.1975854681629],[-122.528839770302,47.1975811822651],[-122.528732332458,47.1975864944549],[-122.528533889116,47.1976071432345],[-122.52843647838,47.19761159369],[-122.528366905476,47.1976073281717],[-122.528327167963,47.1975939543474],[-122.528239184083,47.1976040271272],[-122.52815264909,47.1976034871034],[-122.528054672137,47.1976196032994],[-122.528008299232,47.1976169878657],[-122.527888690852,47.1975930294279],[-122.527609524041,47.1975687674899],[-122.527540969539,47.1975562834701],[-122.527470312106,47.1975360738236],[-122.527425770275,47.1975350719175],[-122.527386701975,47.1975394321705],[-122.527278238135,47.1975975564189],[-122.527253082258,47.1976240520817],[-122.527231045637,47.1976532354299],[-122.527208598086,47.1976981963103],[-122.527175741123,47.1977872212059],[-122.527144323211,47.1978343962029],[-122.527080657785,47.1978800792083],[-122.52704201918,47.1978958405589],[-122.526960879407,47.1979156379002],[-122.526890890669,47.1979430554771],[-122.52685093663,47.197950613046],[-122.526787498633,47.1979489817202],[-122.526728596657,47.1979342423654],[-122.526577490961,47.1979457758197],[-122.526489941014,47.1979577858141],[-122.526441402017,47.1979681531223],[-122.526394740335,47.1979899242499],[-122.526351068978,47.19801734681],[-122.526324780416,47.1980244989323],[-122.526175061091,47.1980077040273],[-122.526138895649,47.1980090230126],[-122.526112729288,47.1980131834923],[-122.526106880603,47.1980136975793],[-122.526102863446,47.1980147519776],[-122.526075897096,47.1980190397281],[-122.52604810992,47.1980291254792],[-122.525982458531,47.1980755282878],[-122.525954371259,47.1980875818877],[-122.525884996594,47.1981053466897],[-122.52574495014,47.1981263111665],[-122.525678679003,47.1981562689386],[-122.525609186632,47.198207538353],[-122.525521132405,47.1982467908974],[-122.5252865113,47.1983208345121],[-122.525205418048,47.1983579079965],[-122.525171083823,47.1983811355585],[-122.525060166002,47.1984276452921],[-122.524943292417,47.1984495745012],[-122.524907099627,47.19845020792],[-122.524878666676,47.1984431636021],[-122.52481932546,47.1984167748437],[-122.524740876639,47.1983531485045],[-122.524556186797,47.1981792344851],[-122.524484232427,47.1981470061804],[-122.524447679739,47.1981380468722],[-122.524249527329,47.1981120306903],[-122.524123759648,47.1981114883755],[-122.524029957045,47.1981316420204],[-122.523961467484,47.1981561520936],[-122.523751382502,47.1981605125748],[-122.523658403609,47.1981491116971],[-122.523552869957,47.1981516431275],[-122.52312468769,47.1981816196419],[-122.522822321839,47.1982294997065],[-122.522567035859,47.1982699180305],[-122.522492674757,47.198288112688],[-122.522449188394,47.19830875679],[-122.52232249325,47.1984172473773],[-122.522242865554,47.1984666346208],[-122.522192522184,47.1984921991397],[-122.522140976204,47.1985071693653],[-122.522087895735,47.1985166811566],[-122.522010070022,47.1985101696892],[-122.521972068419,47.1985022776663],[-122.52190286232,47.1985013472825],[-122.521864835596,47.1984853095514],[-122.521849429557,47.1984737032486],[-122.521816548203,47.1984628411332],[-122.521744500638,47.1984698318847],[-122.521724434196,47.198465876889],[-122.521524627718,47.1983605680081],[-122.521262531846,47.1982830605882],[-122.521235011603,47.1962864241899],[-122.521475016336,47.1962828618473],[-122.521405774613,47.1960701478577],[-122.521288576234,47.1957623344008],[-122.521216299721,47.1956283041134],[-122.5211604022,47.1955403652891],[-122.515925128453,47.1956009327513],[-122.51577088885,47.1926446696289],[-122.514736798206,47.1919701735598],[-122.510431377104,47.1919868201822],[-122.508781155447,47.1919833152307],[-122.508784505008,47.1905710051177],[-122.505446693746,47.1905380801525],[-122.505073629558,47.1905375257005],[-122.504988349762,47.1853330923421],[-122.504977812972,47.1846978116873],[-122.500512484461,47.1847126473094],[-122.497515084068,47.1847225130016],[-122.497348275372,47.1847230608695],[-122.494331044447,47.1847329141288],[-122.487175936286,47.1847417434605],[-122.486270066735,47.1847428209361],[-122.486125370655,47.1847430019834],[-122.483684168022,47.1847470718067],[-122.475796400847,47.1847822408282],[-122.475619851656,47.18482639511],[-122.474044032212,47.1848267498067],[-122.473943335575,47.1848211455188],[-122.4739101558,47.1848093423873],[-122.473889889508,47.1847909571856],[-122.468594935134,47.1847304582043],[-122.467278577548,47.1847226300505],[-122.464512332903,47.1846856930671],[-122.46406166017,47.1846792212842],[-122.463793760639,47.1846753771925],[-122.463178844244,47.1846669464042],[-122.46322818721,47.1828520318817],[-122.463205057517,47.1810486020936],[-122.463198973181,47.1807663021888],[-122.464521538373,47.1807771964985],[-122.464889435081,47.1794429616276],[-122.46381279203,47.1794188188896],[-122.463812284738,47.1793652923045],[-122.463168796175,47.1793680433929],[-122.463165548324,47.1792162697608],[-122.463753846258,47.1792300061674],[-122.463968383134,47.1792239771315],[-122.464107694707,47.1792144804978],[-122.464173678123,47.1792050225263],[-122.46435374677,47.1791638707848],[-122.464505612832,47.1791148592347],[-122.464629409219,47.1790627591947],[-122.464687573266,47.1790308345874],[-122.464815379079,47.1789453441225],[-122.464905095443,47.1788676307671],[-122.464932452873,47.1788385806018],[-122.464951473554,47.1788183825076],[-122.464972314913,47.1787962514964],[-122.464986280836,47.178777666068],[-122.465014745051,47.1787397862533],[-122.46503391848,47.1787142709701],[-122.465060207804,47.1786697784247],[-122.465385978709,47.1779665294008],[-122.465625049533,47.1774907419805],[-122.46566897122,47.1774235977939],[-122.465495704813,47.1774151609854],[-122.465656632974,47.1770589391142],[-122.465797231105,47.1767923432685],[-122.46584601983,47.176699831534],[-122.465900767878,47.1766096234511],[-122.46606500863,47.1763390023597],[-122.466241771372,47.1760790440987],[-122.466522507412,47.175709123106],[-122.466487310323,47.1756958712348],[-122.466651614496,47.1755001744588],[-122.466667998909,47.1754806596052],[-122.466879627067,47.1752448734243],[-122.467547415078,47.1745719742483],[-122.467689690037,47.1744470424403],[-122.467856096105,47.1743430097653],[-122.468012475262,47.1742034660864],[-122.468424237136,47.1737679285458],[-122.468387711333,47.17373149755],[-122.468374392264,47.1737181758432],[-122.46829881852,47.1736807915647],[-122.46834060801,47.1725501329858],[-122.468305987485,47.1720174516827],[-122.468393376951,47.171276698208],[-122.468387773953,47.1701907816368],[-122.465645386476,47.1701798613557],[-122.465699600366,47.1700687421838],[-122.465743729627,47.1699557108567],[-122.465777747081,47.169841122466],[-122.465801661667,47.1697251979223],[-122.465815013385,47.1696085758493],[-122.465933083825,47.1668228074275],[-122.464191816312,47.1668370942562],[-122.46405250045,47.17007764016],[-122.46405302554,47.1701734848017],[-122.463076327421,47.1701785228926],[-122.459385210699,47.1701817728347],[-122.457902611365,47.1701861376394],[-122.456645212303,47.1701898247888],[-122.455207915508,47.170190685157],[-122.452571769405,47.1701823492651],[-122.44986408361,47.1701619397991],[-122.447275415398,47.1701262708525],[-122.44559593068,47.1701325169594],[-122.443349268263,47.1700865895912],[-122.44198349566,47.1700966157163],[-122.437764776255,47.1700734448335],[-122.437764362346,47.1700734427187],[-122.437125839151,47.1700699221493],[-122.437100938997,47.1700698277625],[-122.435941647148,47.170065426026],[-122.435406985755,47.1700604978163],[-122.435427190473,47.1684439098622],[-122.435539589431,47.1684426873603],[-122.435547587703,47.1680581545444],[-122.435664482727,47.1680567189748],[-122.435653392913,47.1679508497476],[-122.435675242603,47.1669846884946],[-122.434119523561,47.1669696733688],[-122.434125598999,47.1665986023158],[-122.434172709331,47.1628654224703],[-122.434190165337,47.1613213088413],[-122.434187274725,47.1606650588938],[-122.434198269973,47.1599767346537],[-122.434212645005,47.1593030278527],[-122.434203895863,47.1589590903477],[-122.434208167757,47.1585757986736],[-122.434189814265,47.1582979812823],[-122.434190581222,47.1581582890071],[-122.434226147804,47.1571849563211],[-122.434264776968,47.1554135371183],[-122.434260672791,47.1544965412834],[-122.434314970361,47.151835931987],[-122.434330002385,47.1511068114575],[-122.434340503325,47.1503914246252],[-122.434359966333,47.1496759976193],[-122.434376773379,47.1489671965262],[-122.43439369396,47.1482559524465],[-122.434409872312,47.1475341621894],[-122.434419391598,47.14682841707],[-122.43444662503,47.1461167532863],[-122.434450202737,47.1454045258499],[-122.434470382674,47.1446900994695],[-122.434503449108,47.1432898648336],[-122.434522879019,47.1425546072973],[-122.434517052045,47.1423925358925],[-122.434516813546,47.1423859022623],[-122.434533924065,47.1418175977902],[-122.434549472276,47.1411298245484],[-122.434550362361,47.1410804802647],[-122.434562015507,47.1404345041726],[-122.434570100375,47.1401953786243],[-122.434577105727,47.1394243185033],[-122.43458953169,47.1384160420337],[-122.43460679507,47.137096261484],[-122.434615293489,47.1363891054911],[-122.434627444855,47.1353732626902],[-122.434641159725,47.1343640309922],[-122.434648206268,47.1333615748172],[-122.434657969302,47.1330920879411],[-122.434663927857,47.1324461877982],[-122.434709464472,47.1315094575288],[-122.434705863634,47.1303260293534],[-122.434814569181,47.1252408435177],[-122.434837123938,47.1242764938217],[-122.434881417483,47.121874623472],[-122.434879360091,47.1212383444661],[-122.434848362817,47.1195074241054],[-122.438396008195,47.120495416405],[-122.439198002275,47.1207252000395],[-122.441981611948,47.1215038358153],[-122.44274583228,47.1217192834473],[-122.443011199406,47.1218008840774],[-122.443770160515,47.122012903221],[-122.444252992771,47.1221312407506],[-122.444467011888,47.1221794205207],[-122.44462751246,47.1222065863392],[-122.444994712561,47.122258356615],[-122.445206528762,47.1222811469299],[-122.44539740339,47.1222937312065],[-122.446029106941,47.1223173754218],[-122.446445316047,47.1223376259779],[-122.44879237734,47.1224358507253],[-122.450006826157,47.1224724339666],[-122.451128268608,47.1224982881872],[-122.45142514811,47.1225074775079],[-122.451807015349,47.1225192963181],[-122.452377814814,47.1225729800088],[-122.452576534673,47.1226023408092],[-122.452886428725,47.1226558508143],[-122.453141220725,47.1227111957439],[-122.453258051951,47.1227380610443],[-122.456084261642,47.1233879014569],[-122.456630877144,47.1235342081271],[-122.457033918175,47.1236505263576],[-122.457700166124,47.1238587860848],[-122.458548716867,47.1241406923772],[-122.460092989505,47.1246780875808],[-122.461360085739,47.1251266728038],[-122.46201523381,47.1253634830798],[-122.462618897564,47.1255800193688],[-122.46369951023,47.1259771403012],[-122.463745290039,47.125990624222],[-122.463797798419,47.1259968629209],[-122.463853626461,47.1259983001441],[-122.463884914342,47.1259934618733],[-122.463874705307,47.1259405385665],[-122.46388114946,47.1231193553168],[-122.463907318221,47.1187166203544],[-122.463911790139,47.1158755795223],[-122.463940624442,47.112209078606],[-122.463928949846,47.1085631197424],[-122.463953445207,47.1049220258985],[-122.463949799535,47.1003034848441],[-122.463238635451,47.1001449011899],[-122.462712570597,47.1000153661199],[-122.462400104844,47.0999299210127],[-122.46196559088,47.0998293252325],[-122.461415513285,47.0996688991394],[-122.460635894796,47.0994035928664],[-122.459970293965,47.0991543665078],[-122.459048630344,47.0987952211879],[-122.458494237802,47.0986105818935],[-122.457919671056,47.0984067263591],[-122.457800535643,47.0983445954553],[-122.457675403364,47.0982434561297],[-122.457660575429,47.0982288968886],[-122.45753283513,47.0981034737416],[-122.457174394699,47.0976674887193],[-122.457084041475,47.0975485072319],[-122.453125219117,47.0974747226147],[-122.451633149299,47.0974654999852],[-122.451004344194,47.0974706668073],[-122.450594466538,47.0974791537308],[-122.449951383167,47.0974704593282],[-122.449457257902,47.0974893060254],[-122.449241477328,47.097480826179],[-122.448270527223,47.0974694549832],[-122.444566271984,47.0974219908076],[-122.443710616171,47.097404580754],[-122.442784666891,47.0973946838238],[-122.442118016202,47.0973749864177],[-122.439925772585,47.0973449684414],[-122.437709947444,47.097321337559],[-122.434952086733,47.0973088052664],[-122.434950192285,47.0968190572843],[-122.434940002957,47.0964415397183],[-122.435054472408,47.0876372325084],[-122.435084703595,47.0853115252758],[-122.435084908887,47.0852957348929],[-122.435092699213,47.0846016606103],[-122.435097238853,47.0841959742747],[-122.435189171768,47.0839465365032],[-122.435233249526,47.083647606671],[-122.435285740685,47.0834221585596],[-122.435382547135,47.0831762758654],[-122.435724103345,47.0824305003109],[-122.436038979896,47.081724665796],[-122.436913787927,47.0799111144715],[-122.438635816883,47.0763087775167],[-122.44217001727,47.0688432196442],[-122.442273458383,47.0686683070413],[-122.442392768162,47.0684970767127],[-122.442525077819,47.0683313053187],[-122.442699285721,47.0681385526879],[-122.442865277164,47.0679862558347],[-122.443040303608,47.0678396759271],[-122.443189163903,47.0677277376169],[-122.445094788619,47.0665585828524],[-122.452594201243,47.0619834620647],[-122.452787875627,47.0618598367187],[-122.452895702258,47.0618072168266],[-122.453073072855,47.061703339909],[-122.453316263476,47.0615517491198],[-122.453581784168,47.0613862323005],[-122.453825726161,47.0612709413264],[-122.454008989758,47.0612090084557],[-122.454253175221,47.0611447814615],[-122.454420154688,47.0611097271594],[-122.454754598551,47.061053048756],[-122.454936371807,47.0610308805676],[-122.455535411771,47.060919470765],[-122.45587180427,47.0608468756397],[-122.456205393156,47.0607678548523],[-122.456781015216,47.06061295356],[-122.457104761329,47.0605160498647],[-122.457342209893,47.0604399994951],[-122.457883211205,47.0602415770906],[-122.458183704118,47.0601211482835],[-122.458479849344,47.0599948956724],[-122.458984536774,47.0597583025953],[-122.459264556408,47.0596158109168],[-122.459538249955,47.0594682696909],[-122.460003628517,47.0591950385742],[-122.460195188855,47.0590746988417],[-122.46044582792,47.0589081018279],[-122.460689871596,47.0587367337562],[-122.460925421378,47.0585613954306],[-122.461264349977,47.0582889093525],[-122.461932311103,47.0577391357471],[-122.463327342372,47.0566735149564],[-122.464028364419,47.0561576702136],[-122.476159976718,47.046698229703],[-122.476494109645,47.0464292327008],[-122.47922618484,47.0442803206587],[-122.481215487947,47.042673525357],[-122.4816984021,47.0422936735511],[-122.482795362471,47.0414519799241],[-122.484340631602,47.0402939523139],[-122.485334466946,47.0395085048237],[-122.486147825832,47.0388573122008],[-122.487383376353,47.0378261578271],[-122.488259393107,47.0371325642575],[-122.489355954841,47.0363095979324],[-122.490572931914,47.0354098571256],[-122.491807347535,47.0344870369325],[-122.492510303413,47.0339505936962],[-122.494254419784,47.0326063216153],[-122.494309596101,47.0325633032392],[-122.495163908818,47.0318972267938],[-122.498437789058,47.0293201261522],[-122.500884712955,47.0274521528905],[-122.501696657591,47.026813647853],[-122.503444094757,47.0254394090533],[-122.504793878752,47.0243875277668],[-122.50679128604,47.022830252163],[-122.50855019164,47.0214217750748],[-122.509290879226,47.0208391441323],[-122.509945896745,47.020336444213],[-122.510874120887,47.0196427699923],[-122.511387027278,47.0192522229781],[-122.512007085347,47.0187605976186],[-122.515220062893,47.0162488025021],[-122.518258454836,47.0138878850321],[-122.520363129076,47.0122446503292],[-122.521475860276,47.0113758231017],[-122.52279280263,47.0103350923585],[-122.522961749341,47.0102015757597],[-122.5229694448,47.0102015882923],[-122.523361437185,47.0102022145598],[-122.523607581335,47.0102026392018],[-122.52400253956,47.010203276786],[-122.524746790368,47.0102068298981],[-122.526443198937,47.0102148751805],[-122.527229908745,47.0102139909051],[-122.531755051116,47.0102088002251],[-122.531749009217,47.0107638015705],[-122.531510300644,47.0107638666562],[-122.531755234172,47.0108737056435],[-122.534518565356,47.0121066289925],[-122.535510729197,47.0120958920139],[-122.53721666911,47.012077390177],[-122.53853486196,47.0120468485211],[-122.539108599622,47.0120335496491],[-122.539385971196,47.0120271074526],[-122.540156468104,47.0120092251446],[-122.54020655392,47.0119095980041],[-122.540266190111,47.0117909587834],[-122.540318063675,47.0116877611814],[-122.540444040823,47.0114529967072],[-122.540576628717,47.0112202821432],[-122.540773887394,47.0108378455977],[-122.540966119397,47.0108397914897],[-122.542312055571,47.0108533134859],[-122.547800377665,47.0108879998369],[-122.547810618905,47.0104205809046],[-122.547810927473,47.0104064222521],[-122.547812200505,47.0103491292272],[-122.547862615363,47.0080479489924],[-122.547866034315,47.0078908345899],[-122.547870655517,47.0076798579743],[-122.547876625176,47.0074072530077],[-122.547870137038,47.0067557580422],[-122.547841754648,47.0057398308233],[-122.547810443796,47.0046721117446],[-122.54780109564,47.0043533515652],[-122.547801082213,47.0043529028049],[-122.547789205413,47.0039480488641],[-122.547775611526,47.0034846358263],[-122.547774969315,47.0034627529856],[-122.547786875337,47.0034612644296],[-122.547789000272,47.0034609987538],[-122.548186000387,47.0034589992839],[-122.552212999872,47.0034379988704],[-122.552289999816,47.0034379994483],[-122.552290913163,47.0034382207159],[-122.552472000398,47.003481998665],[-122.553104999747,47.0034769987027],[-122.553167999974,47.0034259992622],[-122.553185000322,47.0034139991625],[-122.553220999618,47.0033389995609],[-122.553220999868,47.0032759994406],[-122.553219999476,47.0031949987314],[-122.553219000494,47.0031089994791],[-122.553212000555,47.0024709994907],[-122.553216000103,47.0021919986959],[-122.553256999378,47.002088998756],[-122.553324000624,47.0020569990227],[-122.553418000823,47.0020479995988],[-122.55365399963,47.0020439986087],[-122.558690123514,47.001981060278],[-122.5586953594,47.0019795289785],[-122.558737000611,47.0018089991066],[-122.558632000201,47.0015489988625],[-122.558559999552,47.0013919994612],[-122.55854964518,47.0012944928356],[-122.558544158513,47.0012797625479],[-122.558495654408,47.0010194013529],[-122.558466144031,47.0006505246534],[-122.558432663615,47.000379335768],[-122.558465788767,46.9996808039715],[-122.558451703978,46.9993116516595],[-122.558442966402,46.998526782402],[-122.558470263274,46.9980790491747],[-122.558522571916,46.9975292478791],[-122.558587740543,46.9964581058128],[-122.55856393542,46.99588462099],[-122.558451002511,46.9948957900096],[-122.558449137471,46.9946451553359],[-122.558455932445,46.994317842046],[-122.558450973532,46.9938337377947],[-122.558478925568,46.9932907887155],[-122.558499032085,46.9926504444838],[-122.558483482205,46.9893973904047],[-122.558508568745,46.9885963534497],[-122.558516841684,46.9883321897441],[-122.558534659921,46.9879660317713],[-122.55846072473,46.9874873560605],[-122.558371283765,46.9869930207772],[-122.558364783888,46.9868730551297],[-122.558371640197,46.9867575142883],[-122.558390279374,46.9866619497227],[-122.558432316079,46.9865209021002],[-122.558675979034,46.9859063779395],[-122.558986832873,46.9852378248772],[-122.559692547755,46.983775265403],[-122.560315032106,46.9825659804709],[-122.56024919077,46.9825462300729],[-122.560378052898,46.9824435927815],[-122.560943818633,46.9816620497552],[-122.561436290614,46.9810018150955],[-122.561746435279,46.9805628412],[-122.562534792407,46.9795590576542],[-122.563428713907,46.9784544979821],[-122.564111316672,46.9775551241351],[-122.564275140585,46.9772543149256],[-122.564592708498,46.9767171975174],[-122.564684390087,46.9764948649724],[-122.564784998767,46.9761780450785],[-122.564953752684,46.9758428885968],[-122.56514419088,46.9755623647737],[-122.565123310556,46.9754565085773],[-122.565649331925,46.9740484965288],[-122.56556219949,46.9740502232835],[-122.567859593283,46.9703752723767],[-122.568684421976,46.9690930698465],[-122.56327497167,46.9674782366569],[-122.563580900647,46.9671944660504],[-122.564032007123,46.9668396834691],[-122.564319256312,46.9666137667592],[-122.56462682157,46.9663793350169],[-122.56511772707,46.9665051551386],[-122.565304450268,46.9665421007553],[-122.565681479089,46.9665787051237],[-122.565961867079,46.9665891191727],[-122.566381456992,46.9665599795394],[-122.566556797781,46.9665350552482],[-122.566781084334,46.9664940027645],[-122.566920035485,46.9664604878962],[-122.567487252849,46.9662708165855],[-122.567745435231,46.9661732814171],[-122.568301858898,46.9659373350481],[-122.568696622519,46.9657446092904],[-122.568931713905,46.9656197013645],[-122.569170487093,46.9654852905189],[-122.569355645561,46.9653643506092],[-122.569716803582,46.9651041466603],[-122.570198218499,46.9646899085876],[-122.570294981019,46.9646262624764],[-122.570499743484,46.9645329452358],[-122.570714168692,46.9644701191784],[-122.57092459653,46.964420036903],[-122.571193717237,46.9643594908765],[-122.57154403343,46.9643005557814],[-122.571651702849,46.9642737690437],[-122.571821445006,46.9642211799493],[-122.571897524339,46.9642074686392],[-122.57216830661,46.9641902549002],[-122.572471585878,46.9641971416746],[-122.572729538597,46.9642110147258],[-122.572884276875,46.9642361798289],[-122.572953907399,46.9642528102946],[-122.573062580526,46.9642886787463],[-122.57327029201,46.9643901843333],[-122.57348914488,46.9645595667764],[-122.573602401268,46.9646782148968],[-122.573678273433,46.9647759486973],[-122.573839056959,46.9650763061764],[-122.573936030968,46.965359297092],[-122.574006730613,46.9656738110955],[-122.574053115238,46.9658246838119],[-122.574088191488,46.965916953263],[-122.574271041654,46.966322183893],[-122.574343624354,46.9664384916976],[-122.574415014868,46.9665362785793],[-122.574602447182,46.9667092968486],[-122.574695986747,46.9667849334387],[-122.574890809775,46.9669146187736],[-122.575039523642,46.9669985870465],[-122.575116339577,46.9670425432382],[-122.575256088207,46.9671278244695],[-122.575426461162,46.9672082208884],[-122.57570217259,46.9673177677798],[-122.575880964529,46.9673826243422],[-122.576635601438,46.9676013173535],[-122.577166311692,46.9677650437264],[-122.577693331879,46.9679504478121],[-122.578032912527,46.9680806154287],[-122.57834939234,46.9681955932749],[-122.578787708221,46.9683300119387],[-122.579008274344,46.9683973182622],[-122.579300861204,46.9684786025939],[-122.579537526975,46.9685238668977],[-122.580032770082,46.9685860765341],[-122.580313776805,46.9685996815831],[-122.580512499224,46.9685960928006],[-122.580778769782,46.9685787758307],[-122.581003689739,46.9685531265851],[-122.58124646515,46.9685115193794],[-122.581716576065,46.9683885103915],[-122.581854289167,46.9683364854189],[-122.582232959057,46.9681811970999],[-122.582362062664,46.9681262279418],[-122.582539619006,46.9680424319907],[-122.582896560163,46.9678038767586],[-122.583037285264,46.967699160053],[-122.583150705492,46.9675887657318],[-122.583249873601,46.9674724567311],[-122.583345677,46.9673717891244],[-122.583481521091,46.967257916604],[-122.583820613074,46.9669080728604],[-122.583898850855,46.966833998441],[-122.584282410342,46.966454000506],[-122.584431622571,46.9663367854251],[-122.584511153583,46.9662952182415],[-122.584578906228,46.9662661514212],[-122.584620015499,46.9662485119028],[-122.584850308652,46.9661807362232],[-122.584998613736,46.9661562738182],[-122.58531809664,46.9661165610572],[-122.585512088167,46.9661068776396],[-122.585938649589,46.9661423545774],[-122.586080223703,46.9661769843144],[-122.586254419861,46.966238809004],[-122.586345763779,46.9662810676292],[-122.586650175462,46.96642364227],[-122.586816921231,46.9665258660338],[-122.586947750298,46.9666318394436],[-122.587093227587,46.9667684327065],[-122.587389871556,46.9670695750112],[-122.587460882288,46.9671579256043],[-122.587596618087,46.9673906676461],[-122.587664948173,46.9675257233787],[-122.587790622706,46.967848476611],[-122.587862299585,46.9680700371649],[-122.587970457181,46.968523065626],[-122.588001612766,46.9687453325372],[-122.588013871189,46.9689462186089],[-122.587986567014,46.969172644258],[-122.587963249802,46.9692690674006],[-122.587856370806,46.9695763967162],[-122.587845274191,46.9696116792554],[-122.587756913773,46.9697866037156],[-122.587439749182,46.9702380689503],[-122.587332059213,46.970367042643],[-122.587278739292,46.9704171339475],[-122.587069861317,46.9706069942941],[-122.586968857656,46.9706892186463],[-122.586669425046,46.9708989867257],[-122.586493056551,46.9710135967939],[-122.586285135063,46.9711288048652],[-122.586062724115,46.9712195901171],[-122.585700872984,46.9713437288509],[-122.585284721149,46.9714501703186],[-122.585082978262,46.9714910152028],[-122.584893370282,46.9715098888456],[-122.584591408982,46.9715247885908],[-122.584352226732,46.9715445311969],[-122.584097994639,46.9715242801619],[-122.583844052363,46.9714980164323],[-122.583549501875,46.971484829509],[-122.583249985537,46.971459224128],[-122.58278197938,46.9714027077055],[-122.582632262166,46.9713774647248],[-122.582478221237,46.9713710055551],[-122.582069473466,46.971331929471],[-122.581769648014,46.9712972466731],[-122.581455883351,46.9712533517643],[-122.580270301153,46.9711107152183],[-122.57996948052,46.971051168455],[-122.579741014075,46.9709839787252],[-122.579236816954,46.9708074142442],[-122.579021332407,46.9707401802677],[-122.578802359361,46.9706853248818],[-122.578569014387,46.9706089502792],[-122.578326858887,46.9705514399859],[-122.578010827142,46.9704671742429],[-122.577851764109,46.9704269799481],[-122.577573973073,46.9703670116621],[-122.577241639973,46.9703078616134],[-122.577073948489,46.9702985422506],[-122.576898237534,46.9703140530419],[-122.57670934894,46.9703515792144],[-122.576503435663,46.9704017548465],[-122.576297836868,46.9704611681755],[-122.575931885737,46.9705822786509],[-122.575660733315,46.9707022000012],[-122.5755367103,46.9707781353377],[-122.575440061785,46.9708573622579],[-122.575370363454,46.9709205249323],[-122.575305900034,46.9710020796327],[-122.575200629903,46.9712083189539],[-122.575150811297,46.9713206315708],[-122.575118574491,46.9714326554482],[-122.575099994886,46.971535161605],[-122.575100224719,46.9716589155897],[-122.575109385529,46.9717794364201],[-122.57513700195,46.9719119956933],[-122.575153038863,46.9719768496234],[-122.575204034229,46.9721182035185],[-122.575279202,46.9723150221187],[-122.57537814613,46.9725299256049],[-122.575462555432,46.9727325844806],[-122.57569370212,46.9732205997104],[-122.575954071277,46.973751452906],[-122.576051069956,46.9739291704675],[-122.576265131246,46.974194635193],[-122.57670582704,46.9747251443222],[-122.576894014438,46.9749168523724],[-122.577292659671,46.9753956735183],[-122.577474252995,46.9756491860415],[-122.577993097921,46.9762062310976],[-122.578139098189,46.9763553062168],[-122.578326458308,46.9765252477789],[-122.578627158097,46.9768139960849],[-122.578790938692,46.9769564127962],[-122.578934871634,46.9770652307355],[-122.579264113472,46.9772760036513],[-122.579421114437,46.9773598996598],[-122.57986320857,46.9775622706939],[-122.57995054602,46.9775917159057],[-122.580133148706,46.9776379555403],[-122.580377393792,46.9776458886342],[-122.580481279974,46.9776378413808],[-122.5806337886,46.9776040656434],[-122.580813689995,46.9775792024825],[-122.58094385621,46.9775521938223],[-122.581100253412,46.9775029048851],[-122.581223779856,46.9774325954218],[-122.581426339835,46.9772803277846],[-122.581539540753,46.9771761109228],[-122.5820226413,46.976675202136],[-122.582139877577,46.9765146554638],[-122.582300830058,46.9762770939717],[-122.582347186772,46.9761802560091],[-122.582383899888,46.9760806569007],[-122.582557932229,46.9757864382905],[-122.582647225884,46.9756776051768],[-122.582868591896,46.9754002490504],[-122.583014406875,46.975193268746],[-122.58307521105,46.9751333625406],[-122.583190479703,46.9750693992402],[-122.583380283926,46.9749514523296],[-122.583749925735,46.9746785441578],[-122.58416449162,46.9744140663511],[-122.584545808972,46.9742091594813],[-122.584790939293,46.9741241655591],[-122.58510506457,46.9740596739727],[-122.5853159924,46.9740219270265],[-122.585536641843,46.973989983174],[-122.585668906145,46.9739781536462],[-122.585900824975,46.9739775481313],[-122.586117901574,46.9739952313092],[-122.586569477244,46.9740665968471],[-122.586750555444,46.9740994685857],[-122.586941407728,46.9741250035427],[-122.587211406147,46.9741381057135],[-122.587411491696,46.9741308875377],[-122.587938242449,46.9740995641393],[-122.588440786053,46.9741158271768],[-122.588657028267,46.9741119071274],[-122.588926087718,46.9741142156491],[-122.589289339365,46.9740777037774],[-122.589658134531,46.9740539822782],[-122.590016635057,46.9740510725144],[-122.590422434033,46.9740257169926],[-122.591297949773,46.9739988564831],[-122.591662859827,46.9740176037073],[-122.592169286266,46.9740048149118],[-122.592804614652,46.9740474477875],[-122.593152902402,46.9740519283775],[-122.593532666815,46.9740414070202],[-122.594054693193,46.9740175197825],[-122.594528426765,46.9739873215198],[-122.594803492157,46.9739895071239],[-122.595168117165,46.9740008700976],[-122.595633659534,46.9740321748098],[-122.596073451654,46.9740711596479],[-122.596433497715,46.9740935734744],[-122.596863078146,46.9741399274912],[-122.597326000669,46.9742326593924],[-122.597991857175,46.9743904029385],[-122.598275062301,46.9744720026245],[-122.598526749755,46.9745685487064],[-122.598822839359,46.9747114632895],[-122.599561529151,46.9751063378879],[-122.600782413556,46.9758176407332],[-122.601075617611,46.9760147463566],[-122.601247806965,46.9761019562922],[-122.601366048212,46.9761539718037],[-122.601734344779,46.9762591912025],[-122.602640811744,46.9764848769988],[-122.602986400147,46.9765471415524],[-122.603283252055,46.9765814947335],[-122.604208676454,46.9766115826646],[-122.604694100249,46.9765991238977],[-122.605073500628,46.9765777913463],[-122.605284084367,46.9765703235754],[-122.605557391271,46.9765475832906],[-122.605837118768,46.9765312517103],[-122.606253803307,46.9765164486943],[-122.607725906412,46.9764740304659],[-122.607935910998,46.9764640721232],[-122.608311469469,46.9764860005469],[-122.608938140985,46.9765756899344],[-122.609580411069,46.9766542825192],[-122.610243936359,46.9767506404943],[-122.610482824341,46.9767752298531],[-122.610677903226,46.9767678713897],[-122.610872007064,46.9767355418616],[-122.611048246546,46.9766563623473],[-122.61124050409,46.9765768890343],[-122.611329496554,46.9765150514451],[-122.611609970187,46.9763026856144],[-122.611761228957,46.9761228321973],[-122.611815340649,46.976020681803],[-122.611847437092,46.9758935910957],[-122.611889848959,46.975632760188],[-122.611888550822,46.9754592680437],[-122.611856384568,46.9753151972614],[-122.611809108775,46.9751823478553],[-122.611762585916,46.9750820419961],[-122.611600610504,46.9748465438427],[-122.611504149349,46.9746856299532],[-122.611412991516,46.9745065990562],[-122.611376988543,46.9744170718421],[-122.611213496454,46.9740043820754],[-122.611118528547,46.9737278825018],[-122.61107150421,46.9735245354329],[-122.611039862681,46.9733425753656],[-122.611019582975,46.9730935083585],[-122.610984234898,46.972855688207],[-122.61093761548,46.9727518182865],[-122.610881829346,46.9726697031895],[-122.610701262882,46.9723694000556],[-122.610611151817,46.9721821475298],[-122.610522494775,46.9719859272709],[-122.610480470451,46.9718601666699],[-122.610425317935,46.9716661023296],[-122.610385432328,46.9714535720493],[-122.610368732281,46.9712949549522],[-122.610371454267,46.9710960443556],[-122.610400371506,46.9707595100071],[-122.610391188914,46.9705246388838],[-122.610403034191,46.9704012382633],[-122.610429583178,46.9702890887281],[-122.610520370634,46.9700489575163],[-122.610614639749,46.9698845493004],[-122.610765461543,46.969693896737],[-122.610895784145,46.9695180206217],[-122.611035550044,46.9693131708238],[-122.611175968276,46.9690696611128],[-122.611367523091,46.9687209008579],[-122.611559142096,46.9683963599531],[-122.611771979886,46.9681646324228],[-122.611955268359,46.9679970277873],[-122.612071869994,46.9679048945419],[-122.612123132837,46.9678704369231],[-122.612173340113,46.967836683537],[-122.612307130642,46.9677865589703],[-122.612510615563,46.9677511196116],[-122.612685197368,46.96775836868],[-122.612833242988,46.9677796535892],[-122.613154223891,46.9678797241162],[-122.613507547994,46.9680004584342],[-122.613680743723,46.9680643721495],[-122.614238253114,46.9682810342444],[-122.614533873134,46.9684106961179],[-122.614773637359,46.9685096757632],[-122.615034183628,46.9686399802582],[-122.615478269899,46.968814750672],[-122.615691149687,46.9689167722353],[-122.615963089351,46.9690309291609],[-122.6161253997,46.9691338787878],[-122.616343121563,46.9692570954642],[-122.616938517333,46.9695350110832],[-122.617296111244,46.9696741702382],[-122.617577311661,46.9698332194912],[-122.617696442017,46.9699078307437],[-122.617961323617,46.9700461132725],[-122.618094744639,46.9701019478681],[-122.618357542422,46.9701871102832],[-122.618925089254,46.9703409174564],[-122.619066957294,46.9703893811897],[-122.619340921098,46.970484292773],[-122.619547073856,46.9705176938936],[-122.619686838132,46.9705308940817],[-122.619899998539,46.9705376148331],[-122.621054709547,46.9706699632439],[-122.621303115233,46.9706813257554],[-122.621515957426,46.9707023671068],[-122.622315358933,46.9707315843697],[-122.622956434424,46.9707300580486],[-122.623268281518,46.9707243109036],[-122.623584248652,46.9707092433541],[-122.623936739182,46.9707058175256],[-122.624329937682,46.9706931635495],[-122.624551261707,46.9706914138819],[-122.624940395622,46.9707027515277],[-122.62510320753,46.9707028203686],[-122.625370694729,46.9707164004768],[-122.625879187113,46.9707690900536],[-122.626598598648,46.9708671197019],[-122.627029695383,46.9709335219945],[-122.627230699856,46.9709886184341],[-122.627430853504,46.9710221163443],[-122.627627001951,46.971067866151],[-122.628131481374,46.9712351095747],[-122.628516529027,46.9713702987851],[-122.628957540781,46.9715416187844],[-122.62943533906,46.9717433344289],[-122.629630205303,46.9718651387928],[-122.630682277095,46.9726240706156],[-122.631159080848,46.9730021675863],[-122.631317463198,46.9731324337068],[-122.631835376347,46.9735375529489],[-122.631989797132,46.9736678912149],[-122.632157707028,46.9737978150675],[-122.632471193294,46.9740613403477],[-122.63261950804,46.9741638407698],[-122.632753462292,46.974232512109],[-122.63312782356,46.9744391732082],[-122.633517626137,46.9746826023611],[-122.633650800025,46.9747598453212],[-122.633971281429,46.9749435279373],[-122.634156610177,46.9750576839988],[-122.634328939408,46.9751846151809],[-122.634614641533,46.9753277697035],[-122.634826631282,46.9754198439871],[-122.634951493433,46.9754864592883],[-122.635181438921,46.9756251589765],[-122.635400813879,46.975764082118],[-122.635548010788,46.9758765561491],[-122.635742264814,46.9760125153706],[-122.636009252598,46.9761889276671],[-122.636704452693,46.9766296606917],[-122.636876647084,46.9767275985998],[-122.637096722178,46.9768839772212],[-122.63734252473,46.9770433076506],[-122.637637754916,46.9772889717228],[-122.637728657037,46.9773954667382],[-122.637842826961,46.9775713081871],[-122.637937763414,46.9777037579477],[-122.638016919645,46.9778303554947],[-122.638089349212,46.9779894727935],[-122.638165293646,46.978225161991],[-122.638311674975,46.9785817670566],[-122.638364360584,46.9787482724732],[-122.638412898416,46.9789496616648],[-122.638440487484,46.9791270825115],[-122.638453337259,46.9794513861866],[-122.638384673324,46.9801713057049],[-122.638384913711,46.9803038113402],[-122.638364473643,46.9804332721216],[-122.638343659373,46.9805522895949],[-122.63830805846,46.9806784393106],[-122.638050129555,46.9812484308618],[-122.637940993505,46.9814527736873],[-122.637826578243,46.9816503287859],[-122.637682152191,46.981862320761],[-122.637532068019,46.9820569442863],[-122.63736768441,46.9822831843517],[-122.637286713424,46.9824276747133],[-122.637216636287,46.9825820566013],[-122.6371248176,46.9827167906902],[-122.636959189756,46.9829117021719],[-122.636841727569,46.9830324843832],[-122.636465512322,46.9834510892179],[-122.63609220126,46.9838034526127],[-122.635885578854,46.9839886440851],[-122.635757030903,46.9840957782891],[-122.635580314918,46.9842629430514],[-122.635423726609,46.9844333269114],[-122.635312329961,46.9845819729538],[-122.635082018384,46.9848128595668],[-122.634638823484,46.9852117705992],[-122.634481231956,46.9853437708658],[-122.634329230612,46.9855036176107],[-122.634022981602,46.9857534089327],[-122.633855504047,46.9859030908289],[-122.633785869628,46.9859565503854],[-122.63338105115,46.9862711967715],[-122.633247938589,46.9863888628969],[-122.632904274432,46.9867195733865],[-122.632679742314,46.9869714404042],[-122.63218810234,46.9874375893744],[-122.632011047837,46.9875977314177],[-122.631874024567,46.9877433912005],[-122.63168877622,46.9879630141481],[-122.631569863685,46.9881745245379],[-122.631387649373,46.9884710295569],[-122.631358632999,46.9885350918854],[-122.63130793092,46.9886468426688],[-122.631254418645,46.9888396713366],[-122.631235648397,46.9890109288305],[-122.63124661409,46.9895839106713],[-122.631255466638,46.9898932833521],[-122.631252745947,46.9900781227934],[-122.631225607889,46.9903054356018],[-122.631183425059,46.9907841665044],[-122.631171339677,46.9909866787823],[-122.631170757901,46.9912378299568],[-122.631201103479,46.9918792721733],[-122.63125234665,46.9921363495994],[-122.631265019928,46.99245719956],[-122.631329837742,46.9929442373093],[-122.631357660362,46.9933187596217],[-122.631335616421,46.993990711322],[-122.63135122789,46.9942590625303],[-122.631344711735,46.9947405619389],[-122.631292945206,46.9949787794705],[-122.631230236612,46.9951926788668],[-122.631151204936,46.9953861428925],[-122.631057036101,46.9955901731434],[-122.630926522609,46.9957976993439],[-122.630850891898,46.995914903053],[-122.630704752245,46.996085113812],[-122.630572427505,46.9962234976886],[-122.630424910419,46.996358898437],[-122.630017471575,46.9967639842604],[-122.629966654029,46.9968862973665],[-122.629930880085,46.9970331819888],[-122.629935898626,46.9971603042303],[-122.630025411579,46.9975500339006],[-122.630273736803,46.9980638247585],[-122.630331723112,46.9982378049219],[-122.630441532475,46.9984296700705],[-122.63049248195,46.9985401447629],[-122.630630214076,46.9987283955159],[-122.63077998807,46.9988783781709],[-122.631058821776,46.9991116909021],[-122.631478428257,46.9994953160623],[-122.631622649904,46.9996071646515],[-122.631850515894,46.9998075704867],[-122.631938909052,46.9998874267729],[-122.632131683145,47.0000093491278],[-122.632304376519,47.0001050634352],[-122.632476254038,47.000194291648],[-122.632653435411,47.0002767288145],[-122.632816829722,47.0003318552646],[-122.632999800039,47.0003791580111],[-122.633286211678,47.0004366156599],[-122.63388306636,47.0005244767751],[-122.635246669618,47.0006245477205],[-122.635488096891,47.0006332685331],[-122.635964856854,47.0006244348935],[-122.636466531802,47.0006250939361],[-122.637024499802,47.0007169237229],[-122.637252130909,47.0007457826568],[-122.637329513064,47.0007478313185],[-122.637565929351,47.0007464645511],[-122.63778659285,47.0007259428389],[-122.638046484479,47.000707901178],[-122.63847569361,47.000713160485],[-122.638586782903,47.0007210282222],[-122.638718030852,47.0007448152064],[-122.63895162782,47.0007967099268],[-122.639293387375,47.0009089989201],[-122.639503205816,47.000967861962],[-122.639698610097,47.0010302290968],[-122.639948404614,47.001124500722],[-122.640229598876,47.00127650347],[-122.640646075531,47.0014912738548],[-122.641089923779,47.0018025788226],[-122.641333886404,47.0019881573857],[-122.641498120876,47.0020984436415],[-122.641620807437,47.0022094733502],[-122.641731311349,47.0023166152081],[-122.641836927345,47.0024399755083],[-122.641947438688,47.0025472816045],[-122.642063349259,47.0026380578258],[-122.642372384983,47.0028224250234],[-122.642547162791,47.0029083209354],[-122.642721328043,47.0029777711047],[-122.64305119839,47.003093012094],[-122.643805539201,47.0033217322797],[-122.644116901054,47.0034251371044],[-122.644376139947,47.0035416881379],[-122.644969945653,47.0037531724717],[-122.645394941523,47.0038908018059],[-122.646190675577,47.0042644671957],[-122.646604419582,47.0044103655393],[-122.64732143056,47.0047450045273],[-122.647695445998,47.0049362116085],[-122.647943968654,47.0050853482256],[-122.64819769341,47.0052140081354],[-122.648368605322,47.0053524118979],[-122.648461260101,47.005451843226],[-122.648598568168,47.005627408737],[-122.648743813832,47.0058633069584],[-122.648821534109,47.0060276389912],[-122.648945750319,47.0064784250722],[-122.6490020091,47.0067079447666],[-122.649167458862,47.0071498969467],[-122.649281730413,47.0073378770906],[-122.649432635427,47.0075656596664],[-122.64957499782,47.007728951595],[-122.650069772032,47.0081201886485],[-122.650264580826,47.008266208746],[-122.650549794645,47.0084429352856],[-122.650779177073,47.0085639789141],[-122.65106738614,47.0086638749309],[-122.651233918448,47.0086929966694],[-122.651691813269,47.0087492387941],[-122.651993787982,47.0087679590238],[-122.65215374334,47.0087689228418],[-122.652417792151,47.0087154711813],[-122.652534666464,47.0086808952747],[-122.652690715202,47.0085970380031],[-122.65284047001,47.0084931105117],[-122.653073858108,47.0082622976501],[-122.653203282089,47.0081021636847],[-122.653258710044,47.0080080332512],[-122.653307727949,47.0079059866135],[-122.653350652118,47.0077879257393],[-122.653397051026,47.0075790916372],[-122.653447191728,47.0073936946126],[-122.653463350871,47.0073635770542],[-122.653491044541,47.0073119598659],[-122.653608445498,47.007152076534],[-122.653754958806,47.0069550861692],[-122.653947610872,47.0068832705471],[-122.654136327275,47.0068394512433],[-122.654343085787,47.0067584289056],[-122.65514610604,47.0065219294452],[-122.655608516769,47.0064155812098],[-122.65608006098,47.0063501770775],[-122.656557010517,47.0063347815392],[-122.65675672994,47.0063255324505],[-122.656881519731,47.0062494676081],[-122.65706886388,47.0061724246887],[-122.657280212715,47.0060679973669],[-122.657457030892,47.0059644073486],[-122.657619296492,47.0058609248449],[-122.657965598168,47.0055967729424],[-122.658281379982,47.0052965182654],[-122.658500942375,47.0050347385112],[-122.658598548949,47.0049057217697],[-122.658687438784,47.0048104409214],[-122.658833240216,47.0046704003419],[-122.658976220355,47.0045741070746],[-122.659186758362,47.0044496673583],[-122.659392882301,47.0043521899709],[-122.6595557716,47.0042654797824],[-122.659724284265,47.0041920488891],[-122.659926825901,47.0041313386965],[-122.660492876374,47.0039734639754],[-122.660721307143,47.0039324816226],[-122.660906153678,47.0039055372664],[-122.661028972074,47.0038936346414],[-122.661118503315,47.0039015563892],[-122.661237110928,47.0039346340887],[-122.661438815502,47.0040402404182],[-122.661530536531,47.0041028143504],[-122.661690673695,47.0042347082992],[-122.661839377582,47.0044184659191],[-122.661888933703,47.00449140339],[-122.661936158341,47.004606241257],[-122.662364912406,47.0060186754288],[-122.662462721941,47.0063770408881],[-122.66252779954,47.0065880395062],[-122.66261197808,47.0068113802966],[-122.662667170459,47.0070258280706],[-122.662742679675,47.0072589584922],[-122.662800690315,47.0074186600668],[-122.662872634968,47.0075748640911],[-122.662941982518,47.0077792813531],[-122.663066505657,47.0080726595693],[-122.663174097378,47.0084177839748],[-122.663262735215,47.0086282031896],[-122.663479274839,47.0091031083549],[-122.663516963448,47.0092309616392],[-122.663579383488,47.0093745065603],[-122.663587758997,47.0094723535581],[-122.66358377345,47.0096089162198],[-122.663596128468,47.009791966385],[-122.663593421627,47.0099624069475],[-122.663577236586,47.0100078042546],[-122.663496465315,47.0101315441729],[-122.663457984162,47.0102099462726],[-122.663410467585,47.0103119693006],[-122.663395102036,47.0103688165872],[-122.663385149798,47.0104226270936],[-122.663366499259,47.0105785004534],[-122.663377748885,47.0107710066795],[-122.66339534694,47.0108718077856],[-122.663671002217,47.011108697723],[-122.663802475878,47.0112121885599],[-122.663925915556,47.0113283108663],[-122.66400193962,47.0114110637485],[-122.664142333787,47.0114989447029],[-122.664416560156,47.0116371147519],[-122.664937975885,47.0119141235896],[-122.665118257391,47.0120115951816],[-122.665460629133,47.0122098141483],[-122.665573449176,47.0122980195989],[-122.665807112106,47.0124494832222],[-122.665999184553,47.0125828287819],[-122.666200563721,47.0127102110682],[-122.666520519534,47.0129512267948],[-122.666806772009,47.0131887596147],[-122.666931766101,47.0133043559014],[-122.667044027055,47.0133665404635],[-122.667155282767,47.0134037004255],[-122.667325259148,47.0134790347665],[-122.66751785882,47.0135933592862],[-122.667651820482,47.0136835788172],[-122.667884798136,47.0138935028616],[-122.668024586159,47.0139909634455],[-122.668205638716,47.0140803240018],[-122.668407162506,47.014155200948],[-122.66863558992,47.0142508571129],[-122.668904472424,47.0143173069283],[-122.669077505275,47.0143318807451],[-122.669228164986,47.0143146459432],[-122.669403380544,47.0142578354217],[-122.669546921177,47.014187274098],[-122.669675008693,47.0141313491353],[-122.669835063118,47.0140854926518],[-122.670019868178,47.0140069136346],[-122.670186064906,47.0139751765253],[-122.670383623808,47.0139644087016],[-122.670572310321,47.0139823059699],[-122.670725454572,47.0140258606681],[-122.670873873387,47.0140765528996],[-122.671022768056,47.0141380433675],[-122.671114858538,47.014222026095],[-122.671218496018,47.0143308333499],[-122.671394806578,47.0145632399081],[-122.671487614537,47.0146650101227],[-122.671585526641,47.0147560956327],[-122.671714779387,47.0148536128935],[-122.671838936141,47.0149620059624],[-122.671963035605,47.0150560276242],[-122.672093481939,47.015182130936],[-122.672269040186,47.0153967205826],[-122.67263579625,47.0158147981216],[-122.672728368037,47.0159095779331],[-122.673208058791,47.0165433957458],[-122.673499195981,47.0168879870167],[-122.67379197066,47.0172860065211],[-122.673981673217,47.0175894716755],[-122.674418951744,47.0183384375207],[-122.674680681387,47.0187370671885],[-122.674754374321,47.0188856604822],[-122.674859209471,47.019148045855],[-122.674953159817,47.0194140373903],[-122.675063176942,47.0198048854995],[-122.675146682183,47.020060459612],[-122.675151146128,47.0201711339654],[-122.675130277264,47.0203000882822],[-122.675107066527,47.0203720066046],[-122.675068190358,47.0204512702684],[-122.674957908335,47.0205640821153],[-122.674679359069,47.0207800467948],[-122.674546164451,47.0208468524348],[-122.674406804745,47.0208851383727],[-122.674287524649,47.0208981675228],[-122.67411662404,47.0209370478337],[-122.673543966178,47.0211086602961],[-122.673316188876,47.0211664404385],[-122.673100262682,47.0212455835379],[-122.67295155289,47.0213126804819],[-122.672787530557,47.0213978938933],[-122.672676130954,47.0214821155645],[-122.672534869167,47.0216474594665],[-122.672473930745,47.0217546766747],[-122.672402518743,47.0218717731022],[-122.672327113347,47.0219793167971],[-122.67224492234,47.0220418947283],[-122.672204279593,47.0221053362369],[-122.672169902831,47.0221590320619],[-122.672139686715,47.0222303958887],[-122.672113351693,47.0223851806618],[-122.672122924848,47.0225103238526],[-122.672225773759,47.0228490290944],[-122.672372958557,47.0232288933158],[-122.672433208884,47.0234430496424],[-122.672490393594,47.0236926198536],[-122.672516591829,47.0238819082609],[-122.672509158733,47.0241583971711],[-122.67249581366,47.0243000729525],[-122.672469129912,47.0244581291679],[-122.672419573349,47.0246229515649],[-122.672351279986,47.0247946275927],[-122.672284278447,47.0249983718604],[-122.672244296421,47.0251758508843],[-122.672221971677,47.0253176957186],[-122.672192956057,47.025642948261],[-122.672219274686,47.0259477666401],[-122.672247461307,47.0260629588981],[-122.672407645794,47.0264297137413],[-122.672532870962,47.0266137076132],[-122.672641563473,47.0267467488978],[-122.672789188499,47.0269141924485],[-122.672906477659,47.0270246345066],[-122.673080447957,47.0271370516659],[-122.673214827223,47.0272116781061],[-122.67344408479,47.0273004515428],[-122.673730292946,47.0273978892589],[-122.673981918795,47.0274703039868],[-122.674086434354,47.0274876986804],[-122.67420816758,47.0274854037134],[-122.674334104891,47.0274749654641],[-122.674484293312,47.0274690613687],[-122.674680924648,47.0274459886785],[-122.674824670965,47.0274046854359],[-122.675047161808,47.0273266224731],[-122.675259464596,47.0272197591835],[-122.675488118779,47.0270707575845],[-122.675744272163,47.0268955076024],[-122.675942925842,47.0266860414501],[-122.676185236268,47.0263974671892],[-122.676225186062,47.0263496994603],[-122.676356799411,47.0262314926546],[-122.676430141454,47.0261851790036],[-122.676698940657,47.0260868465677],[-122.676941623179,47.0260371723884],[-122.677203259179,47.025996931524],[-122.677549025432,47.0259550746203],[-122.677858359404,47.0259298682121],[-122.678059098377,47.0259212769396],[-122.678268628979,47.0259943127952],[-122.678448846665,47.0260496893095],[-122.678853988602,47.0262721116318],[-122.678984495062,47.0264006198875],[-122.679070033005,47.026556885741],[-122.679190107818,47.0267488436776],[-122.679337575051,47.0271341799046],[-122.679378301642,47.0273230276366],[-122.679424280004,47.0274800416375],[-122.679496254698,47.0276232054891],[-122.679651176292,47.0278594048574],[-122.679698765446,47.0279202759182],[-122.680084503313,47.0284560283615],[-122.680251991017,47.0288411766965],[-122.680292527052,47.0290252004326],[-122.680468523364,47.0295085763032],[-122.680583081538,47.0299487057186],[-122.680658469747,47.0302128223505],[-122.680694168278,47.0304259297334],[-122.680733241535,47.0305985163656],[-122.680756012267,47.0307528957308],[-122.680813242122,47.0310024335662],[-122.680831831991,47.0313370472304],[-122.68081941842,47.0315270637547],[-122.680775669595,47.0316971020001],[-122.680548319552,47.032063986564],[-122.680427040806,47.0323148420994],[-122.68019968034,47.0326815614337],[-122.679885679801,47.0330397964185],[-122.679791669463,47.0332071628778],[-122.679723826476,47.033277539579],[-122.679650794128,47.0333445848403],[-122.679547345531,47.0334154420213],[-122.679398104955,47.0334700480663],[-122.679164832286,47.0335676875834],[-122.679056003247,47.0336285514898],[-122.678877811557,47.0337112974965],[-122.678528703898,47.0339457188302],[-122.678332774311,47.0340978926437],[-122.678011849214,47.0343974450308],[-122.677831924458,47.0345734538452],[-122.677311160338,47.0350528440791],[-122.677030696126,47.0352846203798],[-122.676938650118,47.035377723971],[-122.676859210365,47.0354849895571],[-122.676719455878,47.0356505012448],[-122.67645436354,47.0359153668128],[-122.676197648318,47.0362775014402],[-122.676097733225,47.0363993615334],[-122.675904119569,47.0365715388603],[-122.675700108706,47.0367982478255],[-122.675536925334,47.0369928357455],[-122.675355087664,47.0372590625056],[-122.675274549214,47.0374376641831],[-122.675144289439,47.0378258273939],[-122.675199849764,47.0380841761659],[-122.67533225416,47.0383328201409],[-122.675637736688,47.0387820514473],[-122.675738862976,47.0389147106493],[-122.675856073282,47.0390472312211],[-122.675934938417,47.0391621521441],[-122.675997845344,47.0392664032618],[-122.676050947685,47.0393891613605],[-122.676108434617,47.0394972716221],[-122.676134033626,47.0396096040708],[-122.676184702216,47.0399324757231],[-122.676240224702,47.040128067579],[-122.676305339242,47.0402869692874],[-122.676436432876,47.0405028856568],[-122.676566346901,47.0406895304764],[-122.676692140538,47.040898360162],[-122.676812878431,47.0411180927096],[-122.677034357523,47.0415978437957],[-122.677078494208,47.0417717057892],[-122.677179274928,47.0420197647875],[-122.677222663745,47.0422615005294],[-122.677246331165,47.0425127157271],[-122.677265398389,47.0426489795663],[-122.677364513241,47.0429670135651],[-122.677397612562,47.0431030127923],[-122.677506881571,47.043303842779],[-122.677534800614,47.0433582563872],[-122.677797788114,47.0436731966119],[-122.677922357407,47.0438384910801],[-122.67841442602,47.0443231140171],[-122.678584337365,47.0444813800496],[-122.678777556532,47.0446454048762],[-122.678988546277,47.0448152375665],[-122.679436163449,47.0452043383212],[-122.679851419785,47.0455878773602],[-122.680025116588,47.0457273903932],[-122.680376221097,47.0459880238038],[-122.68049699251,47.0460968284702],[-122.680783277314,47.0464274229724],[-122.681077579867,47.0467964304294],[-122.681181967537,47.046946523124],[-122.681270309281,47.04709672711],[-122.681397463769,47.0472887401247],[-122.681481231061,47.0474498374861],[-122.681717544395,47.0477986826591],[-122.681886660226,47.0480111311409],[-122.68197452911,47.0481366854051],[-122.682057775751,47.0482729415127],[-122.682536012443,47.0488470912959],[-122.682975111061,47.0493464124952],[-122.683069056596,47.0494247007658],[-122.683256574462,47.0495958204357],[-122.683467975838,47.0497987437984],[-122.683558857593,47.0499370772227],[-122.683658415414,47.0500666871404],[-122.683839119795,47.050206226911],[-122.68443353438,47.0507497258911],[-122.684602162437,47.0509130003864],[-122.684775560765,47.0510701765357],[-122.684884157906,47.051149392823],[-122.684992458528,47.051203488267],[-122.68509047933,47.0512524584412],[-122.685455850624,47.0514546839515],[-122.685752041596,47.0516084906642],[-122.686487735091,47.0519249063043],[-122.686871987828,47.0520472257196],[-122.687043614974,47.0520863238243],[-122.687765811833,47.0521677830347],[-122.688097961873,47.0522432504049],[-122.688479189132,47.0523047571551],[-122.688770425632,47.0523362615952],[-122.688965262473,47.0523459783803],[-122.689475551722,47.0523677845604],[-122.689648229149,47.052387219155],[-122.689945576721,47.0524169860851],[-122.690252055315,47.0524403261891],[-122.690550681219,47.0524689432614],[-122.691354790906,47.0525541190799],[-122.691661911722,47.0525932141658],[-122.691945759215,47.0526531306697],[-122.692226090998,47.0526877413826],[-122.692254141383,47.0526945868389],[-122.692462695391,47.0527454819224],[-122.692500663944,47.0527613555734],[-122.69281904481,47.0528976346138],[-122.693238725048,47.0530645178835],[-122.693338613171,47.0530910630464],[-122.693397444181,47.0531185806413],[-122.69342583186,47.0531751209218],[-122.693433313179,47.0532356798267],[-122.693410293005,47.0533110260226],[-122.693307685426,47.0534770299565],[-122.69325306461,47.053552976812],[-122.693147124988,47.05363711296],[-122.693046001753,47.0537281795769],[-122.692904456915,47.0538378437961],[-122.692720852234,47.0539484980494],[-122.692573130772,47.0540296427076],[-122.692405661903,47.0541541994335],[-122.692072468794,47.0544245342857],[-122.69179467586,47.0546617511582],[-122.691387285413,47.0550440606257],[-122.69128649891,47.0551316905265],[-122.691171751789,47.0552708229154],[-122.691132511495,47.0553165243036],[-122.690884782711,47.0555175103524],[-122.690759368207,47.0556411011029],[-122.690669475724,47.055749945651],[-122.690621977142,47.0558650071043],[-122.690614511996,47.0559400575419],[-122.690545895938,47.0560411475983],[-122.690445683948,47.0561430008905],[-122.690341385016,47.0562805628056],[-122.690190107031,47.0565332305549],[-122.690132930589,47.0566699246691],[-122.690113041066,47.0567395053497],[-122.690105273192,47.0567666155223],[-122.690099654339,47.0568880953439],[-122.690129550219,47.0571052329144],[-122.690149015873,47.0572010296084],[-122.690184931073,47.057307512562],[-122.690253553696,47.0574524347013],[-122.69036420662,47.0576073651868],[-122.690396168077,47.0576383018565],[-122.690638183288,47.0578691582744],[-122.690754019574,47.0579531139495],[-122.690860653925,47.0580081691854],[-122.690998232879,47.0580484282545],[-122.691097293835,47.0580613315203],[-122.691158960862,47.0580676486622],[-122.691447572093,47.0580683393767],[-122.691589009108,47.0580800534216],[-122.691831915834,47.0581431616996],[-122.69203348443,47.0582142414482],[-122.69220334526,47.0582823300393],[-122.692441011461,47.0583527510071],[-122.692620661681,47.0584029886992],[-122.692825268045,47.0584381870488],[-122.693019170351,47.0584559241693],[-122.693266188707,47.0584976938346],[-122.693492233134,47.0585290549062],[-122.693687586402,47.0585824210935],[-122.693857263426,47.0586469181419],[-122.694049021051,47.0587361747044],[-122.694590236668,47.0589540642993],[-122.695144155148,47.0592255269549],[-122.695517590853,47.0594145399014],[-122.695736288135,47.0595353451979],[-122.695961013543,47.0596701073086],[-122.696106665543,47.0597851155527],[-122.696199492089,47.0598833001234],[-122.696282783656,47.0600065176516],[-122.696323138698,47.0600984872264],[-122.69635073671,47.0602585862416],[-122.696321643839,47.0603198402011],[-122.696257034371,47.0603959786488],[-122.696156490853,47.0604906306488],[-122.695942824273,47.0607622941233],[-122.695842467809,47.0608605617926],[-122.695765408912,47.0609700988132],[-122.695709267063,47.0610521924641],[-122.695677436408,47.0611703864279],[-122.695704594176,47.0613197148279],[-122.695735752684,47.0614440886781],[-122.695772294083,47.0615646020402],[-122.69582272255,47.0616565446486],[-122.695884134621,47.0617481133837],[-122.695969824955,47.0618070192178],[-122.696086547631,47.0618512625152],[-122.696244822374,47.0618946880147],[-122.696318080305,47.0619193782341],[-122.696424915091,47.0619553892197],[-122.696621450097,47.0620373638309],[-122.696770957011,47.0621236622705],[-122.696962618058,47.0622091585536],[-122.697088831091,47.0622281780151],[-122.69722391329,47.0622185839976],[-122.697359801782,47.0622159965795],[-122.697456237032,47.0622066172941],[-122.697950027365,47.062293900818],[-122.698189540657,47.0623479545942],[-122.698485859276,47.0624287110589],[-122.69893342856,47.0625990481862],[-122.699508310369,47.0628191277793],[-122.699707358829,47.0628897214266],[-122.699877065768,47.0629406588533],[-122.70001620971,47.0629695774164],[-122.700202387821,47.0630316651682],[-122.700283604001,47.0630673384963],[-122.700452046008,47.0631983372468],[-122.700541632503,47.0632424078435],[-122.700685639859,47.0632910912551],[-122.700977517769,47.063373983333],[-122.701188772357,47.0634229195806],[-122.701568236895,47.0634998614094],[-122.701716103947,47.0635457270213],[-122.70197941537,47.0636406544063],[-122.702209001663,47.0637334547182],[-122.702439634036,47.0638517985293],[-122.702641425039,47.0639765350485],[-122.702865153277,47.0641351111392],[-122.703006055485,47.0642530820174],[-122.703185619391,47.0644005686542],[-122.703333013003,47.0645319654661],[-122.703530818263,47.064768192723],[-122.703563462342,47.064836141861],[-122.703591973152,47.0649384573686],[-122.703595006239,47.0650126225628],[-122.703573089913,47.0650901985098],[-122.703538698094,47.0652681019322],[-122.703541963165,47.0653479410581],[-122.703560240672,47.0654876446913],[-122.703541402699,47.065542341391],[-122.703493365179,47.0655946881227],[-122.703436717273,47.0656327989616],[-122.70332324476,47.065729266857],[-122.703214892784,47.0658400365914],[-122.703094797194,47.0659708893177],[-122.703039395991,47.0660405193036],[-122.702926853506,47.0661597628449],[-122.702838149674,47.0662356790654],[-122.702691820442,47.0663385878332],[-122.702512337631,47.0664534301736],[-122.702360588509,47.0665219910259],[-122.702072262419,47.0666247022367],[-122.702002575573,47.066663060835],[-122.70188026303,47.0667398092435],[-122.70175486259,47.0668392182378],[-122.701620345157,47.0669247570571],[-122.701445141691,47.067045194362],[-122.701265945469,47.0671543787928],[-122.70109500119,47.0672690830853],[-122.700935872503,47.0673663914735],[-122.700760666027,47.0674868266261],[-122.700578214019,47.0676274516416],[-122.700469495113,47.0677294756859],[-122.700345614631,47.067866212383],[-122.70019828791,47.0680432231288],[-122.700074356167,47.068215124206],[-122.699731070802,47.0687675048336],[-122.699648941056,47.0689309018922],[-122.699520424009,47.0692619776275],[-122.699495167641,47.0693680614552],[-122.699485759282,47.0694453980028],[-122.699494376113,47.069545349666],[-122.699527653345,47.0696475468357],[-122.699597233087,47.0697175362186],[-122.699721845199,47.0697952262865],[-122.699823761904,47.0698332484146],[-122.699950056061,47.0698537992644],[-122.700142706086,47.0698643626492],[-122.700640666691,47.0698691044795],[-122.700924536459,47.0698523636681],[-122.701664970797,47.0697478898249],[-122.701921592161,47.0697157300633],[-122.702160717167,47.0697338243982],[-122.702213273404,47.0697467278447],[-122.702348236643,47.0697799480083],[-122.70251883222,47.0698402722784],[-122.702799820538,47.0699749901057],[-122.702976636929,47.0700892035829],[-122.703206273552,47.0702070717288],[-122.703369683238,47.0703124615361],[-122.703472989839,47.0704099193015],[-122.70355163875,47.0705532702323],[-122.703633244144,47.0707689232843],[-122.703638974777,47.070909030826],[-122.703664764244,47.0710487828128],[-122.703710271723,47.0711926026389],[-122.703890730026,47.0715556911485],[-122.703927821228,47.0716164236577],[-122.703961727171,47.071671923724],[-122.704118805368,47.0718804845793],[-122.704206895359,47.071997432625],[-122.70452365758,47.0724663980747],[-122.704628497025,47.0726001701412],[-122.704726281371,47.0727076887816],[-122.704767605966,47.0727982655128],[-122.70478709795,47.0728693732294],[-122.70489747316,47.0730157384099],[-122.705085427471,47.073206537061],[-122.705155839836,47.0732965859292],[-122.70522345053,47.0734152959371],[-122.705274142377,47.0735257441457],[-122.705280607713,47.0735856079022],[-122.705560924266,47.0740945461241],[-122.705761876806,47.0745163771599],[-122.705828364466,47.0747066160184],[-122.705891409783,47.0749225941853],[-122.705898775147,47.075102470362],[-122.705912891952,47.0752393453996],[-122.705911566802,47.0753050355192],[-122.705880988334,47.0754770240926],[-122.705891937808,47.0755483225613],[-122.705911554899,47.0756106780996],[-122.705978668441,47.0757180961358],[-122.706107917151,47.0758770734254],[-122.706242892383,47.0760415089393],[-122.706366853733,47.0762134780989],[-122.706507556034,47.0763765689933],[-122.706687042625,47.0766787802022],[-122.70676858166,47.0768315090438],[-122.706889939578,47.0770378416782],[-122.707098728836,47.0773309339126],[-122.707194344383,47.0774234060675],[-122.707652050579,47.0777775668707],[-122.707978620627,47.0779826884875],[-122.708010963199,47.078011610892],[-122.708091158341,47.078083394375],[-122.708183154721,47.0781844931029],[-122.708223478763,47.078249387604],[-122.708279206323,47.0783854663327],[-122.708296917425,47.0785109443974],[-122.708280429997,47.0786112108499],[-122.708233979844,47.0788121669093],[-122.708189558333,47.078952904334],[-122.708165736276,47.0790819197818],[-122.708111723395,47.079197305048],[-122.708040708689,47.0793015219134],[-122.707937685791,47.0794320521941],[-122.707626783449,47.0797093811145],[-122.707493336044,47.0798206336417],[-122.707122067355,47.0800447509086],[-122.706827130116,47.080147433614],[-122.706668847707,47.0802406184433],[-122.706348712183,47.0804761263694],[-122.706157742134,47.0806330218339],[-122.706035305485,47.0807279341542],[-122.705956054436,47.0808400147794],[-122.705890035947,47.0809928487912],[-122.705859440793,47.0811399866537],[-122.705786536581,47.0814071114944],[-122.705743897004,47.0816190189535],[-122.70572888833,47.0817280892496],[-122.705728217753,47.081919611045],[-122.705716972018,47.0821598018474],[-122.705732654151,47.0823338683489],[-122.705741028901,47.082636441403],[-122.705734577233,47.0828966459699],[-122.705744019982,47.0830164397691],[-122.705835661056,47.0833176143524],[-122.705983699526,47.0836603898176],[-122.706059821585,47.0837904301299],[-122.70611313421,47.0838665415568],[-122.706219641616,47.0840158860043],[-122.706334544712,47.0841623281087],[-122.706463522467,47.0843455290807],[-122.70656012848,47.0844609411349],[-122.706783252347,47.0846994230328],[-122.706957040867,47.0848618540516],[-122.707113247044,47.0849989477389],[-122.707205564502,47.0851085991739],[-122.707313641375,47.0852951065705],[-122.707364628584,47.0854711855379],[-122.707380691023,47.0855965852623],[-122.70736831941,47.0857111456229],[-122.707330450611,47.0858032623266],[-122.707266765838,47.0858788674653],[-122.707137036149,47.0859842067063],[-122.706974705081,47.086101496329],[-122.706831752898,47.0861899440554],[-122.706716856478,47.0862408265674],[-122.706439880568,47.0863289007877],[-122.706308333049,47.0863771933617],[-122.706188234388,47.086410867917],[-122.706022510964,47.0864454130402],[-122.705842891404,47.0864603377326],[-122.705688522553,47.0864661944864],[-122.705551539337,47.0864916051432],[-122.705349228186,47.0865525494022],[-122.705188647049,47.0866156305886],[-122.704872357972,47.0867617233977],[-122.704560091308,47.0868962734871],[-122.704322149575,47.0870178835163],[-122.704130803241,47.0871387949377],[-122.703995920057,47.0872155925045],[-122.703774137619,47.0873170335228],[-122.703460723206,47.0874344596304],[-122.702613177747,47.087676234268],[-122.702393732157,47.0877347571741],[-122.70218658752,47.0877759019821],[-122.701857916068,47.0878267701956],[-122.701114174293,47.0879448248631],[-122.700685188335,47.0879987810016],[-122.700360779164,47.088044900476],[-122.699729250441,47.0881426495904],[-122.699481136155,47.0882132065713],[-122.699236445247,47.0882692965595],[-122.698942294044,47.0883434713282],[-122.698735255116,47.0883873507124],[-122.698511981426,47.0884516164879],[-122.698189783643,47.0885520241614],[-122.697962552689,47.0886305725919],[-122.697753123095,47.0887261169967],[-122.697617996871,47.0887972611154],[-122.697492035954,47.0888853733601],[-122.697362319619,47.0889907002111],[-122.69723907409,47.0891443978953],[-122.697100640614,47.0893441908256],[-122.696994903784,47.0895205400857],[-122.696930676539,47.0896817272561],[-122.696882616854,47.089845486227],[-122.696864292932,47.0900116142648],[-122.696859918768,47.0902115716845],[-122.696875763965,47.0903912848338],[-122.696918944658,47.0906248151165],[-122.697039643838,47.0909254143578],[-122.697342676994,47.0915853176585],[-122.697436745912,47.0919349724863],[-122.697498910095,47.0922281271507],[-122.69751462501,47.0924164015015],[-122.697520328612,47.092556179465],[-122.697554048282,47.0929642265321],[-122.697549495661,47.0930613287631],[-122.697533207888,47.0931788964935],[-122.697483754287,47.0933941389573],[-122.697420907248,47.0936010505089],[-122.697196108605,47.0941453184588],[-122.697162460552,47.0942430022358],[-122.69706471343,47.0944077064162],[-122.696954135503,47.0945640968433],[-122.696462902749,47.0952478604569],[-122.696276511243,47.0954914075692],[-122.69615189691,47.0957222862264],[-122.696057968105,47.0958812664248],[-122.695987162009,47.0959867873285],[-122.695943429562,47.0960519673533],[-122.695870451564,47.0962076414935],[-122.695840429191,47.0962968346328],[-122.695804747166,47.0964432422708],[-122.695814986344,47.0966943493017],[-122.695865456604,47.0969105979319],[-122.695914701343,47.0970839984665],[-122.696004149643,47.0972336760417],[-122.696066242319,47.0973153030761],[-122.696183451914,47.0974188391444],[-122.696351951543,47.0975498703203],[-122.696554552284,47.0976917178146],[-122.696777633704,47.0978304607341],[-122.696948751891,47.097927155351],[-122.697191460199,47.098031045363],[-122.697526878713,47.0981419204184],[-122.697940688046,47.0982425538349],[-122.698392944722,47.0982764595027],[-122.698852962527,47.0983400578252],[-122.699192059376,47.098369751847],[-122.699431128182,47.0983833837071],[-122.699665271816,47.0984377037135],[-122.700005406678,47.0985035809979],[-122.700793564742,47.0988327941212],[-122.70143338228,47.0991067084349],[-122.701730969616,47.0992065529343],[-122.701864306971,47.0992512981208],[-122.702442380074,47.0994452491549],[-122.703556261337,47.0997815893473],[-122.705095868288,47.1002887898485],[-122.706319016627,47.1007303458144],[-122.707926975432,47.1016296156829],[-122.709222893909,47.1025706832807],[-122.710576944552,47.103653582068],[-122.711887595687,47.1049519278055],[-122.713474482622,47.106602555508],[-122.714903443564,47.1082205604124],[-122.716163108097,47.1095554949625],[-122.717641474682,47.111101012339],[-122.719339436986,47.1128925807691],[-122.71987065944,47.1134047817591],[-122.720430513575,47.1139445994283],[-122.721309875097,47.1149291735839],[-122.721944847749,47.1155894887278],[-122.722432299397,47.115973550396],[-122.723450595658,47.1165261747137],[-122.725377956746,47.1175263926114],[-122.727512172633,47.1184509457474],[-122.729594271214,47.1193766041557],[-122.731469643256,47.1203775344562],[-122.733671109444,47.1216584334412],[-122.735498899604,47.1227677419861],[-122.736853945716,47.1238503261466],[-122.739465747422,47.1261604789912],[-122.740657870794,47.1271030554238],[-122.742432292976,47.1281774431686],[-122.745057983996,47.1295572013236],[-122.747301946136,47.1305865713307],[-122.749084412227,47.1315964111755],[-122.751102680243,47.1327993930646],[-122.751234587131,47.132877986044],[-122.753606160379,47.1344413155333],[-122.755657600571,47.1358677243378],[-122.757173545016,47.1370185837019],[-122.758740219836,47.1381324733657],[-122.759368007816,47.1386231393127],[-122.75973802206,47.1460591009655],[-122.751190013274,47.1547541430049],[-122.750198014862,47.1582091486051],[-122.748985032247,47.1594801527528],[-122.741946000555,47.1668551558446],[-122.72263399592,47.1870901983177],[-122.720421991598,47.188780176955],[-122.711032963524,47.1959582112715],[-122.731039039301,47.1995192007144],[-122.732539056939,47.2058192121811],[-122.731405081286,47.2067692226654],[-122.716539034383,47.2192192555567],[-122.713760035393,47.2251442450581],[-122.71123904569,47.2305192566654],[-122.67533796412,47.2513203163216],[-122.637666794355,47.2215102510113],[-122.622135724839,47.2092202329933],[-122.623835704247,47.1939201922228],[-122.622735680112,47.188820202193],[-122.616613677955,47.1885861963366],[-122.591334599905,47.187620188737],[-122.584170326654,47.1872149417321],[-122.584121578302,47.1872121728207],[-122.582390561216,47.186276195545],[-122.581719506084,47.1857764350869],[-122.581648575324,47.1856859148796],[-122.581585594995,47.1856190284066],[-122.581515932775,47.185555296369],[-122.581439926899,47.1854950275286],[-122.581357946011,47.1854385161119],[-122.580633564721,47.1848201830713]]]},"properties":{"OBJECTID":7,"District_Number":6,"Maplabel":"District #6","Council_Member":"Jani Hitchen","Phone":"798-3308","Email":"jani.hitchen@piercecountywa.gov","council_homepage":"http://www.co.pierce.wa.us/index.aspx?NID=1405","Address":"930 Tacoma Ave. S., Room 1046 Tacoma, WA 98402"}}]}